time,latitude,longitude,ve,vn
UTC,degrees_north,degrees_east,m/s,m/s
2005-01-01T00:00:00Z,26.43037,-88.44031,0.1259,-0.2351
2005-01-01T01:00:00Z,26.42257,-88.43492,0.1293,-0.2354
2005-01-01T02:00:00Z,26.41452,-88.42876,0.1342,-0.2359
2005-01-01T03:00:00Z,26.4072,-88.42829,0.0576,-0.2407
2005-01-01T04:00:00Z,26.40082,-88.42907,0.0918,-0.2632
2005-01-01T05:00:00Z,26.39174,-88.42498,0.0883,-0.2607
2005-01-01T06:00:00Z,26.38324,-88.42201,0.0904,-0.2607
2005-01-01T07:00:00Z,26.37496,-88.4195,0.0987,-0.2621
2005-01-01T08:00:00Z,26.36682,-88.41675,0.1015,-0.2646
2005-01-01T09:00:00Z,26.35753,-88.41043,0.1257,-0.2646
2005-01-01T10:00:00Z,26.34918,-88.40683,0.074,-0.2452
2005-01-01T11:00:00Z,26.34159,-88.40496,0.0744,-0.2442
2005-01-01T12:00:00Z,26.33382,-88.40275,0.075,-0.2438
2005-01-01T13:00:00Z,26.32596,-88.40037,0.0754,-0.2437
2005-01-01T14:00:00Z,26.31802,-88.39791,0.0758,-0.2438
2005-01-01T15:00:00Z,26.30993,-88.39544,0.0762,-0.244
2005-01-01T16:00:00Z,26.30146,-88.39309,0.0769,-0.2448
2005-01-01T17:00:00Z,26.29546,-88.38963,0.0696,-0.1294
2005-01-01T18:00:00Z,26.29043,-88.38591,0.1277,0.0408
2005-01-01T19:00:00Z,26.29315,-88.38318,0.1111,0.0225
2005-01-01T20:00:00Z,26.29358,-88.37452,0.1817,0.0161
2005-01-01T21:00:00Z,26.29502,-88.36594,0.1578,-0.0013
2005-01-01T22:00:00Z,26.29461,-88.36127,0.1578,-0.0015
2005-01-01T23:00:00Z,26.29439,-88.35608,0.1579,-0.0016
2005-01-02T00:00:00Z,26.2942,-88.35057,0.1579,-0.0017
2005-01-02T01:00:00Z,26.29402,-88.34482,0.1576,-0.0017
2005-01-02T02:00:00Z,26.29378,-88.3388,0.1572,-0.0018
2005-01-02T03:00:00Z,26.29337,-88.33241,0.1564,-0.0018
2005-01-02T04:00:00Z,26.29378,-88.32772,0.0897,0.0448
2005-01-02T05:00:00Z,26.29554,-88.3261,0.1161,0.0624
2005-01-02T06:00:00Z,26.29964,-88.32338,0.0598,0.1119
2005-01-02T07:00:00Z,26.30381,-88.32065,0.06,0.1114
2005-01-02T08:00:00Z,26.3077,-88.31809,0.0295,0.1315
2005-01-02T09:00:00Z,26.31068,-88.31745,0.0311,0.1337
2005-01-02T10:00:00Z,26.3151,-88.31594,0.0315,0.147
2005-01-02T11:00:00Z,26.32007,-88.31472,0.0318,0.1468
2005-01-02T12:00:00Z,26.32491,-88.3136,0.0318,0.1467
2005-01-02T13:00:00Z,26.3297,-88.31256,0.0317,0.1467
2005-01-02T14:00:00Z,26.33445,-88.31163,0.0313,0.1467
2005-01-02T15:00:00Z,26.33915,-88.31089,0.0308,0.1468
2005-01-02T16:00:00Z,26.34396,-88.31075,0.0256,0.1625
2005-01-02T17:00:00Z,26.34996,-88.30689,0.041,0.1676
2005-01-02T18:00:00Z,26.35673,-88.30127,0.0957,0.2134
2005-01-02T19:00:00Z,26.36667,-88.31089,0.0837,0.1411
2005-01-02T20:00:00Z,26.37037,-88.29477,0.0603,0.1446
2005-01-02T21:00:00Z,26.37334,-88.29219,0.0152,0.0467
2005-01-02T22:00:00Z,26.37446,-88.29201,0.0133,0.0464
2005-01-02T23:00:00Z,26.37574,-88.29168,0.0124,0.0463
2005-01-03T00:00:00Z,26.37708,-88.2912,0.0124,0.0462
2005-01-03T01:00:00Z,26.37842,-88.29048,0.0132,0.0462
2005-01-03T02:00:00Z,26.3797,-88.28942,0.0146,0.0462
2005-01-03T03:00:00Z,26.38076,-88.28783,0.0166,0.0462
2005-01-03T04:00:00Z,26.38347,-88.2918,-0.1511,0.052
2005-01-03T05:00:00Z,26.38636,-88.29785,-0.2008,0.117
2005-01-03T06:00:00Z,26.39012,-88.30559,-0.2031,0.1176
2005-01-03T07:00:00Z,26.39287,-88.31268,-0.2032,0.1119
2005-01-03T08:00:00Z,26.39694,-88.32036,-0.2186,0.2454
2005-01-03T09:00:00Z,26.40461,-88.32938,-0.2224,0.2487
2005-01-03T10:00:00Z,26.41202,-88.33164,-0.0517,0.2384
2005-01-03T11:00:00Z,26.41981,-88.33328,-0.0522,0.2386
2005-01-03T12:00:00Z,26.42772,-88.33511,-0.0522,0.2391
2005-01-03T13:00:00Z,26.43584,-88.33708,-0.0519,0.2403
2005-01-03T14:00:00Z,26.44443,-88.33919,-0.0511,0.2429
2005-01-03T15:00:00Z,26.45362,-88.34158,-0.0492,0.2464
2005-01-03T16:00:00Z,26.46054,-88.34283,-0.0213,0.1743
2005-01-03T17:00:00Z,26.4639,-88.34289,-0.0279,0.2207
2005-01-03T18:00:00Z,26.47105,-88.34288,0.0195,0.1718
2005-01-03T19:00:00Z,26.47732,-88.34254,0.0403,0.1449
2005-01-03T20:00:00Z,26.48057,-88.33733,0.0667,0.128
2005-01-03T21:00:00Z,26.48139,-88.33539,0.0189,0.0169
2005-01-03T22:00:00Z,26.48137,-88.33611,0.0231,0.0172
2005-01-03T23:00:00Z,26.48169,-88.33603,0.0256,0.0173
2005-01-04T00:00:00Z,26.48211,-88.33539,0.0265,0.0174
2005-01-04T01:00:00Z,26.48259,-88.33448,0.0266,0.0174
2005-01-04T02:00:00Z,26.48309,-88.33338,0.0257,0.0174
2005-01-04T03:00:00Z,26.48383,-88.33241,-0.0047,0.0144
2005-01-04T04:00:00Z,26.48448,-88.33304,-0.007,0.0152
2005-01-04T05:00:00Z,26.48539,-88.33662,-0.1115,0.0341
2005-01-04T06:00:00Z,26.48666,-88.3412,-0.1122,0.0343
2005-01-04T07:00:00Z,26.48803,-88.34512,-0.1131,0.0346
2005-01-04T08:00:00Z,26.48941,-88.34928,-0.1246,0.0464
2005-01-04T09:00:00Z,26.49045,-88.35477,-0.1378,0.1254
2005-01-04T10:00:00Z,26.49862,-88.35809,-0.1347,0.129
2005-01-04T11:00:00Z,26.50702,-88.36157,-0.1501,0.0727
2005-01-04T12:00:00Z,26.50742,-88.36838,-0.1459,0.0855
2005-01-04T13:00:00Z,26.50769,-88.37416,-0.1446,0.1095
2005-01-04T14:00:00Z,26.51104,-88.37976,-0.1435,0.1111
2005-01-04T15:00:00Z,26.51471,-88.38547,-0.142,0.1099
2005-01-04T16:00:00Z,26.51832,-88.38939,-0.1062,0.0772
2005-01-04T17:00:00Z,26.52264,-88.39227,-0.0367,0.183
2005-01-04T18:00:00Z,26.53145,-88.39237,-0.0199,0.1993
2005-01-04T19:00:00Z,26.55387,-88.38976,0.0686,-0.1522
2005-01-04T20:00:00Z,26.54645,-88.38583,0.0716,-0.1182
2005-01-04T21:00:00Z,26.54413,-88.38401,0.0742,-0.0047
2005-01-04T22:00:00Z,26.54247,-88.38161,0.0613,0.025
2005-01-04T23:00:00Z,26.54383,-88.37896,0.0609,0.0241
2005-01-05T00:00:00Z,26.54478,-88.37649,0.0606,0.0239
2005-01-05T01:00:00Z,26.54559,-88.37402,0.0601,0.0239
2005-01-05T02:00:00Z,26.54631,-88.37142,0.0591,0.0241
2005-01-05T03:00:00Z,26.54736,-88.37125,-0.0614,0.0376
2005-01-05T04:00:00Z,26.54869,-88.3724,-0.0651,0.0376
2005-01-05T05:00:00Z,26.55039,-88.37645,-0.094,0.0545
2005-01-05T06:00:00Z,26.55175,-88.37992,-0.0948,0.0538
2005-01-05T07:00:00Z,26.55277,-88.38298,-0.0952,0.0527
2005-01-05T08:00:00Z,26.55672,-88.39102,-0.2051,0.1132
2005-01-05T09:00:00Z,26.56056,-88.39914,-0.2051,0.114
2005-01-05T10:00:00Z,26.56398,-88.4073,-0.2043,0.1143
2005-01-05T11:00:00Z,26.56698,-88.41678,-0.2449,0.1112
2005-01-05T12:00:00Z,26.57108,-88.42838,-0.267,0.115
2005-01-05T13:00:00Z,26.57568,-88.43806,-0.2674,0.1199
2005-01-05T14:00:00Z,26.58066,-88.43824,-0.2216,0.1244
2005-01-05T15:00:00Z,26.58389,-88.44665,-0.4183,-0.1386
2005-01-05T16:00:00Z,26.57627,-88.46995,-0.3029,-0.0905
2005-01-05T17:00:00Z,26.57336,-88.48103,-0.342,-0.1009
2005-01-05T18:00:00Z,26.57147,-88.49114,-0.3661,-0.1079
2005-01-05T19:00:00Z,26.56805,-88.50514,-0.3495,-0.082
2005-01-05T20:00:00Z,26.56341,-88.53466,-0.4681,-0.0916
2005-01-05T21:00:00Z,26.56246,-88.5375,-0.1629,-0.0907
2005-01-05T22:00:00Z,26.5609,-88.54228,-0.1855,-0.0876
2005-01-05T23:00:00Z,26.55704,-88.55026,-0.1881,-0.0868
2005-01-06T00:00:00Z,26.55352,-88.55746,-0.1896,-0.0864
2005-01-06T01:00:00Z,26.54954,-88.564,-0.1901,-0.0866
2005-01-06T02:00:00Z,26.52751,-88.56972,-0.1902,-0.1879
2005-01-06T03:00:00Z,26.54477,-88.59057,-0.4985,-0.1012
2005-01-06T04:00:00Z,26.54201,-88.60881,-0.3893,-0.2354
2005-01-06T05:00:00Z,26.5338,-88.62234,-0.387,-0.2342
2005-01-06T06:00:00Z,26.52552,-88.63494,-0.3458,-0.2592
2005-01-06T07:00:00Z,26.51739,-88.64753,-0.3457,-0.2589
2005-01-06T08:00:00Z,26.50959,-88.66057,-0.346,-0.2582
2005-01-06T09:00:00Z,26.50144,-88.67339,-0.3484,-0.3384
2005-01-06T10:00:00Z,26.49062,-88.68387,-0.3437,-0.3406
2005-01-06T11:00:00Z,26.4798,-88.69703,-0.3614,-0.3425
2005-01-06T12:00:00Z,26.46864,-88.7107,-0.3631,-0.3425
2005-01-06T13:00:00Z,26.45746,-88.72472,-0.3668,-0.3425
2005-01-06T14:00:00Z,26.44621,-88.74343,-0.4012,-0.3425
2005-01-06T15:00:00Z,26.43482,-88.75868,-0.4012,-0.3425
2005-01-06T16:00:00Z,26.42301,-88.77416,-0.3987,-0.3424
2005-01-06T17:00:00Z,26.41462,-88.77999,-0.1429,-0.3014
2005-01-06T18:00:00Z,26.40566,-88.78558,-0.1644,-0.2844
2005-01-06T19:00:00Z,26.39457,-88.79224,-0.2018,-0.3573
2005-01-06T20:00:00Z,26.38271,-88.79893,-0.1662,-0.4107
2005-01-06T21:00:00Z,26.37102,-88.80664,-0.1744,-0.4088
2005-01-06T22:00:00Z,26.35795,-88.81287,-0.136,-0.4395
2005-01-06T23:00:00Z,26.34309,-88.81715,-0.1369,-0.4404
2005-01-07T00:00:00Z,26.32861,-88.82183,-0.1373,-0.4407
2005-01-07T01:00:00Z,26.31436,-88.8267,-0.1374,-0.4409
2005-01-07T02:00:00Z,26.30038,-88.8317,-0.1372,-0.441
2005-01-07T03:00:00Z,26.28687,-88.83688,-0.1365,-0.441
2005-01-07T04:00:00Z,26.27063,-88.84105,-0.1157,-0.5119
2005-01-07T05:00:00Z,26.25339,-88.84496,-0.0918,-0.511
2005-01-07T06:00:00Z,26.23733,-88.8483,-0.0917,-0.5095
2005-01-07T07:00:00Z,26.22092,-88.85186,-0.0927,-0.509
2005-01-07T08:00:00Z,26.20422,-88.85579,-0.0946,-0.509
2005-01-07T09:00:00Z,26.1892,-88.8559,0.0494,-0.4547
2005-01-07T10:00:00Z,26.17459,-88.8534,0.0477,-0.4535
2005-01-07T11:00:00Z,26.16012,-88.84925,0.0986,-0.4392
2005-01-07T12:00:00Z,26.14591,-88.84579,0.0984,-0.4392
2005-01-07T13:00:00Z,26.1317,-88.8426,0.0975,-0.4392
2005-01-07T14:00:00Z,26.11749,-88.84452,0.0689,-0.4392
2005-01-07T15:00:00Z,26.10329,-88.84304,0.0664,-0.4393
2005-01-07T16:00:00Z,26.08883,-88.8392,0.2471,-0.4593
2005-01-07T17:00:00Z,26.0743,-88.82818,0.2215,-0.4619
2005-01-07T18:00:00Z,26.05779,-88.82112,0.1703,-0.525
2005-01-07T19:00:00Z,26.04041,-88.8152,0.1686,-0.5253
2005-01-07T20:00:00Z,26.02343,-88.80907,0.1529,-0.5347
2005-01-07T21:00:00Z,26.00598,-88.80499,0.143,-0.5353
2005-01-07T22:00:00Z,25.99348,-88.79619,0.2633,-0.3583
2005-01-07T23:00:00Z,25.9827,-88.78556,0.2609,-0.3614
2005-01-08T00:00:00Z,25.97159,-88.77517,0.2575,-0.3643
2005-01-08T01:00:00Z,25.9602,-88.76507,0.2541,-0.3672
2005-01-08T02:00:00Z,25.94857,-88.75519,0.2514,-0.3696
2005-01-08T03:00:00Z,25.93685,-88.74488,0.1813,-0.3349
2005-01-08T04:00:00Z,25.92533,-88.73875,0.1832,-0.3354
2005-01-08T05:00:00Z,25.91431,-88.73221,0.1746,-0.3101
2005-01-08T06:00:00Z,25.90474,-88.72588,0.1745,-0.311
2005-01-08T07:00:00Z,25.89491,-88.71955,0.1745,-0.3116
2005-01-08T08:00:00Z,25.88505,-88.7132,0.1743,-0.3123
2005-01-08T09:00:00Z,25.87494,-88.70713,0.171,-0.2982
2005-01-08T10:00:00Z,25.86447,-88.70049,0.1951,-0.3075
2005-01-08T11:00:00Z,25.85483,-88.69311,0.1964,-0.3068
2005-01-08T12:00:00Z,25.84508,-88.68597,0.1967,-0.3064
2005-01-08T13:00:00Z,25.83537,-88.67898,0.1966,-0.306
2005-01-08T14:00:00Z,25.82587,-88.67227,0.1959,-0.3052
2005-01-08T15:00:00Z,25.81734,-88.66736,0.1898,-0.3017
2005-01-08T16:00:00Z,25.80659,-88.65949,0.2919,-0.2975
2005-01-08T17:00:00Z,25.79447,-88.64869,0.3324,-0.2065
2005-01-08T18:00:00Z,25.78802,-88.63755,0.323,-0.2057
2005-01-08T19:00:00Z,25.78102,-88.62689,0.3185,-0.2031
2005-01-08T20:00:00Z,25.77506,-88.61478,0.3339,-0.157
2005-01-08T21:00:00Z,25.77051,-88.59269,0.4052,-0.152
2005-01-08T22:00:00Z,25.76852,-88.58469,0.1757,-0.0701
2005-01-08T23:00:00Z,25.76658,-88.57866,0.176,-0.0686
2005-01-09T00:00:00Z,25.76443,-88.57252,0.1763,-0.0683
2005-01-09T01:00:00Z,25.76206,-88.56631,0.1766,-0.0685
2005-01-09T02:00:00Z,25.75897,-88.56012,0.177,-0.0709
2005-01-09T03:00:00Z,25.75567,-88.55336,0.1779,0.0669
2005-01-09T04:00:00Z,25.75728,-88.54702,0.1784,0.0743
2005-01-09T05:00:00Z,25.76007,-88.53603,0.3185,0.0899
2005-01-09T06:00:00Z,25.76303,-88.52429,0.3175,0.0899
2005-01-09T07:00:00Z,25.7659,-88.51266,0.3165,0.0901
2005-01-09T08:00:00Z,25.76861,-88.50112,0.3152,0.1024
2005-01-09T09:00:00Z,25.77224,-88.49018,0.3146,0.1047
2005-01-09T10:00:00Z,25.77738,-88.47882,0.3137,0.1903
2005-01-09T11:00:00Z,25.78408,-88.46746,0.3137,0.1905
2005-01-09T12:00:00Z,25.7905,-88.45615,0.3137,0.1906
2005-01-09T13:00:00Z,25.7968,-88.44486,0.3137,0.1906
2005-01-09T14:00:00Z,25.80304,-88.43359,0.3137,0.1906
2005-01-09T15:00:00Z,25.80923,-88.42232,0.3137,0.1907
2005-01-09T16:00:00Z,25.81536,-88.41107,0.3137,0.1907
2005-01-09T17:00:00Z,25.8214,-88.39987,0.3136,0.1908
2005-01-09T18:00:00Z,25.82708,-88.38887,0.3134,0.1909
2005-01-09T19:00:00Z,25.83483,-88.37632,0.3267,0.2811
2005-01-09T20:00:00Z,25.84464,-88.36121,0.4201,0.3127
2005-01-09T21:00:00Z,25.85463,-88.34437,0.4431,0.3219
2005-01-09T22:00:00Z,25.87372,-88.32987,0.428,0.5371
2005-01-09T23:00:00Z,25.89487,-88.31494,0.4262,0.5163
2005-01-10T00:00:00Z,25.91333,-88.30013,0.4244,0.5117
2005-01-10T01:00:00Z,25.93127,-88.28605,0.42,0.514
2005-01-10T02:00:00Z,25.95052,-88.27533,0.4031,0.5215
2005-01-10T03:00:00Z,25.96197,-88.25659,0.6224,0.5347
2005-01-10T04:00:00Z,25.97811,-88.23408,0.69,0.648
2005-01-10T05:00:00Z,25.99847,-88.20734,0.6843,0.6528
2005-01-10T06:00:00Z,26.01971,-88.18247,0.6658,0.7062
2005-01-10T07:00:00Z,26.04282,-88.15933,0.6733,0.7059
2005-01-10T08:00:00Z,26.06567,-88.13497,0.657,0.7974
2005-01-10T09:00:00Z,26.09108,-88.11115,0.6572,0.7979
2005-01-10T10:00:00Z,26.11706,-88.08791,0.6508,0.8165
2005-01-10T11:00:00Z,26.14379,-88.06451,0.6501,0.8167
2005-01-10T12:00:00Z,26.17036,-88.041,0.6503,0.8168
2005-01-10T13:00:00Z,26.19688,-88.01734,0.651,0.8168
2005-01-10T14:00:00Z,26.22339,-87.99351,0.6521,0.8168
2005-01-10T15:00:00Z,26.24989,-87.96946,0.6535,0.8168
2005-01-10T16:00:00Z,26.27642,-87.945,0.6554,0.8169
2005-01-10T17:00:00Z,26.30315,-87.92669,0.4735,0.8264
2005-01-10T18:00:00Z,26.32976,-87.91023,0.519,0.8657
2005-01-10T19:00:00Z,26.35786,-87.89134,0.5308,0.8693
2005-01-10T20:00:00Z,26.38786,-87.86966,0.5915,0.9434
2005-01-10T21:00:00Z,26.4183,-87.85004,0.3405,0.9879
2005-01-10T22:00:00Z,26.45095,-87.83853,0.3423,0.9886
2005-01-10T23:00:00Z,26.4832,-87.82661,0.3436,0.9888
2005-01-11T00:00:00Z,26.5153,-87.81969,0.3799,0.989
2005-01-11T01:00:00Z,26.5473,-87.806,0.3798,0.989
2005-01-11T02:00:00Z,26.57918,-87.79211,0.379,0.989
2005-01-11T03:00:00Z,26.61079,-87.77698,0.3432,0.9889
2005-01-11T04:00:00Z,26.64277,-87.76528,0.3177,0.9935
2005-01-11T05:00:00Z,26.67693,-87.75369,0.3158,1.0009
2005-01-11T06:00:00Z,26.70437,-87.74683,0.2137,0.8431
2005-01-11T07:00:00Z,26.73177,-87.73932,0.2112,0.8404
2005-01-11T08:00:00Z,26.75884,-87.73629,0.0059,0.7958
2005-01-11T09:00:00Z,26.78445,-87.74389,0.0422,0.793
2005-01-11T10:00:00Z,26.80745,-87.74332,-0.016,0.707
2005-01-11T11:00:00Z,26.83008,-87.74315,-0.0139,0.7068
2005-01-11T12:00:00Z,26.85286,-87.73902,0.0298,0.7067
2005-01-11T13:00:00Z,26.87575,-87.73752,0.0295,0.7067
2005-01-11T14:00:00Z,26.89872,-87.73602,0.0281,0.7066
2005-01-11T15:00:00Z,26.92186,-87.73427,0.0166,0.7065
2005-01-11T16:00:00Z,26.94486,-87.73443,-0.1588,0.6052
2005-01-11T17:00:00Z,26.96453,-87.74723,-0.0214,0.6014
2005-01-11T18:00:00Z,26.98214,-87.74776,-0.0286,0.5192
2005-01-11T19:00:00Z,26.99837,-87.74878,0.0046,0.3978
2005-01-11T20:00:00Z,27.01012,-87.74833,0.0066,0.3873
2005-01-11T21:00:00Z,27.0193,-87.75446,-0.4023,0.2267
2005-01-11T22:00:00Z,27.02591,-87.76944,-0.4015,0.2276
2005-01-11T23:00:00Z,27.03295,-87.78419,-0.4012,0.2281
2005-01-12T00:00:00Z,27.04023,-87.79883,-0.401,0.2282
2005-01-12T01:00:00Z,27.04768,-87.81339,-0.4011,0.2279
2005-01-12T02:00:00Z,27.0553,-87.82787,-0.4015,0.2272
2005-01-12T03:00:00Z,27.06332,-87.84218,-0.4027,0.2253
2005-01-12T04:00:00Z,27.06844,-87.85816,-0.4264,0.1433
2005-01-12T05:00:00Z,27.07268,-87.87531,-0.5348,0.0957
2005-01-12T06:00:00Z,27.07557,-87.89541,-0.5384,0.0941
2005-01-12T07:00:00Z,27.07909,-87.9145,-0.5401,0.0942
2005-01-12T08:00:00Z,27.08168,-87.93446,-0.5451,0.0853
2005-01-12T09:00:00Z,27.08215,-87.9591,-0.5825,0.079
2005-01-12T10:00:00Z,27.08592,-87.97685,-0.5039,0.0985
2005-01-12T11:00:00Z,27.08956,-87.99464,-0.5047,0.0972
2005-01-12T12:00:00Z,27.09295,-88.01281,-0.5049,0.0965
2005-01-12T13:00:00Z,27.09625,-88.03124,-0.5044,0.0959
2005-01-12T14:00:00Z,27.09951,-88.04989,-0.5033,0.0953
2005-01-12T15:00:00Z,27.1028,-88.06875,-0.5014,0.0943
2005-01-12T16:00:00Z,27.10553,-88.08308,-0.295,0.097
2005-01-12T17:00:00Z,27.10821,-88.09372,-0.2951,0.0972
2005-01-12T18:00:00Z,27.11159,-88.10318,-0.2632,0.0972
2005-01-12T19:00:00Z,27.11463,-88.11137,-0.1907,0.1023
2005-01-12T20:00:00Z,27.11858,-88.11497,-0.1868,0.1078
2005-01-12T21:00:00Z,27.11802,-88.12194,-0.2098,-0.0611
2005-01-12T22:00:00Z,27.11538,-88.13031,-0.2083,-0.0595
2005-01-12T23:00:00Z,27.11313,-88.13824,-0.2074,-0.0585
2005-01-13T00:00:00Z,27.11114,-88.1459,-0.2072,-0.0583
2005-01-13T01:00:00Z,27.10937,-88.15337,-0.2076,-0.059
2005-01-13T02:00:00Z,27.1078,-88.16063,-0.209,-0.061
2005-01-13T03:00:00Z,27.10585,-88.16848,-0.2364,-0.0769
2005-01-13T04:00:00Z,27.10218,-88.17792,-0.2402,-0.0783
2005-01-13T05:00:00Z,27.1006,-88.19066,-0.3493,-0.0504
2005-01-13T06:00:00Z,27.09939,-88.20413,-0.3557,-0.047
2005-01-13T07:00:00Z,27.09734,-88.21652,-0.354,-0.0483
2005-01-13T08:00:00Z,27.09913,-88.23116,-0.3808,0.0189
2005-01-13T09:00:00Z,27.10072,-88.24821,-0.1873,0.0882
2005-01-13T10:00:00Z,27.11299,-88.25133,-0.2081,0.224
2005-01-13T11:00:00Z,27.11794,-88.25908,-0.2056,0.0347
2005-01-13T12:00:00Z,27.11768,-88.26733,-0.2032,0.0393
2005-01-13T13:00:00Z,27.11412,-88.27501,-0.2022,0.0764
2005-01-13T14:00:00Z,27.11517,-88.28247,-0.2019,0.0834
2005-01-13T15:00:00Z,27.11601,-88.28974,-0.2024,0.0886
2005-01-13T16:00:00Z,27.12128,-88.29667,-0.2001,0.2342
2005-01-13T17:00:00Z,27.12822,-88.30262,-0.0672,0.2351
2005-01-13T18:00:00Z,27.14174,-88.30395,-0.0658,0.3233
2005-01-13T19:00:00Z,27.14301,-88.30487,-0.0189,-0.1888
2005-01-13T20:00:00Z,27.13639,-88.30734,-0.0323,-0.1842
2005-01-13T21:00:00Z,27.12947,-88.29926,0.1032,-0.2396
2005-01-13T22:00:00Z,27.12272,-88.29195,0.0783,-0.3125
2005-01-13T23:00:00Z,27.11145,-88.29073,0.0787,-0.3152
2005-01-14T00:00:00Z,27.10084,-88.28871,0.0805,-0.3162
2005-01-14T01:00:00Z,27.09057,-88.28611,0.0813,-0.3166
2005-01-14T02:00:00Z,27.0806,-88.28315,0.0805,-0.3168
2005-01-14T03:00:00Z,27.06371,-88.29371,-0.4522,-0.6151
2005-01-14T04:00:00Z,27.04385,-88.31009,-0.4528,-0.6159
2005-01-14T05:00:00Z,27.02443,-88.3262,-0.455,-0.6182
2005-01-14T06:00:00Z,27.00405,-88.34241,-0.4484,-0.6384
2005-01-14T07:00:00Z,26.98061,-88.36092,-0.4523,-0.6523
2005-01-14T08:00:00Z,26.97771,-88.37464,-0.3988,-0.0885
2005-01-14T09:00:00Z,26.97468,-88.38911,-0.3976,-0.0876
2005-01-14T10:00:00Z,26.97138,-88.40412,-0.3983,-0.0869
2005-01-14T11:00:00Z,26.97179,-88.41569,-0.3072,0.0463
2005-01-14T12:00:00Z,26.97389,-88.42586,-0.307,0.0444
2005-01-14T13:00:00Z,26.97568,-88.4364,-0.3069,0.043
2005-01-14T14:00:00Z,26.9772,-88.44726,-0.3067,0.0425
2005-01-14T15:00:00Z,26.97845,-88.45844,-0.3064,0.0435
2005-01-14T16:00:00Z,26.97939,-88.47009,-0.3057,0.0471
2005-01-14T17:00:00Z,26.98239,-88.47029,0.1644,0.0806
2005-01-14T18:00:00Z,26.98546,-88.46306,0.155,0.1613
2005-01-14T19:00:00Z,26.98646,-88.46419,0.0016,0.0123
2005-01-14T20:00:00Z,26.98315,-88.46289,4.0E-4,-0.0213
2005-01-14T21:00:00Z,26.9779,-88.46459,0.0469,-0.1744
2005-01-14T22:00:00Z,26.98882,-88.46372,0.0272,-0.294
2005-01-14T23:00:00Z,26.97888,-88.46184,0.0272,-0.2926
2005-01-15T00:00:00Z,26.96929,-88.46029,0.0273,-0.2922
2005-01-15T01:00:00Z,26.95989,-88.45875,0.0273,-0.2926
2005-01-15T02:00:00Z,26.95062,-88.45707,0.027,-0.2939
2005-01-15T03:00:00Z,26.94151,-88.4551,0.0259,-0.297
2005-01-15T04:00:00Z,26.93209,-88.45446,-0.119,-0.2984
2005-01-15T05:00:00Z,26.92105,-88.45834,-0.1222,-0.2984
2005-01-15T06:00:00Z,26.91265,-88.468,-0.2476,-0.258
2005-01-15T07:00:00Z,26.90456,-88.47903,-0.2428,-0.2572
2005-01-15T08:00:00Z,26.89591,-88.48957,-0.2397,-0.256
2005-01-15T09:00:00Z,26.88837,-88.4976,-0.2172,-0.2153
2005-01-15T10:00:00Z,26.88242,-88.50303,-0.2299,-0.2103
2005-01-15T11:00:00Z,26.88577,-88.5119,-0.2162,0.1215
2005-01-15T12:00:00Z,26.89007,-88.52022,-0.2158,0.1207
2005-01-15T13:00:00Z,26.8941,-88.52833,-0.2155,0.1204
2005-01-15T14:00:00Z,26.89795,-88.53637,-0.2152,0.1207
2005-01-15T15:00:00Z,26.90163,-88.54443,-0.2148,0.1219
2005-01-15T16:00:00Z,26.90516,-88.55243,-0.2136,0.1454
2005-01-15T17:00:00Z,26.91139,-88.55894,-0.211,0.1516
2005-01-15T18:00:00Z,26.9188,-88.56527,-0.166,0.2149
2005-01-15T19:00:00Z,26.92517,-88.57112,-0.1484,0.1913
2005-01-15T20:00:00Z,26.9311,-88.57633,0.1226,0.0369
2005-01-15T21:00:00Z,26.93464,-88.57202,0.1233,0.0372
2005-01-15T22:00:00Z,26.93832,-88.56818,0.1208,0.004
2005-01-15T23:00:00Z,26.93586,-88.56357,0.1208,0.0193
2005-01-16T00:00:00Z,26.93601,-88.55902,0.1208,0.0206
2005-01-16T01:00:00Z,26.93667,-88.55444,0.1207,0.0203
2005-01-16T02:00:00Z,26.9376,-88.54973,0.1206,0.0186
2005-01-16T03:00:00Z,26.93881,-88.54469,0.1202,-0.0015
2005-01-16T04:00:00Z,26.93432,-88.54184,0.0286,-0.1442
2005-01-16T05:00:00Z,26.92866,-88.54104,-0.0613,-0.1117
2005-01-16T06:00:00Z,26.92579,-88.54418,-0.0618,-0.1116
2005-01-16T07:00:00Z,26.92236,-88.54663,-0.0622,-0.1114
2005-01-16T08:00:00Z,26.91849,-88.54842,-0.064,-0.1103
2005-01-16T09:00:00Z,26.91574,-88.55188,-0.093,-0.0807
2005-01-16T10:00:00Z,26.91387,-88.55572,-0.0876,0.0467
2005-01-16T11:00:00Z,26.91607,-88.55847,-0.0858,0.0463
2005-01-16T12:00:00Z,26.9179,-88.56145,-0.0852,0.046
2005-01-16T13:00:00Z,26.91957,-88.56455,-0.0852,0.0458
2005-01-16T14:00:00Z,26.92115,-88.56784,-0.0856,0.0457
2005-01-16T15:00:00Z,26.92265,-88.57151,-0.0867,0.0457
2005-01-16T16:00:00Z,26.92402,-88.5742,0.0018,0.0525
2005-01-16T17:00:00Z,26.9258,-88.57377,3.0E-4,0.0525
2005-01-16T18:00:00Z,26.92719,-88.57248,0.0428,0.0421
2005-01-16T19:00:00Z,26.9285,-88.57132,0.0424,0.042
2005-01-16T20:00:00Z,26.92959,-88.56956,0.1094,0.0193
2005-01-16T21:00:00Z,26.93062,-88.56505,0.1086,0.0189
2005-01-16T22:00:00Z,26.93074,-88.56087,0.1287,-0.0038
2005-01-16T23:00:00Z,26.93046,-88.55628,0.1286,-0.004
2005-01-17T00:00:00Z,26.93032,-88.55171,0.1286,-0.0041
2005-01-17T01:00:00Z,26.93028,-88.54718,0.1285,-0.0041
2005-01-17T02:00:00Z,26.93041,-88.54279,0.1284,-0.004
2005-01-17T03:00:00Z,26.93085,-88.53838,0.1553,-0.0861
2005-01-17T04:00:00Z,26.92816,-88.53185,0.1517,-0.0882
2005-01-17T05:00:00Z,26.92536,-88.52651,0.1549,-0.0994
2005-01-17T06:00:00Z,26.92196,-88.52094,0.1549,-0.0991
2005-01-17T07:00:00Z,26.9186,-88.51519,0.1545,-0.0987
2005-01-17T08:00:00Z,26.91514,-88.5092,0.1531,-0.0978
2005-01-17T09:00:00Z,26.91265,-88.50467,0.1273,-0.081
2005-01-17T10:00:00Z,26.91018,-88.49976,0.1371,-0.0617
2005-01-17T11:00:00Z,26.9083,-88.49455,0.1383,-0.0614
2005-01-17T12:00:00Z,26.90637,-88.48949,0.1385,-0.0613
2005-01-17T13:00:00Z,26.90444,-88.48457,0.1382,-0.0613
2005-01-17T14:00:00Z,26.90253,-88.48002,0.1369,-0.0612
2005-01-17T15:00:00Z,26.90075,-88.47896,0.1215,-0.061
2005-01-17T16:00:00Z,26.89896,-88.46967,0.1422,-0.0525
2005-01-17T17:00:00Z,26.89667,-88.46293,0.1489,-0.008
2005-01-17T18:00:00Z,26.8966,-88.45883,0.1441,-0.0074
2005-01-17T19:00:00Z,26.89615,-88.45504,0.1491,-0.0062
2005-01-17T20:00:00Z,26.89685,-88.44825,0.1936,0.03
2005-01-17T21:00:00Z,26.89838,-88.43923,0.1941,0.036
2005-01-17T22:00:00Z,26.9027,-88.4206,0.4858,0.1067
2005-01-17T23:00:00Z,26.90649,-88.40116,0.5063,0.1073
2005-01-18T00:00:00Z,26.91018,-88.38242,0.5087,0.1077
2005-01-18T01:00:00Z,26.91391,-88.36478,0.5059,0.108
2005-01-18T02:00:00Z,26.91786,-88.34981,0.4896,0.1087
2005-01-18T03:00:00Z,26.92053,-88.33011,0.7292,0.0994
2005-01-18T04:00:00Z,26.92302,-88.30418,0.7461,0.0971
2005-01-18T05:00:00Z,26.92412,-88.27436,0.813,0.0483
2005-01-18T06:00:00Z,26.91102,-88.24463,0.8398,0.2352
2005-01-18T07:00:00Z,26.92802,-88.21451,0.8414,0.0864
2005-01-18T08:00:00Z,26.93025,-88.18499,0.9069,0.1363
2005-01-18T09:00:00Z,26.93403,-88.1522,0.908,0.1341
2005-01-18T10:00:00Z,26.93423,-88.11911,0.9251,-0.1168
2005-01-18T11:00:00Z,26.92994,-88.08522,0.9269,-0.1172
2005-01-18T12:00:00Z,26.92585,-88.05141,0.9277,-0.1173
2005-01-18T13:00:00Z,26.92188,-88.01766,0.9281,-0.1173
2005-01-18T14:00:00Z,26.91801,-87.98397,0.9281,-0.1173
2005-01-18T15:00:00Z,26.91422,-87.95039,0.9277,-0.1174
2005-01-18T16:00:00Z,26.91053,-87.91698,0.927,-0.1175
2005-01-18T17:00:00Z,26.90703,-87.88387,0.9257,-0.1176
2005-01-18T18:00:00Z,26.90406,-87.85142,0.9232,-0.1175
2005-01-18T19:00:00Z,26.8977,-87.8127,1.0501,-0.1288
2005-01-18T20:00:00Z,26.89413,-87.77482,1.0567,-0.0945
2005-01-18T21:00:00Z,26.891,-87.73625,1.2843,-0.0848
2005-01-18T22:00:00Z,26.88794,-87.68906,1.2859,-0.0876
2005-01-18T23:00:00Z,26.88494,-87.64204,1.2866,-0.0888
2005-01-19T00:00:00Z,26.88199,-87.5951,1.287,-0.0892
2005-01-19T01:00:00Z,26.87913,-87.5482,1.2872,-0.0891
2005-01-19T02:00:00Z,26.8764,-87.50129,1.2874,-0.0885
2005-01-19T03:00:00Z,26.87391,-87.45434,1.2875,-0.0872
2005-01-19T04:00:00Z,26.86778,-87.40688,1.3,-0.4783
2005-01-19T05:00:00Z,26.84531,-87.36049,1.2977,-0.1847
2005-01-19T06:00:00Z,26.83673,-87.30887,1.4845,-0.3949
2005-01-19T07:00:00Z,26.82383,-87.25486,1.4851,-0.3912
2005-01-19T08:00:00Z,26.8106,-87.20171,1.5588,-0.3301
2005-01-19T09:00:00Z,26.80085,-87.1457,1.5624,-0.3297
2005-01-19T10:00:00Z,26.79754,-87.08926,1.5716,0.0191
2005-01-19T11:00:00Z,26.79854,-87.03214,1.5714,0.019
2005-01-19T12:00:00Z,26.79936,-86.97507,1.5713,0.0189
2005-01-19T13:00:00Z,26.80007,-86.91801,1.5712,0.0189
2005-01-19T14:00:00Z,26.80069,-86.86095,1.571,0.019
2005-01-19T15:00:00Z,26.80123,-86.80385,1.5707,0.0192
2005-01-19T16:00:00Z,26.80161,-86.74659,1.57,0.0196
2005-01-19T17:00:00Z,26.83686,-86.6908,1.5544,0.1756
2005-01-19T18:00:00Z,26.84743,-86.63522,1.4877,0.8062
2005-01-19T19:00:00Z,26.87305,-86.58276,1.4898,0.8097
2005-01-19T20:00:00Z,26.90125,-86.52762,1.4882,0.8615
2005-01-19T21:00:00Z,26.93051,-86.47693,1.07,0.9666
2005-01-19T22:00:00Z,26.96243,-86.4384,1.0696,0.9681
2005-01-19T23:00:00Z,26.99418,-86.39977,1.0692,0.969
2005-01-20T00:00:00Z,27.0259,-86.36113,1.0689,0.9696
2005-01-20T01:00:00Z,27.05768,-86.33091,1.1444,0.9702
2005-01-20T02:00:00Z,27.08962,-86.28941,1.1445,0.9709
2005-01-20T03:00:00Z,27.12197,-86.24785,1.1445,0.9716
2005-01-20T04:00:00Z,27.15171,-86.20644,1.0646,0.8042
2005-01-20T05:00:00Z,27.17924,-86.16519,1.0718,0.7927
2005-01-20T06:00:00Z,27.20157,-86.13648,0.7848,0.7119
2005-01-20T07:00:00Z,27.22482,-86.10747,0.783,0.7078
2005-01-20T08:00:00Z,27.24626,-86.08193,0.4987,0.6221
2005-01-20T09:00:00Z,27.26532,-86.06198,0.4917,0.6191
2005-01-20T10:00:00Z,27.27952,-86.04464,0.4763,0.456
2005-01-20T11:00:00Z,27.29378,-86.02767,0.4761,0.4574
2005-01-20T12:00:00Z,27.30835,-86.01046,0.4759,0.458
2005-01-20T13:00:00Z,27.32307,-85.99312,0.4757,0.4584
2005-01-20T14:00:00Z,27.33788,-85.97566,0.4756,0.4584
2005-01-20T15:00:00Z,27.35277,-85.95803,0.4754,0.4581
2005-01-20T16:00:00Z,27.36729,-85.94195,0.2758,0.4315
2005-01-20T17:00:00Z,27.38101,-85.93267,0.2788,0.4283
2005-01-20T18:00:00Z,27.3909,-85.92094,0.3315,0.2939
2005-01-20T19:00:00Z,27.40052,-85.90938,0.3828,0.2735
2005-01-20T20:00:00Z,27.4091,-85.89423,0.3884,0.2742
2005-01-20T21:00:00Z,27.41763,-85.88282,0.2347,0.2739
2005-01-20T22:00:00Z,27.42662,-85.87492,0.2338,0.2743
2005-01-20T23:00:00Z,27.43561,-85.86692,0.2334,0.2746
2005-01-21T00:00:00Z,27.44463,-85.85895,0.2334,0.2749
2005-01-21T01:00:00Z,27.45373,-85.85115,0.2345,0.2753
2005-01-21T02:00:00Z,27.46301,-85.84404,0.2478,0.276
2005-01-21T03:00:00Z,27.47286,-85.83623,0.2199,0.2753
2005-01-21T04:00:00Z,27.47893,-85.82343,0.2446,0.2504
2005-01-21T05:00:00Z,27.48641,-85.81325,0.2967,0.2157
2005-01-21T06:00:00Z,27.49379,-85.80371,0.2914,0.216
2005-01-21T07:00:00Z,27.50125,-85.79485,0.2855,0.216
2005-01-21T08:00:00Z,27.50751,-85.78247,0.3881,0.1956
2005-01-21T09:00:00Z,27.51284,-85.7681,0.396,0.0724
2005-01-21T10:00:00Z,27.51395,-85.75391,0.3946,0.0653
2005-01-21T11:00:00Z,27.51566,-85.73958,0.3946,0.0663
2005-01-21T12:00:00Z,27.5176,-85.72521,0.3947,0.0668
2005-01-21T13:00:00Z,27.51963,-85.71083,0.3947,0.0672
2005-01-21T14:00:00Z,27.52172,-85.69644,0.3947,0.0675
2005-01-21T15:00:00Z,27.52381,-85.68206,0.3947,0.0678
2005-01-21T16:00:00Z,27.5256,-85.66796,0.3864,0.0478
2005-01-21T17:00:00Z,27.5279,-85.65351,0.3856,0.0487
2005-01-21T18:00:00Z,27.52418,-85.64059,0.3666,-0.0634
2005-01-21T19:00:00Z,27.52198,-85.62789,0.3358,-0.0575
2005-01-21T20:00:00Z,27.5204,-85.61404,0.3459,-0.052
2005-01-21T21:00:00Z,27.52024,-85.602,0.3109,0.0139
2005-01-21T22:00:00Z,27.5209,-85.59102,0.3113,0.0139
2005-01-21T23:00:00Z,27.52142,-85.57985,0.3115,0.0139
2005-01-22T00:00:00Z,27.52189,-85.56858,0.3116,0.014
2005-01-22T01:00:00Z,27.52229,-85.55728,0.3117,0.014
2005-01-22T02:00:00Z,27.52259,-85.54594,0.3118,0.0142
2005-01-22T03:00:00Z,27.52346,-85.53435,0.3108,0.0324
2005-01-22T04:00:00Z,27.52518,-85.52293,0.3115,0.0366
2005-01-22T05:00:00Z,27.5296,-85.5106,0.3329,0.1233
2005-01-22T06:00:00Z,27.53389,-85.49791,0.335,0.126
2005-01-22T07:00:00Z,27.53683,-85.48423,0.3402,0.1215
2005-01-22T08:00:00Z,27.54416,-85.47323,0.3392,0.1893
2005-01-22T09:00:00Z,27.5505,-85.46174,0.5385,0.2296
2005-01-22T10:00:00Z,27.55827,-85.44209,0.5395,0.2323
2005-01-22T11:00:00Z,27.56079,-85.422,0.5661,-0.0065
2005-01-22T12:00:00Z,27.55885,-85.40117,0.5669,0.0055
2005-01-22T13:00:00Z,27.5574,-85.38069,0.5666,0.0223
2005-01-22T14:00:00Z,27.55815,-85.36061,0.5657,0.0215
2005-01-22T15:00:00Z,27.55949,-85.34147,0.6522,-0.0217
2005-01-22T16:00:00Z,27.55824,-85.3165,0.6406,-0.0397
2005-01-22T17:00:00Z,27.55627,-85.29342,0.595,-0.1114
2005-01-22T18:00:00Z,27.55272,-85.27143,0.5888,-0.1154
2005-01-22T19:00:00Z,27.54818,-85.25125,0.5122,-0.179
2005-01-22T20:00:00Z,27.54218,-85.23329,0.5165,-0.1825
2005-01-22T21:00:00Z,27.53177,-85.2141,0.5154,-0.285
2005-01-22T22:00:00Z,27.51753,-85.19602,0.5176,-0.2729
2005-01-22T23:00:00Z,27.51245,-85.17669,0.5201,-0.2872
2005-01-23T00:00:00Z,27.50414,-85.15741,0.5213,-0.2878
2005-01-23T01:00:00Z,27.49539,-85.13805,0.5224,-0.2878
2005-01-23T02:00:00Z,27.48675,-85.11841,0.5239,-0.2875
2005-01-23T03:00:00Z,27.47587,-85.10694,0.2593,-0.3212
2005-01-23T04:00:00Z,27.46387,-85.09747,0.2713,-0.3795
2005-01-23T05:00:00Z,27.45276,-85.08708,0.2775,-0.3696
2005-01-23T06:00:00Z,27.4397,-85.07077,0.4962,-0.4263
2005-01-23T07:00:00Z,27.42305,-85.04921,0.4422,-0.3956
2005-01-23T08:00:00Z,27.41203,-85.03431,0.4562,-0.412
2005-01-23T09:00:00Z,27.39873,-85.01836,0.3938,-0.4023
2005-01-23T10:00:00Z,27.38506,-85.00343,0.3989,-0.4102
2005-01-23T11:00:00Z,27.36281,-84.99723,0.1323,-0.746
2005-01-23T12:00:00Z,27.33807,-84.99495,0.0928,-0.7434
2005-01-23T13:00:00Z,27.31402,-84.99089,0.0921,-0.7441
2005-01-23T14:00:00Z,27.2905,-84.98258,0.1243,-0.7492
2005-01-23T15:00:00Z,27.26625,-84.98018,0.0117,-0.7726
2005-01-23T16:00:00Z,27.24031,-84.98423,0.0655,-0.7685
2005-01-23T17:00:00Z,27.21634,-84.98032,0.125,-0.7477
2005-01-23T18:00:00Z,27.19275,-84.9759,0.1255,-0.6792
2005-01-23T19:00:00Z,27.17718,-84.97133,0.0859,-0.4492
2005-01-23T20:00:00Z,27.16203,-84.96905,0.0858,-0.454
2005-01-23T21:00:00Z,27.14612,-84.96672,0.0853,-0.4623
2005-01-23T22:00:00Z,27.13141,-84.96383,0.0968,-0.3927
2005-01-23T23:00:00Z,27.1197,-84.95925,0.0919,-0.3919
2005-01-24T00:00:00Z,27.1075,-84.95502,0.086,-0.391
2005-01-24T01:00:00Z,27.09476,-84.951,0.0762,-0.3898
2005-01-24T02:00:00Z,27.08281,-84.94804,0.1135,-0.2615
2005-01-24T03:00:00Z,27.0852,-84.94483,0.1167,-0.2823
2005-01-24T04:00:00Z,27.0762,-84.94011,0.1872,-0.3156
2005-01-24T05:00:00Z,27.0579,-84.93339,0.1925,-0.2531
2005-01-24T06:00:00Z,27.04693,-84.92197,0.2914,-0.4197
2005-01-24T07:00:00Z,27.04678,-84.90836,0.3912,-0.5727
2005-01-24T08:00:00Z,27.02765,-84.89314,0.391,-0.5734
2005-01-24T09:00:00Z,27.009,-84.87743,0.3919,-0.5743
2005-01-24T10:00:00Z,26.99062,-84.85052,0.4716,-0.5755
2005-01-24T11:00:00Z,26.96455,-84.83872,0.338,-0.8158
2005-01-24T12:00:00Z,26.93799,-84.82757,0.3417,-0.8156
2005-01-24T13:00:00Z,26.91166,-84.82073,0.3861,-0.8161
2005-01-24T14:00:00Z,26.8855,-84.80766,0.3926,-0.8175
2005-01-24T15:00:00Z,26.85951,-84.79402,0.3969,-0.8206
2005-01-24T16:00:00Z,26.83344,-84.78029,0.431,-0.8916
2005-01-24T17:00:00Z,26.80303,-84.76374,0.4345,-0.9011
2005-01-24T18:00:00Z,26.7758,-84.7476,0.4577,-0.8601
2005-01-24T19:00:00Z,26.74778,-84.73876,0.279,-0.8327
2005-01-24T20:00:00Z,26.7173,-84.70944,0.3305,-1.3471
2005-01-24T21:00:00Z,26.67331,-84.71967,0.276,-1.3451
2005-01-24T22:00:00Z,26.62944,-84.70887,0.3275,-1.369
2005-01-24T23:00:00Z,26.58546,-84.69662,0.3271,-1.3657
2005-01-25T00:00:00Z,26.54161,-84.68443,0.3267,-1.3636
2005-01-25T01:00:00Z,26.4979,-84.6634,0.2653,-1.3621
2005-01-25T02:00:00Z,26.45436,-84.63802,0.3281,-1.3609
2005-01-25T03:00:00Z,26.41111,-84.62569,0.3233,-1.3604
2005-01-25T04:00:00Z,26.36216,-84.6265,-0.0616,-1.5619
2005-01-25T05:00:00Z,26.31215,-84.62863,-0.035,-1.5537
2005-01-25T06:00:00Z,26.26155,-84.62937,-0.0309,-1.555
2005-01-25T07:00:00Z,26.21074,-84.63062,-0.0311,-1.557
2005-01-25T08:00:00Z,26.15911,-84.63295,-0.0357,-1.562
2005-01-25T09:00:00Z,26.11065,-84.63251,0.1185,-1.5311
2005-01-25T10:00:00Z,26.06354,-84.62934,0.1508,-0.7685
2005-01-25T11:00:00Z,26.03884,-84.62335,0.1527,-0.7682
2005-01-25T12:00:00Z,26.01402,-84.61764,0.1536,-0.7681
2005-01-25T13:00:00Z,25.98912,-84.61213,0.1537,-0.768
2005-01-25T14:00:00Z,25.96414,-84.60685,0.1533,-0.768
2005-01-25T15:00:00Z,25.93901,-84.6019,0.1524,-0.7679
2005-01-25T16:00:00Z,25.91971,-84.59456,0.2251,-0.4003
2005-01-25T17:00:00Z,25.90734,-84.58132,0.195,-0.405
2005-01-25T18:00:00Z,25.89311,-84.57605,0.146,-0.4309
2005-01-25T19:00:00Z,25.87918,-84.57117,0.1469,-0.4319
2005-01-25T20:00:00Z,25.86505,-84.56585,0.1359,-0.4466
2005-01-25T21:00:00Z,25.84878,-84.56155,0.1326,-0.4603
2005-01-25T22:00:00Z,25.83641,-84.55739,0.1222,-0.394
2005-01-25T23:00:00Z,25.82441,-84.55285,0.1228,-0.3949
2005-01-26T00:00:00Z,25.81213,-84.54822,0.1235,-0.3957
2005-01-26T01:00:00Z,25.79975,-84.54328,0.1252,-0.3964
2005-01-26T02:00:00Z,25.7875,-84.52834,0.1755,-0.3973
2005-01-26T03:00:00Z,25.77515,-84.52337,-0.0059,-0.3778
2005-01-26T04:00:00Z,25.76061,-84.53123,0.0583,-0.386
2005-01-26T05:00:00Z,25.75231,-84.52912,0.0243,-0.146
2005-01-26T06:00:00Z,25.74767,-84.52718,0.0202,-0.1451
2005-01-26T07:00:00Z,25.74268,-84.52513,0.0092,-0.1438
2005-01-26T08:00:00Z,25.73732,-84.52358,-0.0108,-0.1406
2005-01-26T09:00:00Z,25.73891,-84.5255,-0.0831,0.1065
2005-01-26T10:00:00Z,25.74136,-84.52792,-0.0798,0.0887
2005-01-26T11:00:00Z,25.74468,-84.53103,-0.0806,0.0929
2005-01-26T12:00:00Z,25.74884,-84.53415,-0.0814,0.1032
2005-01-26T13:00:00Z,25.75292,-84.53739,-0.0823,0.1075
2005-01-26T14:00:00Z,25.75707,-84.54089,-0.0836,0.11
2005-01-26T15:00:00Z,25.76151,-84.54493,-0.0856,0.1123
2005-01-26T16:00:00Z,25.75999,-84.54503,0.0257,-0.0905
2005-01-26T17:00:00Z,25.75717,-84.54445,0.0307,-0.1192
2005-01-26T18:00:00Z,25.75295,-84.54293,0.032,-0.1212
2005-01-26T19:00:00Z,25.74923,-84.54125,0.0331,-0.1215
2005-01-26T20:00:00Z,25.74397,-84.5404,0.0319,-0.1703
2005-01-26T21:00:00Z,25.73782,-84.54094,0.0295,-0.1775
2005-01-26T22:00:00Z,25.72717,-84.53898,0.0332,-0.2843
2005-01-26T23:00:00Z,25.71758,-84.53737,0.0331,-0.2848
2005-01-27T00:00:00Z,25.70826,-84.53592,0.033,-0.2851
2005-01-27T01:00:00Z,25.69914,-84.53449,0.0329,-0.2852
2005-01-27T02:00:00Z,25.69029,-84.53295,0.0327,-0.2853
2005-01-27T03:00:00Z,25.67713,-84.53254,0.0166,-0.4517
2005-01-27T04:00:00Z,25.66026,-84.53286,0.0068,-0.4332
2005-01-27T05:00:00Z,25.64738,-84.54232,-0.1631,-0.4406
2005-01-27T06:00:00Z,25.63349,-84.54928,-0.1563,-0.4418
2005-01-27T07:00:00Z,25.61936,-84.55531,-0.1538,-0.4424
2005-01-27T08:00:00Z,25.6051,-84.561,-0.1853,-0.4219
2005-01-27T09:00:00Z,25.59087,-84.56624,-0.1776,-0.4247
2005-01-27T10:00:00Z,25.57859,-84.57272,-0.1908,-0.3534
2005-01-27T11:00:00Z,25.56829,-84.58058,-0.1986,-0.347
2005-01-27T12:00:00Z,25.55821,-84.58868,-0.2045,-0.3415
2005-01-27T13:00:00Z,25.54908,-84.60345,-0.2508,-0.3325
2005-01-27T14:00:00Z,25.54045,-84.61475,-0.2595,-0.3248
2005-01-27T15:00:00Z,25.53026,-84.62342,-0.0904,-0.48
2005-01-27T16:00:00Z,25.51085,-84.61733,-0.2069,-0.36
2005-01-27T17:00:00Z,25.49773,-84.62574,-0.3264,-0.4958
2005-01-27T18:00:00Z,25.48271,-84.63623,-0.3489,-0.4995
2005-01-27T19:00:00Z,25.46493,-84.65129,-0.4542,-0.5263
2005-01-27T20:00:00Z,25.44695,-84.66441,-0.3597,-0.5788
2005-01-27T21:00:00Z,25.42765,-84.69309,-0.2818,-0.7796
2005-01-27T22:00:00Z,25.40066,-84.69177,-0.3444,-0.7713
2005-01-27T23:00:00Z,25.37407,-84.70293,-0.346,-0.758
2005-01-28T00:00:00Z,25.34916,-84.71481,-0.3465,-0.7547
2005-01-28T01:00:00Z,25.32506,-84.72673,-0.3469,-0.7623
2005-01-28T02:00:00Z,25.30118,-84.73807,-0.506,-1.0816
2005-01-28T03:00:00Z,25.2665,-84.75588,-0.5084,-1.0843
2005-01-28T04:00:00Z,25.23103,-84.77425,-0.5404,-1.1493
2005-01-28T05:00:00Z,25.19393,-84.79418,-0.5441,-1.1566
2005-01-28T06:00:00Z,25.15502,-84.82129,-0.7909,-1.2373
2005-01-28T07:00:00Z,25.11521,-84.85966,-0.8213,-1.239
2005-01-28T08:00:00Z,25.07553,-84.89076,-0.8928,-1.2426
2005-01-28T09:00:00Z,25.0338,-84.90573,-0.7873,-1.2459
2005-01-28T10:00:00Z,24.99311,-84.93613,-0.8907,-1.2513
2005-01-28T11:00:00Z,24.95298,-84.96829,-0.891,-1.2502
2005-01-28T12:00:00Z,24.91284,-85.00038,-0.8913,-1.2492
2005-01-28T13:00:00Z,24.87283,-85.03249,-0.8916,-1.2477
2005-01-28T14:00:00Z,24.83329,-85.07109,-0.8471,-1.2445
2005-01-28T15:00:00Z,24.79448,-85.11273,-0.8877,-1.2395
2005-01-28T16:00:00Z,24.75599,-85.14537,-0.888,-1.2358
2005-01-28T17:00:00Z,24.71117,-85.17398,-0.9407,-1.4273
2005-01-28T18:00:00Z,24.66471,-85.19389,-1.1554,-1.5003
2005-01-28T19:00:00Z,24.61628,-85.24148,-1.0037,-1.5077
2005-01-28T20:00:00Z,24.56613,-85.27681,-1.0475,-1.5374
2005-01-28T21:00:00Z,24.51896,-85.30854,-0.6299,-1.2808
2005-01-28T22:00:00Z,24.47795,-85.33063,-0.6294,-1.2791
2005-01-28T23:00:00Z,24.43677,-85.35291,-0.6294,-1.2781
2005-01-29T00:00:00Z,24.39546,-85.37532,-0.6295,-1.2777
2005-01-29T01:00:00Z,24.35397,-85.39791,-0.6298,-1.2779
2005-01-29T02:00:00Z,24.31225,-85.42083,-0.6305,-1.2787
2005-01-29T03:00:00Z,24.27015,-85.44454,-0.6324,-1.2799
2005-01-29T04:00:00Z,24.23446,-85.46521,-0.5123,-1.0658
2005-01-29T05:00:00Z,24.20088,-85.48354,-0.4698,-1.1076
2005-01-29T06:00:00Z,24.16433,-85.49969,-0.4635,-1.1135
2005-01-29T07:00:00Z,24.12848,-85.5166,-0.4658,-1.1145
2005-01-29T08:00:00Z,24.0914,-85.53118,-0.2625,-1.1503
2005-01-29T09:00:00Z,24.05223,-85.54136,-0.2583,-1.1617
2005-01-29T10:00:00Z,24.02391,-85.55015,-0.2457,-0.8127
2005-01-29T11:00:00Z,23.99781,-85.55867,-0.2455,-0.8127
2005-01-29T12:00:00Z,23.97153,-85.56731,-0.2455,-0.8125
2005-01-29T13:00:00Z,23.94513,-85.57602,-0.2455,-0.8123
2005-01-29T14:00:00Z,23.91859,-85.58479,-0.2455,-0.812
2005-01-29T15:00:00Z,23.89188,-85.59366,-0.2457,-0.8113
2005-01-29T16:00:00Z,23.86751,-85.59677,0.2434,-0.5494
2005-01-29T17:00:00Z,23.8494,-85.58738,0.2419,-0.5464
2005-01-29T18:00:00Z,23.83453,-85.58184,0.1707,-0.4578
2005-01-29T19:00:00Z,23.82027,-85.57631,0.1574,-0.3955
2005-01-29T20:00:00Z,23.80739,-85.5703,0.1625,-0.3947
2005-01-29T21:00:00Z,23.79431,-85.56299,0.2486,-0.3835
2005-01-29T22:00:00Z,23.78195,-85.554,0.2485,-0.3835
2005-01-29T23:00:00Z,23.76956,-85.54515,0.2485,-0.3835
2005-01-30T00:00:00Z,23.75718,-85.53636,0.2485,-0.3836
2005-01-30T01:00:00Z,23.74479,-85.52764,0.2487,-0.3836
2005-01-30T02:00:00Z,23.73243,-85.51902,0.249,-0.3837
2005-01-30T03:00:00Z,23.72036,-85.51052,0.2938,-0.3721
2005-01-30T04:00:00Z,23.708,-85.49983,0.3013,-0.372
2005-01-30T05:00:00Z,23.69684,-85.48842,0.3438,-0.3135
2005-01-30T06:00:00Z,23.68701,-85.47596,0.3439,-0.3126
2005-01-30T07:00:00Z,23.67656,-85.46372,0.344,-0.3112
2005-01-30T08:00:00Z,23.66768,-85.45119,0.3645,-0.2682
2005-01-30T09:00:00Z,23.65926,-85.43823,0.4792,-0.2602
2005-01-30T10:00:00Z,23.65042,-85.41932,0.5064,-0.2646
2005-01-30T11:00:00Z,23.64179,-85.40086,0.5075,-0.2645
2005-01-30T12:00:00Z,23.6332,-85.38279,0.5079,-0.2645
2005-01-30T13:00:00Z,23.62463,-85.36511,0.5081,-0.2646
2005-01-30T14:00:00Z,23.6161,-85.34798,0.5076,-0.2646
2005-01-30T15:00:00Z,23.60765,-85.33161,0.5063,-0.2648
2005-01-30T16:00:00Z,23.59925,-85.31123,0.6037,-0.262
2005-01-30T17:00:00Z,23.59082,-85.28927,0.5914,-0.1685
2005-01-30T18:00:00Z,23.58733,-85.26911,0.5879,-0.1669
2005-01-30T19:00:00Z,23.58346,-85.24843,0.5782,-0.1202
2005-01-30T20:00:00Z,23.576,-85.228,0.5787,-0.1433
2005-01-30T21:00:00Z,23.5723,-85.19979,0.8665,-0.101
2005-01-30T22:00:00Z,23.56956,-85.16884,0.8655,-0.1025
2005-01-30T23:00:00Z,23.5666,-85.13807,0.8648,-0.1038
2005-01-31T00:00:00Z,23.56354,-85.10739,0.8643,-0.1051
2005-01-31T01:00:00Z,23.56047,-85.07677,0.8638,-0.1071
2005-01-31T02:00:00Z,23.55746,-85.04617,0.8632,-0.1111
2005-01-31T03:00:00Z,23.55383,-85.01542,0.8795,-0.094
2005-01-31T04:00:00Z,23.5496,-84.98495,0.879,-0.0942
2005-01-31T05:00:00Z,23.54777,-84.95069,0.9594,-0.0628
2005-01-31T06:00:00Z,23.54602,-84.91619,0.9586,-0.0626
2005-01-31T07:00:00Z,23.54396,-84.88173,0.957,-0.062
2005-01-31T08:00:00Z,23.54282,-84.84774,0.9842,-0.0351
2005-01-31T09:00:00Z,23.54266,-84.8138,1.0473,0.068
2005-01-31T10:00:00Z,23.54562,-84.77594,1.0459,0.0669
2005-01-31T11:00:00Z,23.54807,-84.73866,1.0453,0.0665
2005-01-31T12:00:00Z,23.5503,-84.70166,1.0453,0.0665
2005-01-31T13:00:00Z,23.55237,-84.66485,1.0457,0.0668
2005-01-31T14:00:00Z,23.55428,-84.62823,1.0468,0.0676
2005-01-31T15:00:00Z,23.55607,-84.59192,1.0565,0.1251
2005-01-31T16:00:00Z,23.56088,-84.55252,1.068,0.1274
2005-01-31T17:00:00Z,23.56662,-84.51576,1.0098,0.1861
2005-01-31T18:00:00Z,23.57263,-84.48248,1.0168,0.1871
2005-01-31T19:00:00Z,23.57981,-84.44651,0.9652,0.2523
2005-01-31T20:00:00Z,23.58741,-84.41076,0.9633,0.2596
2005-01-31T21:00:00Z,23.59882,-84.37717,0.9714,0.3528
2005-01-31T22:00:00Z,23.61022,-84.34408,0.9718,0.3537
2005-01-31T23:00:00Z,23.62174,-84.31048,0.9917,0.394
2005-02-01T00:00:00Z,23.63502,-84.27315,0.9891,0.3971
2005-02-01T01:00:00Z,23.64974,-84.23674,1.0497,0.4793
2005-02-01T02:00:00Z,23.66491,-84.20346,1.0157,0.4792
2005-02-01T03:00:00Z,23.6808,-84.16305,1.0673,0.4929
2005-02-01T04:00:00Z,23.6992,-84.12415,1.0679,0.5159
2005-02-01T05:00:00Z,23.71758,-84.08548,1.0685,0.5255
2005-02-01T06:00:00Z,23.73098,-84.04894,1.0022,0.4107
2005-02-01T07:00:00Z,23.73887,-84.01295,1.0088,0.4864
2005-02-01T08:00:00Z,23.75704,-83.97854,1.0049,0.4594
2005-02-01T09:00:00Z,23.77171,-83.94129,1.1465,0.4592
2005-02-01T10:00:00Z,23.78629,-83.8999,1.1418,0.4595
2005-02-01T11:00:00Z,23.80132,-83.85879,1.134,0.458
2005-02-01T12:00:00Z,23.81558,-83.8185,1.1607,0.4403
2005-02-01T13:00:00Z,23.82915,-83.77937,1.1108,0.4057
2005-02-01T14:00:00Z,23.8428,-83.73463,1.1826,0.4093
2005-02-01T15:00:00Z,23.85384,-83.6985,1.0882,0.3078
2005-02-01T16:00:00Z,23.86331,-83.66652,1.0651,0.3008
2005-02-01T17:00:00Z,23.86958,-83.62452,1.2052,0.1908
2005-02-01T18:00:00Z,23.87577,-83.58145,1.0586,0.189
2005-02-01T19:00:00Z,23.88044,-83.54387,1.0344,0.1549
2005-02-01T20:00:00Z,23.88603,-83.50733,1.0346,0.1576
2005-02-01T21:00:00Z,23.89339,-83.47074,1.0347,0.1761
2005-02-01T22:00:00Z,23.90077,-83.43416,1.0349,0.1835
2005-02-01T23:00:00Z,23.90362,-83.39763,1.0238,0.0474
2005-02-02T00:00:00Z,23.90363,-83.36097,1.0226,0.0669
2005-02-02T01:00:00Z,23.90589,-83.32522,1.0132,0.0444
2005-02-02T02:00:00Z,23.90793,-83.28945,1.0129,0.0462
2005-02-02T03:00:00Z,23.91005,-83.25361,1.0128,0.0468
2005-02-02T04:00:00Z,23.91138,-83.2182,1.0012,0.0525
2005-02-02T05:00:00Z,23.90966,-83.18275,1.0008,0.0334
2005-02-02T06:00:00Z,23.91264,-83.15004,0.955,0.024
2005-02-02T07:00:00Z,23.91567,-83.11619,0.8951,-0.0966
2005-02-02T08:00:00Z,23.91124,-83.0863,0.8932,-0.0812
2005-02-02T09:00:00Z,23.90835,-83.05332,0.9381,-0.1184
2005-02-02T10:00:00Z,23.90477,-83.01964,0.932,-0.1202
2005-02-02T11:00:00Z,23.9014,-82.98606,0.9907,-0.0872
2005-02-02T12:00:00Z,23.90149,-82.95192,0.9874,-0.0411
2005-02-02T13:00:00Z,23.89837,-82.91617,1.0281,-0.1181
2005-02-02T14:00:00Z,23.89295,-82.87913,1.0287,-0.1108
2005-02-02T15:00:00Z,23.88855,-82.84267,1.0293,-0.1079
2005-02-02T16:00:00Z,23.88499,-82.80618,1.0687,-0.1043
2005-02-02T17:00:00Z,23.88292,-82.76756,1.0716,-0.1079
2005-02-02T18:00:00Z,23.88015,-82.72725,1.1456,-0.0797
2005-02-02T19:00:00Z,23.86461,-82.68674,1.1515,-0.4224
2005-02-02T20:00:00Z,23.85318,-82.64794,0.9487,-0.4187
2005-02-02T21:00:00Z,23.8312,-82.61839,0.9978,-0.5374
2005-02-02T22:00:00Z,23.8282,-82.58156,0.9847,-0.3578
2005-02-02T23:00:00Z,23.81424,-82.54943,0.9972,-0.3422
2005-02-03T00:00:00Z,23.80266,-82.51466,0.9963,-0.3636
2005-02-03T01:00:00Z,23.79189,-82.47831,0.9942,-0.3622
2005-02-03T02:00:00Z,23.78105,-82.44242,0.9925,-0.3614
2005-02-03T03:00:00Z,23.77071,-82.40655,1.0052,-0.3565
2005-02-03T04:00:00Z,23.75699,-82.37285,0.9942,-0.3565
2005-02-03T05:00:00Z,23.74449,-82.33784,0.993,-0.3491
2005-02-03T06:00:00Z,23.73757,-82.30213,0.9974,-0.3274
2005-02-03T07:00:00Z,23.72693,-82.26516,1.0548,-0.4154
2005-02-03T08:00:00Z,23.7108,-82.22824,1.0545,-0.3638
2005-02-03T09:00:00Z,23.69314,-82.1897,1.0933,-0.5648
2005-02-03T10:00:00Z,23.68445,-82.1489,1.1157,-0.4103
2005-02-03T11:00:00Z,23.66228,-82.11167,1.0665,-0.2034
2005-02-03T12:00:00Z,23.65866,-82.06966,1.0574,-0.2477
2005-02-03T13:00:00Z,23.65179,-82.03454,1.0361,-0.1659
2005-02-03T14:00:00Z,23.64481,-81.99978,1.0495,-0.1728
2005-02-03T15:00:00Z,23.6346,-81.96386,1.0585,-0.2014
2005-02-03T16:00:00Z,23.63111,-81.92612,1.1212,0.0051
2005-02-03T17:00:00Z,23.63141,-81.88695,1.1361,0.0044
2005-02-03T18:00:00Z,23.63094,-81.8444,1.1935,-0.0095
2005-02-03T19:00:00Z,23.63111,-81.80207,1.1942,-0.0078
2005-02-03T20:00:00Z,23.63137,-81.75889,1.2271,-0.0088
2005-02-03T21:00:00Z,23.62834,-81.71521,1.2301,-0.0308
2005-02-03T22:00:00Z,23.63592,-81.67021,1.1861,0.0745
2005-02-03T23:00:00Z,23.63826,-81.62826,1.1788,0.0671
2005-02-04T00:00:00Z,23.6427,-81.58656,1.1306,0.1034
2005-02-04T01:00:00Z,23.64145,-81.54846,1.1915,0.2335
2005-02-04T02:00:00Z,23.65065,-81.5062,1.1913,0.2082
2005-02-04T03:00:00Z,23.65747,-81.46441,1.1917,0.2423
2005-02-04T04:00:00Z,23.66454,-81.42123,1.1975,0.2382
2005-02-04T05:00:00Z,23.67925,-81.38199,1.1021,0.5384
2005-02-04T06:00:00Z,23.6968,-81.34375,1.0985,0.5396
2005-02-04T07:00:00Z,23.71393,-81.30491,1.097,0.5393
2005-02-04T08:00:00Z,23.73004,-81.26523,0.9686,0.649
2005-02-04T09:00:00Z,23.7517,-81.2323,0.9784,0.6497
2005-02-04T10:00:00Z,23.77413,-81.19918,0.9093,0.7444
2005-02-04T11:00:00Z,23.79849,-81.16687,0.9085,0.7468
2005-02-04T12:00:00Z,23.82191,-81.13446,0.8832,0.7582
2005-02-04T13:00:00Z,23.84784,-81.10368,0.885,0.7596
2005-02-04T14:00:00Z,23.87152,-81.07261,0.8617,0.7282
2005-02-04T15:00:00Z,23.89335,-81.04172,0.8611,0.7334
2005-02-04T16:00:00Z,23.91852,-81.01266,0.8315,0.725
2005-02-04T17:00:00Z,23.94249,-80.98372,0.7666,0.7016
2005-02-04T18:00:00Z,23.96445,-80.95768,0.7639,0.701
2005-02-04T19:00:00Z,23.98715,-80.93143,0.7631,0.6996
2005-02-04T20:00:00Z,24.01032,-80.90572,0.7204,0.702
2005-02-04T21:00:00Z,24.03059,-80.87644,0.6935,0.7652
2005-02-04T22:00:00Z,24.05875,-80.85471,0.7133,0.7618
2005-02-04T23:00:00Z,24.08415,-80.8312,0.7159,0.7809
2005-02-05T00:00:00Z,24.10797,-80.80351,0.7092,0.7857
2005-02-05T01:00:00Z,24.13331,-80.77827,0.7115,0.7815
2005-02-05T02:00:00Z,24.15968,-80.75514,0.7107,0.7814
2005-02-05T03:00:00Z,24.18409,-80.72829,0.7203,0.7644
2005-02-05T04:00:00Z,24.20897,-80.70264,0.7104,0.7328
2005-02-05T05:00:00Z,24.23275,-80.67839,0.693,0.733
2005-02-05T06:00:00Z,24.25646,-80.65384,0.6919,0.733
2005-02-05T07:00:00Z,24.28008,-80.62787,0.7009,0.7329
2005-02-05T08:00:00Z,24.30302,-80.59922,0.4898,0.7231
2005-02-05T09:00:00Z,24.32733,-80.58378,0.6494,0.7273
2005-02-05T10:00:00Z,24.34787,-80.56568,0.3684,0.5798
2005-02-05T11:00:00Z,24.36431,-80.55052,0.3863,0.6079
2005-02-05T12:00:00Z,24.38477,-80.54111,0.2985,0.5891
2005-02-05T13:00:00Z,24.40459,-80.53177,0.4503,0.5796
2005-02-05T14:00:00Z,24.42246,-80.51392,0.4516,0.5766
2005-02-05T15:00:00Z,24.4416,-80.49623,0.4698,0.5892
2005-02-05T16:00:00Z,24.46014,-80.48208,0.4738,0.5907
2005-02-05T17:00:00Z,24.4798,-80.46505,0.5323,0.6447
2005-02-05T18:00:00Z,24.50066,-80.44651,0.5344,0.6452
2005-02-05T19:00:00Z,24.52118,-80.42858,0.5418,0.6485
2005-02-05T20:00:00Z,24.54272,-80.40562,0.5916,0.6585
2005-02-05T21:00:00Z,24.56406,-80.38332,0.4214,0.6229
2005-02-05T22:00:00Z,24.58372,-80.37059,0.4388,0.6163
2005-02-05T23:00:00Z,24.60338,-80.35434,0.4449,0.5934
2005-02-06T00:00:00Z,24.62084,-80.33764,0.4514,0.5788
2005-02-06T01:00:00Z,24.64508,-80.31598,0.6063,0.7717
2005-02-06T02:00:00Z,24.67011,-80.29508,0.6095,0.7831
2005-02-06T03:00:00Z,24.69522,-80.27345,0.6092,0.7832
2005-02-06T04:00:00Z,24.72048,-80.25168,0.609,0.7833
2005-02-06T05:00:00Z,24.74576,-80.22983,0.609,0.7834
2005-02-06T06:00:00Z,24.77104,-80.20784,0.6089,0.7835
2005-02-06T07:00:00Z,24.79626,-80.18556,0.6089,0.7836
2005-02-06T08:00:00Z,24.82152,-80.16392,0.522,0.7819
2005-02-06T09:00:00Z,24.84728,-80.14546,0.5226,0.7805
2005-02-06T10:00:00Z,24.87204,-80.12764,0.4839,0.7613
2005-02-06T11:00:00Z,24.89667,-80.11002,0.4249,0.7213
2005-02-06T12:00:00Z,24.92007,-80.09591,0.4125,0.7208
2005-02-06T13:00:00Z,24.9439,-80.08485,0.2988,0.726
2005-02-06T14:00:00Z,24.96731,-80.07536,0.2965,0.7256
2005-02-06T15:00:00Z,24.9907,-80.06565,0.2938,0.7253
2005-02-06T16:00:00Z,25.01402,-80.0562,0.29,0.7248
2005-02-06T17:00:00Z,25.03722,-80.04701,0.2862,0.724
2005-02-06T18:00:00Z,25.06015,-80.03789,0.2835,0.7227
2005-02-06T19:00:00Z,25.08229,-80.0296,0.2517,0.8003
2005-02-06T20:00:00Z,25.10926,-80.01874,0.2582,0.7864
2005-02-06T21:00:00Z,25.13483,-80.00364,0.1294,0.7875
2005-02-06T22:00:00Z,25.1602,-80.00401,0.2335,0.7864
2005-02-06T23:00:00Z,25.1855,-79.99528,0.1448,0.7812
2005-02-07T00:00:00Z,25.21071,-79.98748,0.1319,0.8016
2005-02-07T01:00:00Z,25.23708,-79.98537,0.1389,0.804
2005-02-07T02:00:00Z,25.26311,-79.98161,0.1418,0.8043
2005-02-07T03:00:00Z,25.28869,-79.97727,0.1425,0.8032
2005-02-07T04:00:00Z,25.31791,-79.97062,0.147,0.9189
2005-02-07T05:00:00Z,25.34759,-79.96528,0.1487,0.9643
2005-02-07T06:00:00Z,25.37922,-79.9602,0.1478,0.9643
2005-02-07T07:00:00Z,25.41031,-79.95442,0.1465,0.9651
2005-02-07T08:00:00Z,25.441,-79.9488,0.1449,0.9562
2005-02-07T09:00:00Z,25.47331,-79.9462,0.1288,0.9602
2005-02-07T10:00:00Z,25.50008,-79.93397,0.2022,0.8583
2005-02-07T11:00:00Z,25.52757,-79.92616,0.2344,0.8232
2005-02-07T12:00:00Z,25.55446,-79.92287,0.231,0.8231
2005-02-07T13:00:00Z,25.58196,-79.91377,0.2148,0.8491
2005-02-07T14:00:00Z,25.60897,-79.90307,0.2162,0.846
2005-02-07T15:00:00Z,25.63535,-79.89241,0.2215,0.8411
2005-02-07T16:00:00Z,25.66382,-79.88541,0.1093,1.0253
2005-02-07T17:00:00Z,25.69665,-79.88311,0.1341,1.0322
2005-02-07T18:00:00Z,25.73137,-79.87751,0.1445,1.0836
2005-02-07T19:00:00Z,25.76793,-79.87265,0.1564,1.3151
2005-02-07T20:00:00Z,25.81083,-79.85489,0.3694,1.3164
2005-02-07T21:00:00Z,25.85433,-79.86783,0.0612,1.3555
2005-02-07T22:00:00Z,25.8982,-79.86933,-0.2549,1.3483
2005-02-07T23:00:00Z,25.9418,-79.87186,-0.2567,1.3463
2005-02-08T00:00:00Z,25.97903,-79.88549,-0.2341,1.1334
2005-02-08T01:00:00Z,26.01446,-79.89511,-0.2303,1.147
2005-02-08T02:00:00Z,26.05171,-79.904,-0.2284,1.1398
2005-02-08T03:00:00Z,26.08747,-79.91296,-0.1403,0.8237
2005-02-08T04:00:00Z,26.11427,-79.91864,-0.1355,0.822
2005-02-08T05:00:00Z,26.14042,-79.92402,-0.1439,0.7949
2005-02-08T06:00:00Z,26.16628,-79.92854,-0.1433,0.7947
2005-02-08T07:00:00Z,26.19266,-79.93267,-0.1435,0.7961
2005-02-08T08:00:00Z,26.21411,-79.93903,-0.1621,0.6376
2005-02-08T09:00:00Z,26.23371,-79.9464,-0.1701,0.6058
2005-02-08T10:00:00Z,26.25578,-79.94904,-0.1577,0.6382
2005-02-08T11:00:00Z,26.25853,-79.95848,-0.1944,0.0781
2005-02-08T12:00:00Z,26.26103,-79.96535,-0.1957,0.0769
2005-02-08T13:00:00Z,26.26391,-79.97082,-0.2031,0.0717
2005-02-08T14:00:00Z,26.25917,-79.97921,-0.2558,-0.2786
2005-02-08T15:00:00Z,26.2495,-79.99023,-0.2503,-0.2688
2005-02-08T16:00:00Z,26.24199,-79.99715,-0.2097,-0.2347
2005-02-08T17:00:00Z,26.23421,-80.00402,-0.1923,-0.2024
2005-02-08T18:00:00Z,26.22812,-80.01186,-0.193,-0.202
2005-02-08T19:00:00Z,26.22187,-80.01865,-0.174,-0.1799
2005-02-08T20:00:00Z,26.21563,-80.02447,-0.1744,-0.1796
2005-02-08T21:00:00Z,26.21044,-80.03046,-0.1563,-0.1622
2005-02-08T22:00:00Z,26.20524,-80.03643,-0.1574,-0.1615
2005-02-08T23:00:00Z,26.19982,-80.04272,0.0026,-0.1046
2005-02-09T00:00:00Z,26.19741,-80.04228,0.0074,-0.1017
2005-02-09T01:00:00Z,26.19496,-80.04129,0.0438,-0.064
2005-02-09T02:00:00Z,26.19242,-80.03935,0.0445,-0.0643
2005-02-09T03:00:00Z,26.19103,-80.0371,0.104,-0.0116
2005-02-09T04:00:00Z,26.19072,-80.03444,0.106,-0.0084
2005-02-09T05:00:00Z,26.19962,-80.02919,0.1321,0.2833
2005-02-09T06:00:00Z,26.20867,-80.02411,0.1313,0.2857
2005-02-09T07:00:00Z,26.21684,-80.01917,0.1307,0.2857
2005-02-09T08:00:00Z,26.23253,-80.01405,0.1579,0.5105
2005-02-09T09:00:00Z,26.25029,-80.00815,0.2504,0.6657
2005-02-09T10:00:00Z,26.27246,-79.99864,0.2555,0.6631
2005-02-09T11:00:00Z,26.29411,-79.99028,0.2543,0.6625
2005-02-09T12:00:00Z,26.31514,-79.97872,0.3144,0.6622
2005-02-09T13:00:00Z,26.33706,-79.96696,0.3518,0.578
2005-02-09T14:00:00Z,26.35463,-79.95457,0.3517,0.5814
2005-02-09T15:00:00Z,26.37328,-79.94225,0.339,0.5982
2005-02-09T16:00:00Z,26.39305,-79.92948,0.3395,0.6033
2005-02-09T17:00:00Z,26.41461,-79.91615,0.3688,0.7133
2005-02-09T18:00:00Z,26.43766,-79.90515,0.3497,0.7158
2005-02-09T19:00:00Z,26.46188,-79.89074,0.371,0.7655
2005-02-09T20:00:00Z,26.48656,-79.87409,0.3774,0.7683
2005-02-09T21:00:00Z,26.51673,-79.86174,0.378,0.9217
2005-02-09T22:00:00Z,26.54662,-79.85092,0.3813,0.9244
2005-02-09T23:00:00Z,26.57964,-79.83949,0.3124,1.1902
2005-02-10T00:00:00Z,26.61784,-79.81927,0.3868,1.1956
2005-02-10T01:00:00Z,26.66115,-79.80963,0.2733,1.3674
2005-02-10T02:00:00Z,26.70527,-79.81324,0.2529,1.3729
2005-02-10T03:00:00Z,26.75186,-79.8081,0.0812,1.4248
2005-02-10T04:00:00Z,26.79952,-79.78368,-0.1149,1.5199
2005-02-10T05:00:00Z,26.84948,-79.7884,-0.113,1.5185
2005-02-10T06:00:00Z,26.89909,-79.79322,-0.1094,1.5174
2005-02-10T07:00:00Z,26.94872,-79.79814,-0.0918,1.5377
2005-02-10T08:00:00Z,26.99735,-79.80017,-0.1,1.5342
2005-02-10T09:00:00Z,27.04541,-79.80175,0.0036,1.477
2005-02-10T10:00:00Z,27.09394,-79.8021,0.0042,1.4792
2005-02-10T11:00:00Z,27.14032,-79.80075,-0.0792,1.4587
2005-02-10T12:00:00Z,27.18798,-79.80527,-0.0879,1.4591
2005-02-10T13:00:00Z,27.23475,-79.80776,-0.0644,1.45
2005-02-10T14:00:00Z,27.28175,-79.80827,-0.0558,1.4495
2005-02-10T15:00:00Z,27.32344,-79.81114,-0.0506,1.3404
2005-02-10T16:00:00Z,27.36104,-79.81287,-0.0526,1.3119
2005-02-10T17:00:00Z,27.40595,-79.81582,-0.0818,1.2863
2005-02-10T18:00:00Z,27.44758,-79.81869,0.0039,1.3435
2005-02-10T19:00:00Z,27.4912,-79.81926,-0.0391,1.3293
2005-02-10T20:00:00Z,27.5348,-79.81897,-0.0397,1.3192
2005-02-10T21:00:00Z,27.57658,-79.82193,-0.0454,1.3212
2005-02-10T22:00:00Z,27.61904,-79.82874,-0.0784,1.3219
2005-02-10T23:00:00Z,27.6615,-79.82567,-0.0232,1.2916
2005-02-11T00:00:00Z,27.70324,-79.82497,-0.132,1.1324
2005-02-11T01:00:00Z,27.73846,-79.83106,-0.1393,1.1303
2005-02-11T02:00:00Z,27.77323,-79.83601,-0.1401,1.0705
2005-02-11T03:00:00Z,27.80938,-79.84034,-0.1323,1.0793
2005-02-11T04:00:00Z,27.84302,-79.83169,0.1304,0.961
2005-02-11T05:00:00Z,27.87438,-79.82442,-0.0892,0.8977
2005-02-11T06:00:00Z,27.90297,-79.82912,-0.0842,0.8975
2005-02-11T07:00:00Z,27.93225,-79.83315,-0.0981,0.9095
2005-02-11T08:00:00Z,27.96166,-79.83461,-0.0885,0.9109
2005-02-11T09:00:00Z,27.99118,-79.84205,-0.2352,0.9236
2005-02-11T10:00:00Z,28.02188,-79.8674,-0.2776,0.9236
2005-02-11T11:00:00Z,28.04971,-79.86166,-0.2923,0.8643
2005-02-11T12:00:00Z,28.07811,-79.87499,-0.268,0.8631
2005-02-11T13:00:00Z,28.10643,-79.88469,-0.2985,0.8821
2005-02-11T14:00:00Z,28.1345,-79.89412,-0.2902,0.8789
2005-02-11T15:00:00Z,28.16229,-79.90369,-0.2875,0.8758
2005-02-11T16:00:00Z,28.19183,-79.91644,-0.6245,1.0976
2005-02-11T17:00:00Z,28.22755,-79.93806,-0.6139,1.0994
2005-02-11T18:00:00Z,28.26376,-79.96502,-0.6702,1.0985
2005-02-11T19:00:00Z,28.29599,-79.97126,-0.1796,1.0334
2005-02-11T20:00:00Z,28.32854,-79.95066,-0.2817,1.0852
2005-02-11T21:00:00Z,28.36467,-79.98416,-0.1572,1.0809
2005-02-11T22:00:00Z,28.40088,-79.99059,-0.0754,1.2152
2005-02-11T23:00:00Z,28.44454,-79.98521,-0.1324,1.2201
2005-02-12T00:00:00Z,28.4841,-79.98852,-0.0463,1.1633
2005-02-12T01:00:00Z,28.52095,-79.99212,-0.0464,1.1681
2005-02-12T02:00:00Z,28.55838,-80.00171,-0.0866,1.1716
2005-02-12T03:00:00Z,28.59633,-80.00638,0.1372,1.1362
2005-02-12T04:00:00Z,28.6334,-80.00018,0.1334,1.1372
2005-02-12T05:00:00Z,28.66889,-79.9951,0.1259,1.064
2005-02-12T06:00:00Z,28.70219,-79.9914,0.1181,1.0603
2005-02-12T07:00:00Z,28.73555,-79.98746,0.1153,1.0581
2005-02-12T08:00:00Z,28.7684,-79.98306,0.1156,1.0555
2005-02-12T09:00:00Z,28.80546,-80.00937,-0.0896,1.0789
2005-02-12T10:00:00Z,28.84358,-80.01474,-0.1034,1.289
2005-02-12T11:00:00Z,28.88654,-80.01715,-0.109,1.3006
2005-02-12T12:00:00Z,28.92857,-80.01342,-0.1812,1.3022
2005-02-12T13:00:00Z,28.96926,-80.01933,-0.1889,1.2961
2005-02-12T14:00:00Z,29.01351,-80.02706,-0.1781,1.5274
2005-02-12T15:00:00Z,29.06263,-80.03409,-0.1721,1.5345
2005-02-12T16:00:00Z,29.11207,-80.04077,-0.1958,1.5284
2005-02-12T17:00:00Z,29.16345,-80.04831,-0.2474,1.5812
2005-02-12T18:00:00Z,29.20656,-80.05654,-0.2601,1.7355
2005-02-12T19:00:00Z,29.2644,-80.0667,-0.2621,1.728
2005-02-12T20:00:00Z,29.32135,-80.07665,-0.2626,1.7197
2005-02-12T21:00:00Z,29.3766,-80.08661,-0.2629,1.7263
2005-02-12T22:00:00Z,29.43195,-80.09667,-0.2632,1.7338
2005-02-12T23:00:00Z,29.48736,-80.10695,-0.2637,1.7409
2005-02-13T00:00:00Z,29.54432,-80.10755,-0.0335,1.7428
2005-02-13T01:00:00Z,29.60675,-80.10258,0.069,1.5454
2005-02-13T02:00:00Z,29.655,-80.11063,-0.0345,1.5744
2005-02-13T03:00:00Z,29.70571,-80.10791,0.204,1.5255
2005-02-13T04:00:00Z,29.75646,-80.094,0.1474,1.5345
2005-02-13T05:00:00Z,29.80054,-80.08935,0.1494,1.3274
2005-02-13T06:00:00Z,29.84312,-80.08443,0.1526,1.3292
2005-02-13T07:00:00Z,29.88612,-80.07896,0.1539,1.3289
2005-02-13T08:00:00Z,29.92935,-80.07265,0.1545,1.2798
2005-02-13T09:00:00Z,29.97029,-80.06692,0.1559,1.2717
2005-02-13T10:00:00Z,30.01083,-80.06143,0.1713,1.2088
2005-02-13T11:00:00Z,30.0492,-80.05355,0.1782,1.2117
2005-02-13T12:00:00Z,30.0877,-80.05144,0.0126,1.1716
2005-02-13T13:00:00Z,30.12727,-80.0559,0.0628,1.1815
2005-02-13T14:00:00Z,30.16329,-80.05098,0.0817,1.1584
2005-02-13T15:00:00Z,30.19928,-80.04812,0.0969,1.1969
2005-02-13T16:00:00Z,30.23909,-80.04476,0.0945,1.1888
2005-02-13T17:00:00Z,30.27898,-80.04017,0.1233,1.2709
2005-02-13T18:00:00Z,30.32054,-80.03598,0.1717,1.3068
2005-02-13T19:00:00Z,30.36249,-80.0288,0.1719,1.3067
2005-02-13T20:00:00Z,30.40448,-80.01847,0.3187,1.3006
2005-02-13T21:00:00Z,30.45641,-79.99735,0.4252,1.4259
2005-02-13T22:00:00Z,30.48732,-79.98733,0.3913,1.2703
2005-02-13T23:00:00Z,30.52845,-79.9832,0.3973,1.2702
2005-02-14T00:00:00Z,30.56982,-79.956,0.3374,1.2685
2005-02-14T01:00:00Z,30.61107,-79.93977,0.4956,1.2867
2005-02-14T02:00:00Z,30.65273,-79.93899,0.3889,1.2867
2005-02-14T03:00:00Z,30.69389,-79.90285,0.5014,1.2654
2005-02-14T04:00:00Z,30.73507,-79.88376,0.5352,1.2135
2005-02-14T05:00:00Z,30.77366,-79.86445,0.5347,1.2115
2005-02-14T06:00:00Z,30.81267,-79.84943,0.5822,1.2109
2005-02-14T07:00:00Z,30.852,-79.82824,0.5866,1.2106
2005-02-14T08:00:00Z,30.89103,-79.80617,0.6535,1.1816
2005-02-14T09:00:00Z,30.92846,-79.78209,0.661,1.1823
2005-02-14T10:00:00Z,30.96681,-79.75695,0.6712,1.1763
2005-02-14T11:00:00Z,31.00491,-79.72907,0.6799,1.1772
2005-02-14T12:00:00Z,31.0432,-79.70827,0.6141,1.1826
2005-02-14T13:00:00Z,31.08086,-79.68486,0.6951,1.1478
2005-02-14T14:00:00Z,31.11769,-79.65357,0.672,1.1454
2005-02-14T15:00:00Z,31.15499,-79.62658,0.5988,1.1343
2005-02-14T16:00:00Z,31.19082,-79.60484,0.6259,1.1299
2005-02-14T17:00:00Z,31.23282,-79.58126,0.6027,1.2611
2005-02-14T18:00:00Z,31.28032,-79.55816,1.0105,1.1006
2005-02-14T19:00:00Z,31.31188,-79.52203,1.0382,1.1944
2005-02-14T20:00:00Z,31.35136,-79.48184,1.0228,1.1708
2005-02-14T21:00:00Z,31.3886,-79.43993,1.0884,1.1982
2005-02-14T22:00:00Z,31.43449,-79.4074,1.0086,1.287
2005-02-14T23:00:00Z,31.47029,-79.35916,1.0995,0.9995
2005-02-15T00:00:00Z,31.50282,-79.31553,1.1944,0.9463
2005-02-15T01:00:00Z,31.53307,-79.27286,1.1815,0.939
2005-02-15T02:00:00Z,31.56305,-79.23443,1.1646,0.8541
2005-02-15T03:00:00Z,31.58798,-79.18188,1.1659,0.8408
2005-02-15T04:00:00Z,31.60632,-79.13717,1.0938,0.3879
2005-02-15T05:00:00Z,31.6187,-79.09587,1.0938,0.3877
2005-02-15T06:00:00Z,31.63143,-79.05415,1.0926,0.3866
2005-02-15T07:00:00Z,31.64446,-79.01211,1.0901,0.3843
2005-02-15T08:00:00Z,31.65568,-78.97216,0.9875,0.2612
2005-02-15T09:00:00Z,31.6639,-78.9354,0.9923,0.2535
2005-02-15T10:00:00Z,31.66174,-78.89859,0.9587,0.0206
2005-02-15T11:00:00Z,31.66224,-78.86229,0.9161,0.0218
2005-02-15T12:00:00Z,31.66362,-78.82803,0.9139,0.0308
2005-02-15T13:00:00Z,31.66437,-78.7962,0.8304,0.0378
2005-02-15T14:00:00Z,31.67769,-78.76294,0.8409,0.1747
2005-02-15T15:00:00Z,31.66586,-78.73428,0.8004,0.0052
2005-02-15T16:00:00Z,31.6652,-78.7049,0.8348,-0.0379
2005-02-15T17:00:00Z,31.66607,-78.67146,0.8245,-0.0604
2005-02-15T18:00:00Z,31.66373,-78.63963,0.8591,-0.0549
2005-02-15T19:00:00Z,31.66168,-78.60903,0.897,-0.0334
2005-02-15T20:00:00Z,31.66077,-78.57308,0.9009,-0.0278
2005-02-15T21:00:00Z,31.66102,-78.53823,0.9075,0.0399
2005-02-15T22:00:00Z,31.66337,-78.5065,0.9492,0.1052
2005-02-15T23:00:00Z,31.66534,-78.46909,0.9546,0.0896
2005-02-16T00:00:00Z,31.66676,-78.42929,1.0808,0.0548
2005-02-16T01:00:00Z,31.67666,-78.38599,1.0799,0.15
2005-02-16T02:00:00Z,31.67716,-78.34592,1.0548,-0.1638
2005-02-16T03:00:00Z,31.67119,-78.3061,1.0567,-0.1514
2005-02-16T04:00:00Z,31.66661,-78.26598,1.0426,-0.1491
2005-02-16T05:00:00Z,31.66174,-78.22693,1.036,-0.1221
2005-02-16T06:00:00Z,31.65782,-78.18709,1.0371,-0.1217
2005-02-16T07:00:00Z,31.65362,-78.14677,1.0386,-0.121
2005-02-16T08:00:00Z,31.6499,-78.1088,0.9909,-0.1127
2005-02-16T09:00:00Z,31.647,-78.07179,0.995,-0.1114
2005-02-16T10:00:00Z,31.64127,-78.03526,0.9541,-0.1559
2005-02-16T11:00:00Z,31.63537,-78.00075,0.915,-0.1861
2005-02-16T12:00:00Z,31.62845,-77.96679,0.8083,-0.1381
2005-02-16T13:00:00Z,31.62826,-77.9396,0.7832,-0.1306
2005-02-16T14:00:00Z,31.62646,-77.91531,0.4921,-0.1478
2005-02-16T15:00:00Z,31.61691,-77.89631,0.485,-0.1058
2005-02-16T16:00:00Z,31.61397,-77.87819,0.4542,-0.0326
2005-02-16T17:00:00Z,31.61345,-77.86143,0.4561,-0.0384
2005-02-16T18:00:00Z,31.61171,-77.84325,0.4691,-0.0413
2005-02-16T19:00:00Z,31.61039,-77.82496,0.5039,-0.0664
2005-02-16T20:00:00Z,31.6074,-77.80531,0.5073,-0.0712
2005-02-16T21:00:00Z,31.60647,-77.78429,0.5559,-0.0345
2005-02-16T22:00:00Z,31.61447,-77.7617,0.609,0.4391
2005-02-16T23:00:00Z,31.62897,-77.72384,0.7715,0.4417
2005-02-17T00:00:00Z,31.65263,-77.701,0.5815,0.7491
2005-02-17T01:00:00Z,31.67781,-77.68025,0.5784,0.745
2005-02-17T02:00:00Z,31.70363,-77.66977,0.6099,0.7194
2005-02-17T03:00:00Z,31.72715,-77.64618,0.6956,0.6594
2005-02-17T04:00:00Z,31.74851,-77.61158,0.6128,0.6575
2005-02-17T05:00:00Z,31.76907,-77.58881,0.6122,0.6164
2005-02-17T06:00:00Z,31.78922,-77.56554,0.6114,0.6161
2005-02-17T07:00:00Z,31.81004,-77.54169,0.6041,0.6164
2005-02-17T08:00:00Z,31.82725,-77.51933,0.5917,0.5256
2005-02-17T09:00:00Z,31.84305,-77.49657,0.6668,0.4055
2005-02-17T10:00:00Z,31.85444,-77.46372,0.5928,0.3057
2005-02-17T11:00:00Z,31.86418,-77.44448,0.659,0.3048
2005-02-17T12:00:00Z,31.87418,-77.41876,0.614,0.2966
2005-02-17T13:00:00Z,31.88345,-77.39633,0.6164,0.298
2005-02-17T14:00:00Z,31.89439,-77.37116,0.6378,0.3357
2005-02-17T15:00:00Z,31.90467,-77.3432,0.6578,0.337
2005-02-17T16:00:00Z,31.91769,-77.32413,0.4681,0.3816
2005-02-17T17:00:00Z,31.93071,-77.30599,0.4179,0.4278
2005-02-17T18:00:00Z,31.94344,-77.2903,0.4178,0.4206
2005-02-17T19:00:00Z,31.95829,-77.27483,0.3798,0.5355
2005-02-17T20:00:00Z,31.97614,-77.26027,0.3787,0.5339
2005-02-17T21:00:00Z,31.99458,-77.25313,0.1654,0.5673
2005-02-17T22:00:00Z,32.01329,-77.24669,0.1532,0.5866
2005-02-17T23:00:00Z,32.03261,-77.23967,0.2841,0.8031
2005-02-18T00:00:00Z,32.05992,-77.2177,0.4898,0.7897
2005-02-18T01:00:00Z,32.08504,-77.20737,0.0419,0.7822
2005-02-18T02:00:00Z,32.11017,-77.2054,0.0379,0.7813
2005-02-18T03:00:00Z,32.13513,-77.20486,0.0091,0.7595
2005-02-18T04:00:00Z,32.15945,-77.20484,0.0096,0.7601
2005-02-18T05:00:00Z,32.18391,-77.20478,-0.0085,0.7512
2005-02-18T06:00:00Z,32.20851,-77.20469,-0.0074,0.7511
2005-02-18T07:00:00Z,32.23334,-77.20434,-0.2392,0.7208
2005-02-18T08:00:00Z,32.25586,-77.21403,-0.2379,0.7204
2005-02-18T09:00:00Z,32.27841,-77.22301,-0.2303,0.6844
2005-02-18T10:00:00Z,32.30104,-77.23164,-0.2293,0.6884
2005-02-18T11:00:00Z,32.32438,-77.2408,-0.2293,0.6946
2005-02-18T12:00:00Z,32.33856,-77.24738,-0.1777,0.4189
2005-02-18T13:00:00Z,32.35173,-77.25334,-0.0372,0.3697
2005-02-18T14:00:00Z,32.36374,-77.2547,-0.0294,0.3682
2005-02-18T15:00:00Z,32.37614,-77.25587,0.0419,0.3576
2005-02-18T16:00:00Z,32.38632,-77.25347,0.0412,0.3492
2005-02-18T17:00:00Z,32.40302,-77.24142,0.4359,0.6105
2005-02-18T18:00:00Z,32.42288,-77.22457,0.4384,0.6142
2005-02-18T19:00:00Z,32.4507,-77.19356,0.6121,1.0159
2005-02-18T20:00:00Z,32.48294,-77.16033,0.6594,1.0211
2005-02-18T21:00:00Z,32.52246,-77.13627,0.6723,1.1592
2005-02-18T22:00:00Z,32.56121,-77.12372,0.6764,1.1455
2005-02-18T23:00:00Z,32.59744,-77.09491,0.7638,1.125
2005-02-19T00:00:00Z,32.63403,-77.05794,0.6609,1.1109
2005-02-19T01:00:00Z,32.6655,-77.03474,0.7541,0.9917
2005-02-19T02:00:00Z,32.69801,-77.00873,0.7711,0.817
2005-02-19T03:00:00Z,32.72354,-76.97591,0.7523,0.8218
2005-02-19T04:00:00Z,32.75008,-76.94645,0.7732,0.7983
2005-02-19T05:00:00Z,32.77602,-76.91762,0.7748,0.7982
2005-02-19T06:00:00Z,32.80197,-76.88851,0.7762,0.798
2005-02-19T07:00:00Z,32.82785,-76.85925,0.7688,0.7908
2005-02-19T08:00:00Z,32.85327,-76.82803,0.7668,0.7907
2005-02-19T09:00:00Z,32.87894,-76.79785,0.7865,0.79
2005-02-19T10:00:00Z,32.90443,-76.76902,0.7786,0.7901
2005-02-19T11:00:00Z,32.9303,-76.73952,0.7891,0.8119
2005-02-19T12:00:00Z,32.9569,-76.7061,0.7961,0.8158
2005-02-19T13:00:00Z,32.98466,-76.6729,0.8742,0.8576
2005-02-19T14:00:00Z,33.0192,-76.64603,0.8081,0.9281
2005-02-19T15:00:00Z,33.04073,-76.60344,0.9079,0.8389
2005-02-19T16:00:00Z,33.06521,-76.56206,0.839,0.8662
2005-02-19T17:00:00Z,33.09532,-76.53395,0.946,0.8211
2005-02-19T18:00:00Z,33.12252,-76.4961,1.0796,0.8892
2005-02-19T19:00:00Z,33.15233,-76.45491,1.0582,0.9388
2005-02-19T20:00:00Z,33.18094,-76.41229,1.0527,0.928
2005-02-19T21:00:00Z,33.21289,-76.37277,1.054,0.9484
2005-02-19T22:00:00Z,33.24516,-76.33395,1.0177,0.906
2005-02-19T23:00:00Z,33.27095,-76.29019,1.0733,0.9004
2005-02-20T00:00:00Z,33.29909,-76.24953,0.9702,0.9225
2005-02-20T01:00:00Z,33.3314,-76.21773,0.9916,0.9052
2005-02-20T02:00:00Z,33.36069,-76.18547,0.8845,0.8964
2005-02-20T03:00:00Z,33.38872,-76.13749,0.961,0.9057
2005-02-20T04:00:00Z,33.41874,-76.10816,0.6793,0.9113
2005-02-20T05:00:00Z,33.44781,-76.08269,0.6496,0.9763
2005-02-20T06:00:00Z,33.48093,-76.05696,0.649,0.9696
2005-02-20T07:00:00Z,33.51281,-76.03131,0.6267,1.0254
2005-02-20T08:00:00Z,33.54428,-76.00799,0.6321,1.0184
2005-02-20T09:00:00Z,33.57974,-75.98228,0.6549,1.0905
2005-02-20T10:00:00Z,33.61595,-75.95637,0.6775,1.1117
2005-02-20T11:00:00Z,33.65159,-75.92975,0.7031,1.1292
2005-02-20T12:00:00Z,33.6879,-75.90346,0.759,1.2497
2005-02-20T13:00:00Z,33.73013,-75.87321,0.753,1.2829
2005-02-20T14:00:00Z,33.77192,-75.84307,0.7539,1.2829
2005-02-20T15:00:00Z,33.81333,-75.81262,0.7543,1.2839
2005-02-20T16:00:00Z,33.85465,-75.78423,0.7323,1.2932
2005-02-20T17:00:00Z,33.8973,-75.75721,0.7397,1.2954
2005-02-20T18:00:00Z,33.93644,-75.72819,0.817,1.1235
2005-02-20T19:00:00Z,33.97342,-75.69598,0.8056,1.1544
2005-02-20T20:00:00Z,34.01081,-75.66564,0.7242,1.2041
2005-02-20T21:00:00Z,34.05053,-75.6401,0.7211,1.2039
2005-02-20T22:00:00Z,34.08934,-75.62609,0.6808,1.2042
2005-02-20T23:00:00Z,34.12814,-75.58195,0.7103,1.2022
2005-02-21T00:00:00Z,34.16549,-75.55846,0.5865,1.1507
2005-02-21T01:00:00Z,34.20281,-75.54434,0.7025,1.15
2005-02-21T02:00:00Z,34.23884,-75.51515,0.6915,1.1096
2005-02-21T03:00:00Z,34.27538,-75.48804,0.6909,1.0987
2005-02-21T04:00:00Z,34.31024,-75.461,0.6879,1.0985
2005-02-21T05:00:00Z,34.34704,-75.4363,0.5875,1.1723
2005-02-21T06:00:00Z,34.38568,-75.41441,0.571,1.1775
2005-02-21T07:00:00Z,34.42569,-75.39346,0.5391,1.2354
2005-02-21T08:00:00Z,34.46528,-75.37519,0.5219,1.2347
2005-02-21T09:00:00Z,34.50703,-75.34999,0.623,1.2665
2005-02-21T10:00:00Z,34.54905,-75.32151,0.9375,1.2378
2005-02-21T11:00:00Z,34.58849,-75.28415,0.9359,1.2375
2005-02-21T12:00:00Z,34.62856,-75.24766,0.9393,1.2367
2005-02-21T13:00:00Z,34.66901,-75.21149,0.9487,1.235
2005-02-21T14:00:00Z,34.70136,-75.16754,1.1333,0.98
2005-02-21T15:00:00Z,34.73004,-75.12068,1.0739,1.0866
2005-02-21T16:00:00Z,34.76593,-75.07906,1.0884,1.0802
2005-02-21T17:00:00Z,34.80083,-75.0367,1.0759,1.0846
2005-02-21T18:00:00Z,34.83661,-74.99032,1.2176,1.0418
2005-02-21T19:00:00Z,34.8699,-74.92984,1.3637,1.0425
2005-02-21T20:00:00Z,34.90274,-74.88259,1.0425,0.9845
2005-02-21T21:00:00Z,34.93526,-74.8442,1.0358,0.986
2005-02-21T22:00:00Z,34.96543,-74.79961,1.069,0.9495
2005-02-21T23:00:00Z,34.99657,-74.75816,1.0189,0.9523
2005-02-22T00:00:00Z,35.02692,-74.70941,1.1823,0.9537
2005-02-22T01:00:00Z,35.05778,-74.66707,1.0946,0.9954
2005-02-22T02:00:00Z,35.0905,-74.63875,0.9968,0.9924
2005-02-22T03:00:00Z,35.12241,-74.59284,1.324,0.9955
2005-02-22T04:00:00Z,35.15498,-74.53879,1.335,0.9963
2005-02-22T05:00:00Z,35.18121,-74.49388,1.0962,0.8795
2005-02-22T06:00:00Z,35.20788,-74.44942,1.0945,0.8831
2005-02-22T07:00:00Z,35.2363,-74.40789,1.054,0.8403
2005-02-22T08:00:00Z,35.2649,-74.36636,1.0534,0.8456
2005-02-22T09:00:00Z,35.29384,-74.3242,1.0515,0.8504
2005-02-22T10:00:00Z,35.32058,-74.28293,1.0039,0.6998
2005-02-22T11:00:00Z,35.34309,-74.24387,1.0046,0.6986
2005-02-22T12:00:00Z,35.36261,-74.20559,0.9607,0.6014
2005-02-22T13:00:00Z,35.38354,-74.16639,0.9256,0.5171
2005-02-22T14:00:00Z,35.3993,-74.13029,0.9253,0.5269
2005-02-22T15:00:00Z,35.41635,-74.09514,0.661,0.4745
2005-02-22T16:00:00Z,35.43182,-74.06871,0.658,0.4739
2005-02-22T17:00:00Z,35.44675,-74.04354,0.6237,0.4562
2005-02-22T18:00:00Z,35.46174,-74.01951,0.5775,0.4592
2005-02-22T19:00:00Z,35.47608,-73.99573,0.5842,0.4562
2005-02-22T20:00:00Z,35.49339,-73.9796,0.3827,0.5179
2005-02-22T21:00:00Z,35.51066,-73.96445,0.3721,0.5677
2005-02-22T22:00:00Z,35.52849,-73.94944,0.375,0.567
2005-02-22T23:00:00Z,35.5479,-73.93099,0.5113,0.6322
2005-02-23T00:00:00Z,35.56861,-73.90868,0.4985,0.6319
2005-02-23T01:00:00Z,35.58883,-73.88928,0.53,0.6345
2005-02-23T02:00:00Z,35.60972,-73.86957,0.5318,0.6324
2005-02-23T03:00:00Z,35.62909,-73.84571,0.5952,0.5977
2005-02-23T04:00:00Z,35.64816,-73.82227,0.573,0.5784
2005-02-23T05:00:00Z,35.6668,-73.80063,0.562,0.5779
2005-02-23T06:00:00Z,35.68568,-73.77679,0.524,0.5721
2005-02-23T07:00:00Z,35.70348,-73.75897,0.49,0.5571
2005-02-23T08:00:00Z,35.72118,-73.73886,0.4794,0.4974
2005-02-23T09:00:00Z,35.73752,-73.72069,0.4822,0.4942
2005-02-23T10:00:00Z,35.75236,-73.70029,0.5215,0.4264
2005-02-23T11:00:00Z,35.76614,-73.67939,0.5089,0.3492
2005-02-23T12:00:00Z,35.77742,-73.65907,0.5057,0.3447
2005-02-23T13:00:00Z,35.78634,-73.64081,0.438,0.2455
2005-02-23T14:00:00Z,35.79378,-73.62379,0.4361,0.2451
2005-02-23T15:00:00Z,35.80143,-73.60801,0.3851,0.2198
2005-02-23T16:00:00Z,35.80827,-73.5921,0.3861,0.2196
2005-02-23T17:00:00Z,35.81565,-73.58385,0.2501,0.2226
2005-02-23T18:00:00Z,35.82423,-73.5744,0.3126,0.3266
2005-02-23T19:00:00Z,35.83535,-73.54841,0.4982,0.328
2005-02-23T20:00:00Z,35.8434,-73.54321,0.1284,0.2602
2005-02-23T21:00:00Z,35.85293,-73.53898,0.2506,0.2065
2005-02-23T22:00:00Z,35.85709,-73.53154,0.3075,0.2259
2005-02-23T23:00:00Z,35.86578,-73.51794,0.3171,0.2667
2005-02-24T00:00:00Z,35.87403,-73.50492,0.3148,0.2577
2005-02-24T01:00:00Z,35.88263,-73.4929,0.3159,0.2573
2005-02-24T02:00:00Z,35.89106,-73.48027,0.3227,0.1796
2005-02-24T03:00:00Z,35.89652,-73.4672,0.3251,0.1699
2005-02-24T04:00:00Z,35.90069,-73.45126,0.4153,0.1127
2005-02-24T05:00:00Z,35.90391,-73.43397,0.4171,0.1091
2005-02-24T06:00:00Z,35.90746,-73.41715,0.4178,0.1089
2005-02-24T07:00:00Z,35.91158,-73.40085,0.4178,0.1114
2005-02-24T08:00:00Z,35.91224,-73.38446,0.4246,-0.1371
2005-02-24T09:00:00Z,35.90888,-73.36438,0.4392,-0.1406
2005-02-24T10:00:00Z,35.89948,-73.35425,0.2544,-0.2552
2005-02-24T11:00:00Z,35.89111,-73.34472,0.2172,-0.2831
2005-02-24T12:00:00Z,35.88226,-73.33449,0.2269,-0.2821
2005-02-24T13:00:00Z,35.87433,-73.33294,0.0357,-0.2396
2005-02-24T14:00:00Z,35.86496,-73.33162,0.0297,-0.2534
2005-02-24T15:00:00Z,35.86272,-73.33982,-0.1168,-0.1301
2005-02-24T16:00:00Z,35.85895,-73.34507,-0.1165,-0.1242
2005-02-24T17:00:00Z,35.85348,-73.34809,-0.1346,-0.1173
2005-02-24T18:00:00Z,35.85296,-73.35501,-0.1657,0.0181
2005-02-24T19:00:00Z,35.85484,-73.362,0.3001,0.3946
2005-02-24T20:00:00Z,35.86862,-73.3503,0.3026,0.3877
2005-02-24T21:00:00Z,35.88056,-73.33734,0.3779,0.3461
2005-02-24T22:00:00Z,35.89074,-73.3188,0.6024,0.202
2005-02-24T23:00:00Z,35.89729,-73.29454,0.6063,0.1976
2005-02-25T00:00:00Z,35.89895,-73.26573,0.7137,0.0099
2005-02-25T01:00:00Z,35.89833,-73.22956,0.7529,-0.0031
2005-02-25T02:00:00Z,35.88976,-73.20662,0.7123,-0.4072
2005-02-25T03:00:00Z,35.87728,-73.18029,0.7177,-0.4203
2005-02-25T04:00:00Z,35.86068,-73.15314,0.5928,-0.4926
2005-02-25T05:00:00Z,35.84072,-73.12639,0.5226,-0.8667
2005-02-25T06:00:00Z,35.8125,-73.10607,0.5252,-0.8667
2005-02-25T07:00:00Z,35.785,-73.08472,0.5145,-0.8757
2005-02-25T08:00:00Z,35.75574,-73.07214,0.2197,-0.909
2005-02-25T09:00:00Z,35.72603,-73.06368,-0.2602,-0.9138
2005-02-25T10:00:00Z,35.69653,-73.07517,-0.2759,-0.8907
2005-02-25T11:00:00Z,35.66762,-73.08512,-0.27,-0.8904
2005-02-25T12:00:00Z,35.64362,-73.1,-0.5999,-0.4151
2005-02-25T13:00:00Z,35.63035,-73.12509,-0.6055,-0.4137
2005-02-25T14:00:00Z,35.61677,-73.15795,-0.5296,-0.4135
2005-02-25T15:00:00Z,35.60277,-73.18063,-0.5196,-0.4136
2005-02-25T16:00:00Z,35.59507,-73.19977,-0.4255,-0.1674
2005-02-25T17:00:00Z,35.59068,-73.21679,0.1131,-0.2071
2005-02-25T18:00:00Z,35.58311,-73.21286,0.1152,-0.22
2005-02-25T19:00:00Z,35.57451,-73.20758,0.2445,-0.3613
2005-02-25T20:00:00Z,35.56223,-73.19716,0.2397,-0.3614
2005-02-25T21:00:00Z,35.54857,-73.1872,0.2564,-0.4463
2005-02-25T22:00:00Z,35.53318,-73.1833,0.1181,-0.4974
2005-02-25T23:00:00Z,35.51784,-73.18098,0.102,-0.5098
2005-02-26T00:00:00Z,35.5005,-73.17469,0.1043,-0.512
2005-02-26T01:00:00Z,35.4829,-73.15945,-0.1152,-0.4828
2005-02-26T02:00:00Z,35.46827,-73.1634,-0.1267,-0.4862
2005-02-26T03:00:00Z,35.45306,-73.1681,-0.1524,-0.4033
2005-02-26T04:00:00Z,35.43888,-73.17596,-0.1617,-0.4103
2005-02-26T05:00:00Z,35.42835,-73.17432,0.157,-0.2967
2005-02-26T06:00:00Z,35.41892,-73.16899,0.1525,-0.296
2005-02-26T07:00:00Z,35.40861,-73.16537,0.1441,-0.2892
2005-02-26T08:00:00Z,35.40128,-73.15497,0.2544,-0.2404
2005-02-26T09:00:00Z,35.39487,-73.14461,0.2611,-0.1168
2005-02-26T10:00:00Z,35.39375,-73.14058,0.0861,-0.0195
2005-02-26T11:00:00Z,35.39124,-73.13853,0.0792,-0.0389
2005-02-26T12:00:00Z,35.393,-73.13445,0.0732,0.0447
2005-02-26T13:00:00Z,35.39504,-73.13084,0.0767,0.0275
2005-02-26T14:00:00Z,35.39551,-73.12851,0.0803,0.0281
2005-02-26T15:00:00Z,35.39709,-73.12559,0.0719,-0.0128
2005-02-26T16:00:00Z,35.39616,-73.12228,0.0708,-0.0118
2005-02-26T17:00:00Z,35.39545,-73.11895,0.086,-0.0271
2005-02-26T18:00:00Z,35.39498,-73.11619,0.0851,-0.027
2005-02-26T19:00:00Z,35.3946,-73.11316,0.0853,-0.0171
2005-02-26T20:00:00Z,35.3929,-73.10797,0.0948,-0.0235
2005-02-26T21:00:00Z,35.39523,-73.1087,0.1148,-0.0487
2005-02-26T22:00:00Z,35.39073,-73.10225,0.1084,-0.0503
2005-02-26T23:00:00Z,35.38509,-73.09839,0.1119,-0.0841
2005-02-27T00:00:00Z,35.3811,-73.09515,0.1283,-0.0865
2005-02-27T01:00:00Z,35.38261,-73.08911,0.1544,0.1029
2005-02-27T02:00:00Z,35.38635,-73.08109,0.1553,0.0991
2005-02-27T03:00:00Z,35.38878,-73.07712,0.0473,0.0738
2005-02-27T04:00:00Z,35.3917,-73.0745,0.0143,-0.0151
2005-02-27T05:00:00Z,35.39034,-73.07465,0.0142,-0.0149
2005-02-27T06:00:00Z,35.38979,-73.07449,0.0143,-0.0158
2005-02-27T07:00:00Z,35.38974,-73.07427,0.0592,-0.1002
2005-02-27T08:00:00Z,35.38622,-73.07172,0.0706,-0.1078
2005-02-27T09:00:00Z,35.38321,-73.0686,0.1351,-0.1191
2005-02-27T10:00:00Z,35.37785,-73.0629,0.1372,-0.1318
2005-02-27T11:00:00Z,35.37291,-73.05754,0.1797,0.1016
2005-02-27T12:00:00Z,35.37603,-73.04725,0.1972,0.1053
2005-02-27T13:00:00Z,35.38065,-73.0397,0.1083,0.1649
2005-02-27T14:00:00Z,35.38637,-73.03613,0.1057,0.1705
2005-02-27T15:00:00Z,35.39407,-73.03324,0.0545,0.3337
2005-02-27T16:00:00Z,35.40525,-73.04055,-0.0219,0.3395
2005-02-27T17:00:00Z,35.41672,-73.03919,-0.0123,0.3636
2005-02-27T18:00:00Z,35.41517,-73.03758,0.053,0.0906
2005-02-27T19:00:00Z,35.41757,-73.03587,0.1385,0.0681
2005-02-27T20:00:00Z,35.42022,-73.03135,0.1476,0.0625
2005-02-27T21:00:00Z,35.42163,-73.02456,0.1617,0.0629
2005-02-27T22:00:00Z,35.42379,-73.01797,0.1612,0.0617
2005-02-27T23:00:00Z,35.42503,-73.01209,0.1495,0.033
2005-02-28T00:00:00Z,35.42616,-73.00662,0.0396,0.015
2005-02-28T01:00:00Z,35.42635,-73.00601,0.0367,0.0138
2005-02-28T02:00:00Z,35.4269,-73.00483,-0.0172,0.0273
2005-02-28T03:00:00Z,35.42783,-73.00605,-0.0197,0.0295
2005-02-28T04:00:00Z,35.4308,-73.00746,-0.0627,0.1536
2005-02-28T05:00:00Z,35.43638,-73.01002,-0.0637,0.155
2005-02-28T06:00:00Z,35.44116,-73.01188,-0.061,0.1571
2005-02-28T07:00:00Z,35.44648,-73.01467,-0.1116,0.2096
2005-02-28T08:00:00Z,35.45469,-73.02212,-0.0995,0.2034
2005-02-28T09:00:00Z,35.4619,-73.02628,-0.1246,0.2409
2005-02-28T10:00:00Z,35.46803,-73.02882,-0.117,0.2305
2005-02-28T11:00:00Z,35.47768,-73.0375,-0.3424,0.4093
2005-02-28T12:00:00Z,35.49084,-73.05152,-0.343,0.4144
2005-02-28T13:00:00Z,35.50719,-73.06448,-0.3363,0.4714
2005-02-28T14:00:00Z,35.52495,-73.07848,-0.3403,0.4916
2005-02-28T15:00:00Z,35.52285,-73.0823,-0.0114,-0.1333
2005-02-28T16:00:00Z,35.51655,-73.08476,0.0287,-0.0781
2005-02-28T17:00:00Z,35.51437,-73.08297,0.0254,-0.079
2005-02-28T18:00:00Z,35.51122,-73.08196,0.0268,-0.0623
2005-02-28T19:00:00Z,35.51174,-73.05645,0.7096,0.0325
2005-02-28T20:00:00Z,35.51369,-73.02733,0.7252,0.2047
2005-02-28T21:00:00Z,35.52114,-72.99939,0.7212,0.2149
2005-02-28T22:00:00Z,35.5281,-72.97149,0.7346,0.2547
2005-02-28T23:00:00Z,35.54109,-72.94023,0.7396,0.3041
2005-03-01T00:00:00Z,35.54778,-72.91233,0.6662,0.0554
2005-03-01T01:00:00Z,35.54984,-72.88607,0.6617,0.0521
2005-03-01T02:00:00Z,35.55061,-72.86053,0.6203,-5.0E-4
2005-03-01T03:00:00Z,35.55013,-72.83649,0.6203,-0.0048
2005-03-01T04:00:00Z,35.55349,-72.81395,0.5491,0.0896
2005-03-01T05:00:00Z,35.53628,-72.79086,0.4948,0.4499
2005-03-01T06:00:00Z,35.5564,-72.77245,0.4951,0.3654
2005-03-01T07:00:00Z,35.56824,-72.75865,0.2283,0.3914
2005-03-01T08:00:00Z,35.57922,-72.75152,0.2842,0.4166
2005-03-01T09:00:00Z,35.59328,-72.738,0.3228,0.4061
2005-03-01T10:00:00Z,35.60766,-72.7222,0.3038,0.4055
2005-03-01T11:00:00Z,35.62042,-72.71137,0.3411,0.4282
2005-03-01T12:00:00Z,35.63412,-72.6988,0.3383,0.5023
2005-03-01T13:00:00Z,35.65098,-72.6823,0.3608,0.5118
2005-03-01T14:00:00Z,35.6675,-72.65749,0.4654,0.5501
2005-03-01T15:00:00Z,35.68724,-72.64248,0.4641,0.5528
2005-03-01T16:00:00Z,35.70468,-72.63488,0.6924,0.5175
2005-03-01T17:00:00Z,35.72075,-72.60295,0.4938,0.5286
2005-03-01T18:00:00Z,35.73757,-72.58071,0.7131,0.4801
2005-03-01T19:00:00Z,35.75363,-72.54779,0.7278,0.4839
2005-03-01T20:00:00Z,35.76804,-72.51811,0.6261,0.3196
2005-03-01T21:00:00Z,35.778,-72.49425,0.6379,0.3205
2005-03-01T22:00:00Z,35.78776,-72.46843,0.6325,0.2828
2005-03-01T23:00:00Z,35.79685,-72.44321,0.6339,0.2824
2005-03-02T00:00:00Z,35.80516,-72.41498,0.695,0.2574
2005-03-02T01:00:00Z,35.81421,-72.3878,0.692,0.2629
2005-03-02T02:00:00Z,35.8176,-72.35815,0.7228,0.1784
2005-03-02T03:00:00Z,35.81922,-72.3265,0.7411,0.1564
2005-03-02T04:00:00Z,35.82055,-72.29536,0.7474,0.1386
2005-03-02T05:00:00Z,35.82642,-72.26522,0.7624,0.1703
2005-03-02T06:00:00Z,35.83992,-72.25851,0.6401,0.1572
2005-03-02T07:00:00Z,35.84248,-72.20676,0.7533,0.0895
2005-03-02T08:00:00Z,35.84229,-72.17375,0.7453,0.1606
2005-03-02T09:00:00Z,35.8484,-72.15055,0.8748,0.0976
2005-03-02T10:00:00Z,35.85174,-72.11595,0.8972,0.1003
2005-03-02T11:00:00Z,35.85444,-72.07947,0.8949,0.1017
2005-03-02T12:00:00Z,35.85754,-72.04401,0.8972,0.1021
2005-03-02T13:00:00Z,35.8608,-72.00939,0.907,0.1021
2005-03-02T14:00:00Z,35.86343,-71.97203,0.9166,0.0727
2005-03-02T15:00:00Z,35.86658,-71.93479,0.9145,0.0721
2005-03-02T16:00:00Z,35.86419,-71.90043,0.871,-0.0767
2005-03-02T17:00:00Z,35.86162,-71.86536,0.8644,-0.1094
2005-03-02T18:00:00Z,35.85737,-71.83163,0.9029,-0.1156
2005-03-02T19:00:00Z,35.85435,-71.79549,0.9045,-0.1173
2005-03-02T20:00:00Z,35.84931,-71.75917,0.9158,-0.1676
2005-03-02T21:00:00Z,35.84259,-71.72081,0.9392,-0.2444
2005-03-02T22:00:00Z,35.82622,-71.70877,0.6873,-0.3761
2005-03-02T23:00:00Z,35.81483,-71.68376,0.5178,-0.4078
2005-03-03T00:00:00Z,35.80089,-71.66041,0.5128,-0.4106
2005-03-03T01:00:00Z,35.78645,-71.62938,0.425,-0.3509
2005-03-03T02:00:00Z,35.77768,-71.62111,0.5321,-0.3686
2005-03-03T03:00:00Z,35.76548,-71.59979,0.5032,-0.361
2005-03-03T04:00:00Z,35.75211,-71.57718,0.4401,-0.3534
2005-03-03T05:00:00Z,35.74229,-71.56433,0.3491,-0.3431
2005-03-03T06:00:00Z,35.73201,-71.55276,0.3893,-0.3426
2005-03-03T07:00:00Z,35.72033,-71.53566,0.3637,-0.3332
2005-03-03T08:00:00Z,35.70945,-71.52135,0.4007,-0.3594
2005-03-03T09:00:00Z,35.69776,-71.50014,0.4547,-0.3595
2005-03-03T10:00:00Z,35.6853,-71.48658,0.2098,-0.3966
2005-03-03T11:00:00Z,35.67338,-71.47964,0.228,-0.4917
2005-03-03T12:00:00Z,35.65685,-71.46961,0.2244,-0.4908
2005-03-03T13:00:00Z,35.64077,-71.46097,0.2346,-0.5496
2005-03-03T14:00:00Z,35.62332,-71.45162,0.2343,-0.5519
2005-03-03T15:00:00Z,35.6057,-71.44234,0.2192,-0.584
2005-03-03T16:00:00Z,35.58585,-71.4336,0.2188,-0.584
2005-03-03T17:00:00Z,35.56751,-71.42613,0.186,-0.578
2005-03-03T18:00:00Z,35.5505,-71.42678,-0.0024,-0.5148
2005-03-03T19:00:00Z,35.53169,-71.43135,-0.0189,-0.5344
2005-03-03T20:00:00Z,35.51886,-71.42809,0.1934,-0.4414
2005-03-03T21:00:00Z,35.50458,-71.42094,0.2199,-0.4592
2005-03-03T22:00:00Z,35.4896,-71.41124,0.2194,-0.4666
2005-03-03T23:00:00Z,35.47224,-71.41346,-0.155,-0.533
2005-03-04T00:00:00Z,35.44754,-71.43674,-0.015,-0.4293
2005-03-04T01:00:00Z,35.4381,-71.42555,-0.1447,-0.4916
2005-03-04T02:00:00Z,35.42272,-71.43091,-0.1469,-0.4995
2005-03-04T03:00:00Z,35.4061,-71.43685,-0.089,-0.4894
2005-03-04T04:00:00Z,35.38977,-71.44187,-0.1301,-0.5384
2005-03-04T05:00:00Z,35.37154,-71.44539,-0.1162,-0.5418
2005-03-04T06:00:00Z,35.35329,-71.44721,-0.1181,-0.5459
2005-03-04T07:00:00Z,35.33672,-71.45685,-0.1323,-0.5429
2005-03-04T08:00:00Z,35.31978,-71.46318,-0.1401,-0.5113
2005-03-04T09:00:00Z,35.30254,-71.46601,-0.1605,-0.5093
2005-03-04T10:00:00Z,35.28709,-71.47329,-0.1184,-0.4664
2005-03-04T11:00:00Z,35.2723,-71.48006,-0.1975,-0.4248
2005-03-04T12:00:00Z,35.25823,-71.4819,-0.1377,-0.4236
2005-03-04T13:00:00Z,35.24555,-71.49253,-0.2376,-0.3905
2005-03-04T14:00:00Z,35.2326,-71.50555,-0.2112,-0.3895
2005-03-04T15:00:00Z,35.22179,-71.51268,-0.1781,-0.3202
2005-03-04T16:00:00Z,35.21119,-71.51894,-0.1919,-0.3145
2005-03-04T17:00:00Z,35.20415,-71.5259,-0.1556,-0.231
2005-03-04T18:00:00Z,35.19999,-71.53284,-0.1789,-0.1182
2005-03-04T19:00:00Z,35.19735,-71.53829,-0.1682,-0.1162
2005-03-04T20:00:00Z,35.1899,-71.54787,-0.1955,-0.1851
2005-03-04T21:00:00Z,35.18473,-71.55611,-0.1635,-0.3352
2005-03-04T22:00:00Z,35.17349,-71.56254,-0.1239,-0.3372
2005-03-04T23:00:00Z,35.16271,-71.56764,-0.1233,-0.3367
2005-03-05T00:00:00Z,35.15195,-71.57303,-0.135,-0.3214
2005-03-05T01:00:00Z,35.14153,-71.57777,-0.1332,-0.3211
2005-03-05T02:00:00Z,35.13139,-71.58335,-0.1689,-0.2965
2005-03-05T03:00:00Z,35.12184,-71.59169,-0.1728,-0.2948
2005-03-05T04:00:00Z,35.11414,-71.59808,-0.176,-0.2511
2005-03-05T05:00:00Z,35.10704,-71.60446,-0.1758,-0.2479
2005-03-05T06:00:00Z,35.11079,-71.61104,-0.1592,-0.4227
2005-03-05T07:00:00Z,35.08957,-71.61821,-0.1573,-0.2602
2005-03-05T08:00:00Z,35.0813,-71.6241,-0.1355,-0.2769
2005-03-05T09:00:00Z,35.07259,-71.6289,-0.1381,-0.2783
2005-03-05T10:00:00Z,35.06455,-71.63485,-0.1365,-0.2341
2005-03-05T11:00:00Z,35.05952,-71.64091,-0.1665,-0.146
2005-03-05T12:00:00Z,35.05461,-71.64542,-0.1204,-0.1369
2005-03-05T13:00:00Z,35.05014,-71.64993,-0.1185,-0.1371
2005-03-05T14:00:00Z,35.04575,-71.65477,-0.1192,-0.137
2005-03-05T15:00:00Z,35.04153,-71.6716,-0.1915,-0.1366
2005-03-05T16:00:00Z,35.03672,-71.67549,0.1235,-0.157
2005-03-05T17:00:00Z,35.0312,-71.66609,-0.0824,-0.1581
2005-03-05T18:00:00Z,35.02474,-71.66718,0.0323,-0.2086
2005-03-05T19:00:00Z,35.01791,-71.66573,0.0249,-0.223
2005-03-05T20:00:00Z,35.01054,-71.66481,0.0256,-0.2235
2005-03-05T21:00:00Z,35.00297,-71.66421,-3.0E-4,-0.2521
2005-03-05T22:00:00Z,34.99427,-71.6645,-0.0661,-0.3032
2005-03-05T23:00:00Z,34.98522,-71.66746,-0.0659,-0.302
2005-03-06T00:00:00Z,34.97213,-71.67303,-0.1351,-0.3909
2005-03-06T01:00:00Z,34.95939,-71.67532,-0.1077,-0.3928
2005-03-06T02:00:00Z,34.94571,-71.68538,-0.3187,-0.4331
2005-03-06T03:00:00Z,34.93145,-71.698,-0.4003,-0.5091
2005-03-06T04:00:00Z,34.91531,-71.71407,-0.4011,-0.5102
2005-03-06T05:00:00Z,34.89895,-71.72976,-0.4095,-0.5452
2005-03-06T06:00:00Z,34.88053,-71.74606,-0.4096,-0.5443
2005-03-06T07:00:00Z,34.86253,-71.76236,-0.4097,-0.5437
2005-03-06T08:00:00Z,34.84508,-71.77968,-0.4382,-0.5557
2005-03-06T09:00:00Z,34.82784,-71.79563,-0.4364,-0.5253
2005-03-06T10:00:00Z,34.81113,-71.81764,-0.4335,-0.4105
2005-03-06T11:00:00Z,34.79701,-71.83151,-0.4544,-0.4079
2005-03-06T12:00:00Z,34.78472,-71.84879,-0.5601,-0.3266
2005-03-06T13:00:00Z,34.77506,-71.86981,-0.5805,-0.3357
2005-03-06T14:00:00Z,34.76391,-71.89355,-0.5945,-0.3196
2005-03-06T15:00:00Z,34.75319,-71.91774,-0.5967,-0.3192
2005-03-06T16:00:00Z,34.74277,-71.92774,-0.1761,-0.3311
2005-03-06T17:00:00Z,34.7325,-71.93186,-0.1526,-0.3268
2005-03-06T18:00:00Z,34.72148,-71.94082,-0.158,-0.3263
2005-03-06T19:00:00Z,34.71021,-71.94771,-0.0376,-0.3531
2005-03-06T20:00:00Z,34.69954,-71.94916,-0.0337,-0.352
2005-03-06T21:00:00Z,34.68513,-71.94839,0.0187,-0.4556
2005-03-06T22:00:00Z,34.66786,-71.94742,0.0361,-0.5566
2005-03-06T23:00:00Z,34.65086,-71.94489,0.0526,-0.5552
2005-03-07T00:00:00Z,34.63118,-71.94284,0.0539,-0.565
2005-03-07T01:00:00Z,34.6168,-71.93255,0.1346,-0.2669
2005-03-07T02:00:00Z,34.60864,-71.93018,0.1596,-0.2674
2005-03-07T03:00:00Z,34.59964,-71.92287,0.2601,-0.3117
2005-03-07T04:00:00Z,34.58872,-71.91492,0.2778,-0.3075
2005-03-07T05:00:00Z,34.57939,-71.90372,0.2964,-0.2957
2005-03-07T06:00:00Z,34.56968,-71.89164,0.2931,-0.2942
2005-03-07T07:00:00Z,34.55959,-71.87994,0.2913,-0.2898
2005-03-07T08:00:00Z,34.55679,-71.86938,0.2655,-0.0839
2005-03-07T09:00:00Z,34.55423,-71.85997,0.1565,-0.0844
2005-03-07T10:00:00Z,34.55124,-71.85497,0.1446,-0.0847
2005-03-07T11:00:00Z,34.54848,-71.8482,0.1335,-0.0849
2005-03-07T12:00:00Z,34.54616,-71.84738,0.0855,-0.0708
2005-03-07T13:00:00Z,34.5444,-71.84455,0.1579,0.0105
2005-03-07T14:00:00Z,34.54553,-71.83797,0.1624,0.0092
2005-03-07T15:00:00Z,34.54649,-71.83153,0.2137,0.0459
2005-03-07T16:00:00Z,34.54738,-71.82189,0.211,0.0449
2005-03-07T17:00:00Z,34.54899,-71.81381,0.2156,0.0779
2005-03-07T18:00:00Z,34.55201,-71.8054,0.2149,0.0761
2005-03-07T19:00:00Z,34.55375,-71.79742,0.1913,0.0614
2005-03-07T20:00:00Z,34.55574,-71.79009,0.1906,0.0589
2005-03-07T21:00:00Z,34.55808,-71.78886,-0.124,0.2523
2005-03-07T22:00:00Z,34.56697,-71.809,-0.3122,0.2451
2005-03-07T23:00:00Z,34.57413,-71.79978,-0.1371,0.242
2005-03-08T00:00:00Z,34.58283,-71.80347,-0.1469,0.2001
2005-03-08T01:00:00Z,34.58804,-71.80995,-0.0864,0.1898
2005-03-08T02:00:00Z,34.59376,-71.81687,-0.0286,0.1906
2005-03-08T03:00:00Z,34.59948,-71.8166,-0.0492,0.1588
2005-03-08T04:00:00Z,34.60464,-71.81812,-0.0558,0.0379
2005-03-08T05:00:00Z,34.60463,-71.82094,-0.0566,0.0447
2005-03-08T06:00:00Z,34.6054,-71.82314,-0.0572,0.0504
2005-03-08T07:00:00Z,34.60716,-71.82444,-0.0572,0.043
2005-03-08T08:00:00Z,34.60898,-71.82826,-0.0658,0.044
2005-03-08T09:00:00Z,34.61128,-71.83128,-0.0589,0.0972
2005-03-08T10:00:00Z,34.61409,-71.82987,-0.0375,0.0963
2005-03-08T11:00:00Z,34.61866,-71.83051,-0.0315,0.2301
2005-03-08T12:00:00Z,34.6272,-71.83848,-0.0547,0.2183
2005-03-08T13:00:00Z,34.63437,-71.83792,0.0304,0.2453
2005-03-08T14:00:00Z,34.64203,-71.83447,-0.0035,0.2453
2005-03-08T15:00:00Z,34.65055,-71.83452,0.0429,0.2652
2005-03-08T16:00:00Z,34.65883,-71.83418,0.043,0.2668
2005-03-08T17:00:00Z,34.66954,-71.83063,0.0845,0.332
2005-03-08T18:00:00Z,34.67974,-71.82769,0.0882,0.3322
2005-03-08T19:00:00Z,34.69201,-71.82109,0.1609,0.3646
2005-03-08T20:00:00Z,34.70699,-71.81321,0.7421,0.1454
2005-03-08T21:00:00Z,34.71093,-71.76831,0.5684,0.1423
2005-03-08T22:00:00Z,34.71449,-71.74498,0.5226,-0.3597
2005-03-08T23:00:00Z,34.70285,-71.72488,0.5234,-0.3614
2005-03-09T00:00:00Z,34.69137,-71.70511,0.487,-0.3718
2005-03-09T01:00:00Z,34.67891,-71.68535,0.4879,-0.3713
2005-03-09T02:00:00Z,34.66636,-71.66557,0.3945,-0.394
2005-03-09T03:00:00Z,34.65492,-71.65083,0.3913,-0.3865
2005-03-09T04:00:00Z,34.64139,-71.64294,0.1043,-0.4318
2005-03-09T05:00:00Z,34.62651,-71.64008,0.1035,-0.4331
2005-03-09T06:00:00Z,34.61183,-71.63972,0.1514,-0.4336
2005-03-09T07:00:00Z,34.59806,-71.63545,0.0612,-0.4336
2005-03-09T08:00:00Z,34.58529,-71.62812,0.0903,-0.4249
2005-03-09T09:00:00Z,34.57972,-71.62857,-0.0251,-0.1573
2005-03-09T10:00:00Z,34.57669,-71.63271,0.0105,-0.1873
2005-03-09T11:00:00Z,34.57014,-71.63117,-0.0392,-0.1369
2005-03-09T12:00:00Z,34.565,-71.63171,-0.1556,0.1153
2005-03-09T13:00:00Z,34.56927,-71.63899,-0.1612,0.1178
2005-03-09T14:00:00Z,34.57319,-71.64667,-0.1666,0.1187
2005-03-09T15:00:00Z,34.57665,-71.65543,-0.1705,0.1186
2005-03-09T16:00:00Z,34.58067,-71.66327,0.0263,0.149
2005-03-09T17:00:00Z,34.58704,-71.66217,0.0293,0.1472
2005-03-09T18:00:00Z,34.59163,-71.65918,0.1185,0.1778
2005-03-09T19:00:00Z,34.59843,-71.65195,0.2029,0.2036
2005-03-09T20:00:00Z,34.60405,-71.64432,0.229,0.1868
2005-03-09T21:00:00Z,34.61103,-71.6346,0.2329,0.1913
2005-03-09T22:00:00Z,34.61627,-71.61998,0.4955,0.0464
2005-03-09T23:00:00Z,34.61771,-71.59712,0.4558,0.0443
2005-03-10T00:00:00Z,34.61832,-71.58048,0.4306,0.0108
2005-03-10T01:00:00Z,34.61879,-71.56345,0.4265,0.0109
2005-03-10T02:00:00Z,34.60926,-71.54819,0.3477,-0.4865
2005-03-10T03:00:00Z,34.59179,-71.5345,0.3058,-0.4707
2005-03-10T04:00:00Z,34.57756,-71.52489,0.2596,-0.4664
2005-03-10T05:00:00Z,34.56264,-71.51493,0.2593,-0.4669
2005-03-10T06:00:00Z,34.54743,-71.50459,0.2585,-0.4661
2005-03-10T07:00:00Z,34.53284,-71.50091,-0.0854,-0.432
2005-03-10T08:00:00Z,34.51873,-71.50445,-0.0845,-0.4306
2005-03-10T09:00:00Z,34.50687,-71.50743,-0.0793,-0.3756
2005-03-10T10:00:00Z,34.49579,-71.51083,-0.073,-0.0785
2005-03-10T11:00:00Z,34.49362,-71.51312,-0.0704,-0.0714
2005-03-10T12:00:00Z,34.49368,-71.51569,-0.067,0.034
2005-03-10T13:00:00Z,34.49567,-71.51912,-0.0716,0.041
2005-03-10T14:00:00Z,34.49649,-71.52019,0.0201,-0.0557
2005-03-10T15:00:00Z,34.49206,-71.5265,-0.0773,-0.0505
2005-03-10T16:00:00Z,34.49158,-71.52241,0.2567,0.0276
2005-03-10T17:00:00Z,34.49317,-71.51312,0.2665,0.013
2005-03-10T18:00:00Z,34.49326,-71.49777,0.467,-0.0338
2005-03-10T19:00:00Z,34.49268,-71.47964,0.4684,-0.0332
2005-03-10T20:00:00Z,34.49062,-71.45928,0.5553,-0.1261
2005-03-10T21:00:00Z,34.48585,-71.4335,0.5594,-0.1377
2005-03-10T22:00:00Z,34.4712,-71.41443,0.5645,-0.5221
2005-03-10T23:00:00Z,34.45472,-71.3949,0.4886,-0.5552
2005-03-11T00:00:00Z,34.43625,-71.37508,0.4905,-0.5583
2005-03-11T01:00:00Z,34.41811,-71.35538,0.4917,-0.559
2005-03-11T02:00:00Z,34.40033,-71.30512,0.6627,-0.5581
2005-03-11T03:00:00Z,34.38031,-71.3157,0.4853,-0.7671
2005-03-11T04:00:00Z,34.35064,-71.29817,0.4914,-0.6729
2005-03-11T05:00:00Z,34.3295,-71.27854,0.5092,-0.6666
2005-03-11T06:00:00Z,34.3077,-71.25894,0.5129,-0.6561
2005-03-11T07:00:00Z,34.28999,-71.23818,0.5287,-0.5613
2005-03-11T08:00:00Z,34.2727,-71.21714,0.5249,-0.5361
2005-03-11T09:00:00Z,34.2544,-71.19693,0.5243,-0.5367
2005-03-11T10:00:00Z,34.23721,-71.17704,0.4849,-0.5053
2005-03-11T11:00:00Z,34.22109,-71.1575,0.484,-0.5029
2005-03-11T12:00:00Z,34.20642,-71.14012,0.4555,-0.441
2005-03-11T13:00:00Z,34.19179,-71.12264,0.4776,-0.3947
2005-03-11T14:00:00Z,34.17924,-71.10362,0.48,-0.3922
2005-03-11T15:00:00Z,34.16591,-71.08541,0.5272,-0.3455
2005-03-11T16:00:00Z,34.15743,-71.06182,0.5851,-0.284
2005-03-11T17:00:00Z,34.14908,-71.0372,0.6694,-0.2343
2005-03-11T18:00:00Z,34.14206,-71.01065,0.7392,-0.2029
2005-03-11T19:00:00Z,34.13473,-70.98148,0.7402,-0.2057
2005-03-11T20:00:00Z,34.12952,-70.95101,0.7926,-0.1676
2005-03-11T21:00:00Z,34.12759,-70.91767,0.8742,-0.0838
2005-03-11T22:00:00Z,34.12391,-70.88158,0.8846,-0.0937
2005-03-11T23:00:00Z,34.1152,-70.84653,0.8868,-0.1453
2005-03-12T00:00:00Z,34.10819,-70.8124,0.8855,-0.1585
2005-03-12T01:00:00Z,34.11829,-70.77258,1.0273,0.0597
2005-03-12T02:00:00Z,34.12034,-70.73287,1.0298,0.0519
2005-03-12T03:00:00Z,34.12066,-70.69365,0.9854,-0.0165
2005-03-12T04:00:00Z,34.11984,-70.65336,0.9533,-0.3949
2005-03-12T05:00:00Z,34.10562,-70.61968,0.9255,-0.3871
2005-03-12T06:00:00Z,34.09244,-70.58381,0.9218,-0.3811
2005-03-12T07:00:00Z,34.07881,-70.55474,0.7727,-0.4328
2005-03-12T08:00:00Z,34.06564,-70.52523,0.7705,-0.427
2005-03-12T09:00:00Z,34.05333,-70.49487,0.7696,-0.4196
2005-03-12T10:00:00Z,34.03667,-70.47221,0.4326,-0.5846
2005-03-12T11:00:00Z,34.01681,-70.45717,0.3684,-0.5413
2005-03-12T12:00:00Z,33.99929,-70.43882,0.3992,-0.5382
2005-03-12T13:00:00Z,33.98236,-70.42418,0.3634,-0.4917
2005-03-12T14:00:00Z,33.96634,-70.41475,0.355,-0.4912
2005-03-12T15:00:00Z,33.95578,-70.40188,0.4745,0.0095
2005-03-12T16:00:00Z,33.95586,-70.3809,0.3882,0.0156
2005-03-12T17:00:00Z,33.95758,-70.3658,0.4247,0.0439
2005-03-12T18:00:00Z,33.96068,-70.35198,0.3515,0.0869
2005-03-12T19:00:00Z,33.95999,-70.33696,0.3612,0.0485
2005-03-12T20:00:00Z,33.97744,-70.32749,0.2967,0.23
2005-03-12T21:00:00Z,33.97105,-70.31472,0.3544,0.1479
2005-03-12T22:00:00Z,33.97201,-70.30078,0.3581,0.1567
2005-03-12T23:00:00Z,33.98069,-70.28532,0.404,0.1559
2005-03-13T00:00:00Z,33.98642,-70.2692,0.4324,0.1024
2005-03-13T01:00:00Z,33.98907,-70.25235,0.4332,0.0972
2005-03-13T02:00:00Z,33.99278,-70.23642,0.4428,0.0155
2005-03-13T03:00:00Z,33.99166,-70.21769,0.4447,0.0187
2005-03-13T04:00:00Z,33.99233,-70.19823,0.4906,0.0232
2005-03-13T05:00:00Z,33.9935,-70.18286,0.4556,0.0235
2005-03-13T06:00:00Z,33.99446,-70.16924,0.3619,0.0806
2005-03-13T07:00:00Z,33.9971,-70.13873,0.5382,0.0843
2005-03-13T08:00:00Z,34.00153,-70.12412,0.0395,0.2066
2005-03-13T09:00:00Z,34.00902,-70.13434,0.2808,0.199
2005-03-13T10:00:00Z,34.01497,-70.12289,0.306,0.1777
2005-03-13T11:00:00Z,34.02001,-70.11078,0.3304,0.0934
2005-03-13T12:00:00Z,34.02379,-70.0981,0.3321,0.0858
2005-03-13T13:00:00Z,34.0253,-70.08433,0.3486,0.0641
2005-03-13T14:00:00Z,34.02625,-70.07087,0.3488,0.0611
2005-03-13T15:00:00Z,34.0304,-70.05747,0.3455,0.1284
2005-03-13T16:00:00Z,34.03438,-70.0436,0.2676,0.1694
2005-03-13T17:00:00Z,34.04263,-70.04215,0.222,0.1998
2005-03-13T18:00:00Z,34.04502,-70.02978,0.3689,0.0262
2005-03-13T19:00:00Z,34.04564,-70.01464,0.3508,0.0186
2005-03-13T20:00:00Z,34.04674,-70.00406,0.3155,0.0207
2005-03-13T21:00:00Z,34.04772,-69.99283,0.1854,0.0812
2005-03-13T22:00:00Z,34.05033,-69.9862,0.2025,0.0831
2005-03-13T23:00:00Z,34.05324,-69.97818,0.2036,0.0816
2005-03-14T00:00:00Z,34.0541,-69.96909,0.2395,0.019
2005-03-14T01:00:00Z,34.05488,-69.9597,0.2399,0.0186
2005-03-14T02:00:00Z,34.05463,-69.95069,0.2351,-0.0834
2005-03-14T03:00:00Z,34.05168,-69.94052,0.2396,-0.0846
2005-03-14T04:00:00Z,34.04904,-69.93506,0.127,-0.1012
2005-03-14T05:00:00Z,34.04572,-69.93042,0.1273,-0.1012
2005-03-14T06:00:00Z,34.04228,-69.92552,0.1272,-0.1013
2005-03-14T07:00:00Z,34.03859,-69.9204,0.1266,-0.1016
2005-03-14T08:00:00Z,34.03675,-69.91593,0.113,-0.0697
2005-03-14T09:00:00Z,34.03554,-69.91223,0.112,-0.0712
2005-03-14T10:00:00Z,34.03431,-69.90721,0.1124,0.0694
2005-03-14T11:00:00Z,34.03775,-69.90325,0.1134,0.066
2005-03-14T12:00:00Z,34.04046,-69.89865,0.1233,0.0831
2005-03-14T13:00:00Z,34.04203,-69.89367,0.1243,0.0774
2005-03-14T14:00:00Z,34.04379,-69.88905,0.1357,0.1837
2005-03-14T15:00:00Z,34.05047,-69.88313,0.1371,0.184
2005-03-14T16:00:00Z,34.0564,-69.87764,0.1384,0.1976
2005-03-14T17:00:00Z,34.06391,-69.87327,0.1344,0.2013
2005-03-14T18:00:00Z,34.06743,-69.85708,0.4445,0.1122
2005-03-14T19:00:00Z,34.07076,-69.83947,0.444,0.1104
2005-03-14T20:00:00Z,34.07483,-69.82207,0.4441,0.1105
2005-03-14T21:00:00Z,34.07657,-69.80502,0.4375,-0.1885
2005-03-14T22:00:00Z,34.06986,-69.79427,0.2496,-0.2217
2005-03-14T23:00:00Z,34.06269,-69.7852,0.2167,-0.2529
2005-03-15T00:00:00Z,34.05439,-69.77558,0.2276,-0.2545
2005-03-15T01:00:00Z,34.04689,-69.76539,0.2341,-0.2535
2005-03-15T02:00:00Z,34.03612,-69.76468,0.0028,-0.3329
2005-03-15T03:00:00Z,34.0253,-69.76653,-0.0651,-0.3621
2005-03-15T04:00:00Z,34.0132,-69.77153,-0.1022,-0.3635
2005-03-15T05:00:00Z,34.00058,-69.76518,-0.0114,-0.3667
2005-03-15T06:00:00Z,33.98825,-69.77272,-0.0929,-0.3719
2005-03-15T07:00:00Z,33.97844,-69.78639,-0.1204,-0.3705
2005-03-15T08:00:00Z,33.96479,-69.78586,0.0737,-0.436
2005-03-15T09:00:00Z,33.95046,-69.78244,0.1217,-0.4507
2005-03-15T10:00:00Z,33.93703,-69.77585,0.1908,-0.3921
2005-03-15T11:00:00Z,33.92418,-69.76821,0.1912,-0.3926
2005-03-15T12:00:00Z,33.91058,-69.7607,0.1913,-0.3975
2005-03-15T13:00:00Z,33.89523,-69.75324,0.2136,-0.2616
2005-03-15T14:00:00Z,33.88661,-69.74529,0.2137,-0.2575
2005-03-15T15:00:00Z,33.87697,-69.73769,0.2144,-0.2339
2005-03-15T16:00:00Z,33.87072,-69.71718,0.5416,-0.2192
2005-03-15T17:00:00Z,33.86424,-69.6962,0.3425,-0.2403
2005-03-15T18:00:00Z,33.85557,-69.68356,0.3417,-0.2428
2005-03-15T19:00:00Z,33.84759,-69.67171,0.3003,-0.2579
2005-03-15T20:00:00Z,33.83948,-69.65989,0.3003,-0.256
2005-03-15T21:00:00Z,33.8342,-69.65422,0.0931,0.0433
2005-03-15T22:00:00Z,33.8354,-69.64901,0.0903,0.0479
2005-03-15T23:00:00Z,33.83741,-69.64434,0.1001,0.127
2005-03-16T00:00:00Z,33.84161,-69.64251,0.1138,0.132
2005-03-16T01:00:00Z,33.849,-69.6378,0.0593,0.2265
2005-03-16T02:00:00Z,33.85495,-69.63873,0.0599,0.2274
2005-03-16T03:00:00Z,33.86304,-69.63595,0.0714,0.3316
2005-03-16T04:00:00Z,33.87294,-69.63,0.0435,0.3394
2005-03-16T05:00:00Z,33.88623,-69.62989,0.0185,0.4028
2005-03-16T06:00:00Z,33.89936,-69.62929,0.0157,0.404
2005-03-16T07:00:00Z,33.91172,-69.6277,0.0126,0.4061
2005-03-16T08:00:00Z,33.92632,-69.63077,-0.0293,0.4304
2005-03-16T09:00:00Z,33.93959,-69.63337,-0.0745,0.4209
2005-03-16T10:00:00Z,33.9538,-69.63702,-0.1109,0.4297
2005-03-16T11:00:00Z,33.96716,-69.6408,-0.2493,0.433
2005-03-16T12:00:00Z,33.98123,-69.6495,-0.2497,0.4296
2005-03-16T13:00:00Z,33.99432,-69.65993,-0.2786,0.3741
2005-03-16T14:00:00Z,34.00643,-69.67092,-0.2817,0.3714
2005-03-16T15:00:00Z,34.01868,-69.6822,-0.3998,0.3066
2005-03-16T16:00:00Z,34.02667,-69.69872,-0.3954,0.296
2005-03-16T17:00:00Z,34.03603,-69.71433,-0.3548,0.2485
2005-03-16T18:00:00Z,34.043,-69.73484,-0.4652,0.2576
2005-03-16T19:00:00Z,34.05186,-69.74584,-0.1676,0.2466
2005-03-16T20:00:00Z,34.06045,-69.7518,-0.1736,0.2436
2005-03-16T21:00:00Z,34.06072,-69.754,-0.011,-0.0839
2005-03-16T22:00:00Z,34.05831,-69.75464,-0.008,-0.0884
2005-03-16T23:00:00Z,34.05467,-69.75357,0.0394,-0.121
2005-03-17T00:00:00Z,34.04952,-69.7497,0.2483,-0.1893
2005-03-17T01:00:00Z,34.04261,-69.73944,0.2701,-0.2538
2005-03-17T02:00:00Z,34.03409,-69.72941,0.2745,-0.2518
2005-03-17T03:00:00Z,34.02612,-69.71779,0.2949,-0.2591
2005-03-17T04:00:00Z,34.01823,-69.70381,0.4888,-0.2432
2005-03-17T05:00:00Z,34.01002,-69.68365,0.4824,-0.2447
2005-03-17T06:00:00Z,34.0016,-69.66463,0.4822,-0.2463
2005-03-17T07:00:00Z,33.99322,-69.64509,0.5826,-0.1557
2005-03-17T08:00:00Z,33.98904,-69.61707,0.5769,-0.1394
2005-03-17T09:00:00Z,33.99004,-69.59394,0.4946,0.1739
2005-03-17T10:00:00Z,33.99535,-69.57553,0.4999,0.1814
2005-03-17T11:00:00Z,34.00349,-69.56922,-0.1229,0.3204
2005-03-17T12:00:00Z,34.01386,-69.57241,-0.1213,0.3247
2005-03-17T13:00:00Z,34.02425,-69.58228,-0.2431,0.3273
2005-03-17T14:00:00Z,34.03589,-69.5918,-0.245,0.3344
2005-03-17T15:00:00Z,34.04259,-69.60171,-0.2647,0.0645
2005-03-17T16:00:00Z,34.04555,-69.61291,-0.2688,0.0547
2005-03-17T17:00:00Z,34.04606,-69.60758,0.1704,0.0387
2005-03-17T18:00:00Z,34.04627,-69.60214,0.1696,0.0383
2005-03-17T19:00:00Z,34.04936,-69.59163,0.2215,0.1064
2005-03-17T20:00:00Z,34.05289,-69.58023,0.146,0.2626
2005-03-17T21:00:00Z,34.06184,-69.57511,0.1488,0.2704
2005-03-17T22:00:00Z,34.07019,-69.56919,0.1169,0.3027
2005-03-17T23:00:00Z,34.08156,-69.56478,0.1156,0.3043
2005-03-18T00:00:00Z,34.09025,-69.57168,-0.3203,0.2388
2005-03-18T01:00:00Z,34.09777,-69.59449,-0.2043,0.2336
2005-03-18T02:00:00Z,34.10444,-69.60306,-0.1446,0.0383
2005-03-18T03:00:00Z,34.10605,-69.60854,-0.1386,0.0291
2005-03-18T04:00:00Z,34.1063,-69.60842,0.0479,-0.0025
2005-03-18T05:00:00Z,34.10578,-69.60616,0.05,-0.0024
2005-03-18T06:00:00Z,34.10533,-69.60468,0.0518,-0.0021
2005-03-18T07:00:00Z,34.10571,-69.60152,0.1586,0.0267
2005-03-18T08:00:00Z,34.10687,-69.59405,0.1432,0.0303
2005-03-18T09:00:00Z,34.10946,-69.58856,0.1579,0.0903
2005-03-18T10:00:00Z,34.11246,-69.58244,0.1572,0.0911
2005-03-18T11:00:00Z,34.11515,-69.57766,0.1172,0.0837
2005-03-18T12:00:00Z,34.11811,-69.57235,0.1139,0.0508
2005-03-18T13:00:00Z,34.11945,-69.5687,0.1124,0.0509
2005-03-18T14:00:00Z,34.12136,-69.5656,0.094,0.041
2005-03-18T15:00:00Z,34.12245,-69.55871,0.1315,0.0401
2005-03-18T16:00:00Z,34.12385,-69.55507,-0.0048,0.0534
2005-03-18T17:00:00Z,34.12622,-69.55976,0.0412,0.056
2005-03-18T18:00:00Z,34.1283,-69.55617,0.2379,0.0961
2005-03-18T19:00:00Z,34.1322,-69.54684,0.2395,0.1003
2005-03-18T20:00:00Z,34.13674,-69.54096,-0.0581,0.1335
2005-03-18T21:00:00Z,34.13823,-69.54946,0.0353,0.1108
2005-03-18T22:00:00Z,34.14443,-69.54727,-0.0056,0.2187
2005-03-18T23:00:00Z,34.15235,-69.54606,0.06,0.2744
2005-03-19T00:00:00Z,34.16033,-69.54604,0.0312,0.2663
2005-03-19T01:00:00Z,34.16726,-69.54686,0.0191,0.2552
2005-03-19T02:00:00Z,34.17799,-69.54119,0.1433,0.2986
2005-03-19T03:00:00Z,34.19074,-69.53257,0.2003,0.3644
2005-03-19T04:00:00Z,34.19863,-69.53206,0.0333,0.3246
2005-03-19T05:00:00Z,34.20805,-69.53152,-0.0221,0.3554
2005-03-19T06:00:00Z,34.22117,-69.53196,-0.0233,0.336
2005-03-19T07:00:00Z,34.23184,-69.53558,-0.1759,0.3623
2005-03-19T08:00:00Z,34.24319,-69.54253,-0.1797,0.3622
2005-03-19T09:00:00Z,34.25317,-69.55328,-0.2604,0.3068
2005-03-19T10:00:00Z,34.2627,-69.56831,-0.3833,0.2447
2005-03-19T11:00:00Z,34.27038,-69.58612,-0.3871,0.2394
2005-03-19T12:00:00Z,34.27439,-69.60341,-0.4641,0.0954
2005-03-19T13:00:00Z,34.27646,-69.61395,-0.4692,-0.1934
2005-03-19T14:00:00Z,34.2677,-69.63977,-0.3495,-0.2147
2005-03-19T15:00:00Z,34.26256,-69.65333,-0.3443,-0.2321
2005-03-19T16:00:00Z,34.25423,-69.64948,0.3033,-0.2456
2005-03-19T17:00:00Z,34.24594,-69.63768,0.3753,-0.1984
2005-03-19T18:00:00Z,34.23968,-69.62294,0.4323,-0.1061
2005-03-19T19:00:00Z,34.23618,-69.60603,0.4337,-0.1019
2005-03-19T20:00:00Z,34.23589,-69.5894,0.4297,0.1206
2005-03-19T21:00:00Z,34.23949,-69.57147,0.4021,0.1678
2005-03-19T22:00:00Z,34.24545,-69.55692,0.3965,0.173
2005-03-19T23:00:00Z,34.25236,-69.54553,0.1665,0.2509
2005-03-20T00:00:00Z,34.26212,-69.54029,0.1589,0.262
2005-03-20T01:00:00Z,34.26977,-69.53597,0.0176,0.3844
2005-03-20T02:00:00Z,34.28294,-69.53559,0.017,0.3868
2005-03-20T03:00:00Z,34.29491,-69.53471,0.0163,0.3887
2005-03-20T04:00:00Z,34.30634,-69.53357,0.0151,0.3944
2005-03-20T05:00:00Z,34.32055,-69.54308,-0.36,0.4259
2005-03-20T06:00:00Z,34.33712,-69.55567,-0.3585,0.4302
2005-03-20T07:00:00Z,34.34898,-69.57336,-0.4468,0.4092
2005-03-20T08:00:00Z,34.35903,-69.59226,-0.5155,0.2917
2005-03-20T09:00:00Z,34.3741,-69.61249,-0.5174,0.3755
2005-03-20T10:00:00Z,34.37271,-69.63838,-0.2349,-0.0316
2005-03-20T11:00:00Z,34.37279,-69.65253,-0.1057,-0.0783
2005-03-20T12:00:00Z,34.37018,-69.65625,-0.105,-0.0883
2005-03-20T13:00:00Z,34.36649,-69.65451,0.2692,-0.1473
2005-03-20T14:00:00Z,34.36044,-69.64439,0.269,-0.1498
2005-03-20T15:00:00Z,34.35298,-69.63597,0.3724,-0.0403
2005-03-20T16:00:00Z,34.35206,-69.62058,0.3681,-0.0376
2005-03-20T17:00:00Z,34.35275,-69.60483,0.4247,0.1179
2005-03-20T18:00:00Z,34.35925,-69.58789,0.3977,0.2631
2005-03-20T19:00:00Z,34.36836,-69.57328,0.3892,0.269
2005-03-20T20:00:00Z,34.37838,-69.5672,0.0678,0.3171
2005-03-20T21:00:00Z,34.38873,-69.57564,-0.233,0.2989
2005-03-20T22:00:00Z,34.39766,-69.58622,-0.2077,0.2996
2005-03-20T23:00:00Z,34.40315,-69.59434,-0.2368,0.1473
2005-03-21T00:00:00Z,34.41581,-69.60414,-0.2127,-0.0178
2005-03-21T01:00:00Z,34.4144,-69.61227,-0.2118,-0.0079
2005-03-21T02:00:00Z,34.41423,-69.62087,-0.2109,-0.0131
2005-03-21T03:00:00Z,34.41388,-69.62151,0.0357,-0.0137
2005-03-21T04:00:00Z,34.41342,-69.61713,0.2336,0.076
2005-03-21T05:00:00Z,34.4189,-69.60262,0.2028,0.0859
2005-03-21T06:00:00Z,34.42149,-69.59377,0.2046,0.0925
2005-03-21T07:00:00Z,34.43042,-69.58668,0.24,0.2389
2005-03-21T08:00:00Z,34.43753,-69.58461,-0.2609,0.2296
2005-03-21T09:00:00Z,34.44537,-69.59667,-0.2347,0.2271
2005-03-21T10:00:00Z,34.45133,-69.60536,-0.1432,0.0338
2005-03-21T11:00:00Z,34.45223,-69.6085,0.0294,-0.0021
2005-03-21T12:00:00Z,34.45074,-69.60755,0.0348,0.0029
2005-03-21T13:00:00Z,34.45194,-69.59759,0.2624,0.0292
2005-03-21T14:00:00Z,34.45312,-69.5864,0.25,0.0285
2005-03-21T15:00:00Z,34.455,-69.57711,0.2443,0.0828
2005-03-21T16:00:00Z,34.45718,-69.56764,0.2416,0.0815
2005-03-21T17:00:00Z,34.46386,-69.56098,0.1773,0.1978
2005-03-21T18:00:00Z,34.47082,-69.55842,0.0207,0.244
2005-03-21T19:00:00Z,34.47907,-69.55817,0.0154,0.2436
2005-03-21T20:00:00Z,34.4866,-69.5668,-0.1687,0.2366
2005-03-21T21:00:00Z,34.49411,-69.57668,-0.1586,0.2366
2005-03-21T22:00:00Z,34.50142,-69.58446,-0.1543,0.2162
2005-03-21T23:00:00Z,34.50894,-69.58663,-0.1731,0.219
2005-03-22T00:00:00Z,34.51244,-69.59317,-0.1578,0.009
2005-03-22T01:00:00Z,34.51241,-69.60118,-0.1567,0.0074
2005-03-22T02:00:00Z,34.51251,-69.60796,-0.1654,-0.0356
2005-03-22T03:00:00Z,34.51011,-69.61124,-0.1311,-0.0403
2005-03-22T04:00:00Z,34.5081,-69.60662,0.1626,-0.0624
2005-03-22T05:00:00Z,34.50707,-69.59704,0.1152,-0.0582
2005-03-22T06:00:00Z,34.50797,-69.58964,0.4232,0.0231
2005-03-22T07:00:00Z,34.50291,-69.56477,0.3592,-0.0494
2005-03-22T08:00:00Z,34.50423,-69.54862,0.3387,0.1782
2005-03-22T09:00:00Z,34.51321,-69.53907,0.4284,0.0782
2005-03-22T10:00:00Z,34.51562,-69.5217,0.3198,0.1946
2005-03-22T11:00:00Z,34.52286,-69.51832,0.071,0.2076
2005-03-22T12:00:00Z,34.52974,-69.5157,0.0701,0.2279
2005-03-22T13:00:00Z,34.53686,-69.51242,0.0716,0.227
2005-03-22T14:00:00Z,34.54388,-69.50937,0.0722,0.2263
2005-03-22T15:00:00Z,34.55201,-69.50664,0.0777,0.2372
2005-03-22T16:00:00Z,34.55986,-69.50331,0.0851,0.2558
2005-03-22T17:00:00Z,34.56834,-69.50044,0.0829,0.2565
2005-03-22T18:00:00Z,34.57606,-69.50497,-0.0611,0.2408
2005-03-22T19:00:00Z,34.58413,-69.49124,-0.2525,0.2348
2005-03-22T20:00:00Z,34.59167,-69.50202,-0.2449,0.2351
2005-03-22T21:00:00Z,34.59922,-69.51185,-0.2422,0.2357
2005-03-22T22:00:00Z,34.60661,-69.52155,-0.2645,0.2187
2005-03-22T23:00:00Z,34.61432,-69.53141,-0.2645,0.2198
2005-03-23T00:00:00Z,34.61747,-69.54471,-0.3155,0.1198
2005-03-23T01:00:00Z,34.62103,-69.55742,-0.3174,0.1115
2005-03-23T02:00:00Z,34.62106,-69.57026,-0.3365,0.0242
2005-03-23T03:00:00Z,34.62049,-69.58434,-0.3401,0.0215
2005-03-23T04:00:00Z,34.61431,-69.58766,-0.071,-0.1695
2005-03-23T05:00:00Z,34.60807,-69.59028,-0.0706,-0.171
2005-03-23T06:00:00Z,34.59918,-69.59314,-0.0702,-0.1934
2005-03-23T07:00:00Z,34.59111,-69.59629,-0.0699,-0.1977
2005-03-23T08:00:00Z,34.58798,-69.58854,0.3698,-0.0248
2005-03-23T09:00:00Z,34.58829,-69.57371,0.073,-0.1505
2005-03-23T10:00:00Z,34.59211,-69.55551,0.4809,0.2372
2005-03-23T11:00:00Z,34.60084,-69.53571,0.4863,0.2387
2005-03-23T12:00:00Z,34.61202,-69.51956,0.3611,0.3915
2005-03-23T13:00:00Z,34.63355,-69.50574,0.3507,0.4888
2005-03-23T14:00:00Z,34.63443,-69.51184,-0.0803,0.1866
2005-03-23T15:00:00Z,34.64245,-69.51414,-0.0816,0.1805
2005-03-23T16:00:00Z,34.64952,-69.51705,-0.0822,0.1748
2005-03-23T17:00:00Z,34.65655,-69.52005,-0.0828,0.1685
2005-03-23T18:00:00Z,34.65995,-69.52222,-0.0444,0.1881
2005-03-23T19:00:00Z,34.66537,-69.5217,0.3765,0.2159
2005-03-23T20:00:00Z,34.67286,-69.50733,0.393,0.2091
2005-03-23T21:00:00Z,34.68146,-69.48846,0.4444,0.318
2005-03-23T22:00:00Z,34.69279,-69.48128,0.2402,0.3531
2005-03-23T23:00:00Z,34.70233,-69.47434,0.0896,0.2898
2005-03-24T00:00:00Z,34.71102,-69.47341,0.0453,0.2834
2005-03-24T01:00:00Z,34.71921,-69.47947,-0.0617,0.2549
2005-03-24T02:00:00Z,34.72643,-69.48036,-0.0651,0.1786
2005-03-24T03:00:00Z,34.73298,-69.47681,0.0759,0.0466
2005-03-24T04:00:00Z,34.73196,-69.48702,-0.0619,0.0748
2005-03-24T05:00:00Z,34.7352,-69.48296,0.2701,0.0524
2005-03-24T06:00:00Z,34.73715,-69.47233,0.2718,0.0536
2005-03-24T07:00:00Z,34.7386,-69.46209,0.2799,0.0552
2005-03-24T08:00:00Z,34.74954,-69.44975,0.2946,0.3384
2005-03-24T09:00:00Z,34.76168,-69.4247,-0.0322,0.2942
2005-03-24T10:00:00Z,34.76982,-69.42521,-0.0359,0.3013
2005-03-24T11:00:00Z,34.77988,-69.42137,-0.1422,0.227
2005-03-24T12:00:00Z,34.78795,-69.42917,-0.1206,0.2285
2005-03-24T13:00:00Z,34.79453,-69.43383,-0.1158,0.0831
2005-03-24T14:00:00Z,34.79685,-69.43819,-0.1137,0.0821
2005-03-24T15:00:00Z,34.79987,-69.44321,-0.1133,0.078
2005-03-24T16:00:00Z,34.79919,-69.44068,0.039,0.0084
2005-03-24T17:00:00Z,34.79923,-69.438,0.0826,-0.0221
2005-03-24T18:00:00Z,34.79789,-69.43496,0.0817,-0.0243
2005-03-24T19:00:00Z,34.79816,-69.42383,0.5097,0.0355
2005-03-24T20:00:00Z,34.80023,-69.39695,0.3392,0.046
2005-03-24T21:00:00Z,34.81457,-69.39542,-0.1324,0.2878
2005-03-24T22:00:00Z,34.81999,-69.40129,-0.136,0.3383
2005-03-24T23:00:00Z,34.83197,-69.39641,0.1316,0.2889
2005-03-25T00:00:00Z,34.84332,-69.38067,0.3061,0.3373
2005-03-25T01:00:00Z,34.84927,-69.39224,-0.2672,0.173
2005-03-25T02:00:00Z,34.85522,-69.40329,-0.2624,0.1718
2005-03-25T03:00:00Z,34.86005,-69.40873,-0.0491,0.1438
2005-03-25T04:00:00Z,34.86521,-69.4117,-0.0452,0.1466
2005-03-25T05:00:00Z,34.85885,-69.41137,-0.0102,-0.0399
2005-03-25T06:00:00Z,34.85634,-69.41195,-0.0097,-0.0289
2005-03-25T07:00:00Z,34.85487,-69.41349,0.2305,-0.01
2005-03-25T08:00:00Z,34.85497,-69.40401,0.2276,-0.0076
2005-03-25T09:00:00Z,34.85771,-69.39574,0.1944,0.2411
2005-03-25T10:00:00Z,34.86586,-69.38747,0.1985,0.24
2005-03-25T11:00:00Z,34.87337,-69.38034,0.0693,0.242
2005-03-25T12:00:00Z,34.88168,-69.37797,0.0584,0.2421
2005-03-25T13:00:00Z,34.88781,-69.38038,-0.0808,0.1762
2005-03-25T14:00:00Z,34.89368,-69.38369,-0.0814,0.175
2005-03-25T15:00:00Z,34.8988,-69.38724,-0.1089,0.1191
2005-03-25T16:00:00Z,34.90149,-69.39202,-0.111,0.118
2005-03-25T17:00:00Z,34.8995,-69.39743,-0.1101,-0.0721
2005-03-25T18:00:00Z,34.89794,-69.40171,-0.1069,-0.0763
2005-03-25T19:00:00Z,34.89631,-69.39586,0.2836,0.018
2005-03-25T20:00:00Z,34.8937,-69.3844,0.2815,0.0092
2005-03-25T21:00:00Z,34.89751,-69.37272,0.3067,0.1323
2005-03-25T22:00:00Z,34.90161,-69.36151,0.3001,0.2299
2005-03-25T23:00:00Z,34.90953,-69.34728,0.3263,0.2304
2005-03-26T00:00:00Z,34.91661,-69.3382,0.0466,0.2344
2005-03-26T01:00:00Z,34.92449,-69.33687,0.0507,0.2345
2005-03-26T02:00:00Z,34.93297,-69.33488,0.0275,0.1938
2005-03-26T03:00:00Z,34.93837,-69.33341,0.0291,0.1876
2005-03-26T04:00:00Z,34.94114,-69.33409,-0.0673,-0.0608
2005-03-26T05:00:00Z,34.93882,-69.33847,-0.0651,-0.0629
2005-03-26T06:00:00Z,34.93712,-69.34383,-0.0662,-0.0639
2005-03-26T07:00:00Z,34.93556,-69.34903,0.0643,-0.0837
2005-03-26T08:00:00Z,34.93116,-69.34654,0.0715,-0.0837
2005-03-26T09:00:00Z,34.92888,-69.33886,0.2877,-0.0291
2005-03-26T10:00:00Z,34.92807,-69.32679,0.2814,-0.0222
2005-03-26T11:00:00Z,34.93307,-69.31633,0.2759,0.1697
2005-03-26T12:00:00Z,34.93921,-69.30575,0.2294,0.2151
2005-03-26T13:00:00Z,34.94597,-69.29739,0.2217,0.2148
2005-03-26T14:00:00Z,34.95195,-69.28732,0.2282,0.2114
2005-03-26T15:00:00Z,34.96075,-69.28166,0.1199,0.2772
2005-03-26T16:00:00Z,34.96951,-69.27779,-0.0166,0.2629
2005-03-26T17:00:00Z,34.97782,-69.27885,-0.0189,0.1494
2005-03-26T18:00:00Z,34.98323,-69.28011,-0.0164,0.1199
2005-03-26T19:00:00Z,34.98532,-69.28169,-0.0408,0.0056
2005-03-26T20:00:00Z,34.98688,-69.28041,-0.1114,-0.0597
2005-03-26T21:00:00Z,34.98397,-69.28816,-0.0822,-0.0577
2005-03-26T22:00:00Z,34.97853,-69.29117,-0.0711,-0.2166
2005-03-26T23:00:00Z,34.96975,-69.29327,-0.0622,-0.2063
2005-03-27T00:00:00Z,34.96425,-69.28489,0.2477,-0.1979
2005-03-27T01:00:00Z,34.95804,-69.27529,0.252,-0.1958
2005-03-27T02:00:00Z,34.9542,-69.26375,0.3411,0.02
2005-03-27T03:00:00Z,34.95533,-69.24802,0.3304,0.028
2005-03-27T04:00:00Z,34.96347,-69.23575,0.3319,0.2777
2005-03-27T05:00:00Z,34.97323,-69.2232,0.3314,0.2706
2005-03-27T06:00:00Z,34.98232,-69.21016,0.3308,0.2649
2005-03-27T07:00:00Z,34.99061,-69.20282,-0.0567,0.2755
2005-03-27T08:00:00Z,34.99953,-69.20451,-0.0589,0.2743
2005-03-27T09:00:00Z,35.00661,-69.20948,-0.1254,0.2213
2005-03-27T10:00:00Z,35.01239,-69.21405,-0.1808,-0.0424
2005-03-27T11:00:00Z,35.01062,-69.22198,-0.1809,-0.0465
2005-03-27T12:00:00Z,35.00474,-69.22871,-0.173,-0.3022
2005-03-27T13:00:00Z,34.99544,-69.23517,-0.1709,-0.3045
2005-03-27T14:00:00Z,34.98082,-69.23924,0.3825,-0.2515
2005-03-27T15:00:00Z,34.97294,-69.22327,0.3749,-0.246
2005-03-27T16:00:00Z,34.96769,-69.20798,0.3977,-0.0444
2005-03-27T17:00:00Z,34.96693,-69.19282,0.3954,-0.0214
2005-03-27T18:00:00Z,34.97233,-69.17586,0.51,0.3196
2005-03-27T19:00:00Z,34.98147,-69.15613,0.4914,0.2716
2005-03-27T20:00:00Z,34.98996,-69.14274,-0.0291,0.1542
2005-03-27T21:00:00Z,34.99497,-69.14396,-0.0299,0.1345
2005-03-27T22:00:00Z,34.99586,-69.14479,-0.0185,0.0216
2005-03-27T23:00:00Z,34.99678,-69.14485,0.1235,-0.0195
2005-03-28T00:00:00Z,34.99572,-69.13888,0.1232,-0.0205
2005-03-28T01:00:00Z,34.99482,-69.13387,0.1261,-0.0209
2005-03-28T02:00:00Z,34.99318,-69.12123,0.3544,-0.0517
2005-03-28T03:00:00Z,34.99312,-69.10683,0.3267,-0.0321
2005-03-28T04:00:00Z,34.98754,-69.09472,0.3214,-0.0895
2005-03-28T05:00:00Z,34.99007,-69.08219,0.2234,0.268
2005-03-28T06:00:00Z,35.00744,-69.07262,0.2127,0.1397
2005-03-28T07:00:00Z,35.01133,-69.06548,0.1517,0.072
2005-03-28T08:00:00Z,35.01382,-69.06011,0.1555,0.0676
2005-03-28T09:00:00Z,35.0148,-69.05399,0.1368,0.0328
2005-03-28T10:00:00Z,35.01498,-69.04772,0.158,-0.0082
2005-03-28T11:00:00Z,35.0148,-69.04277,0.1451,-0.008
2005-03-28T12:00:00Z,35.01516,-69.03832,0.1369,-0.0047
2005-03-28T13:00:00Z,35.01473,-69.03163,0.3251,-0.0532
2005-03-28T14:00:00Z,35.01153,-69.01194,0.2491,-0.0473
2005-03-28T15:00:00Z,35.00941,-69.00144,0.2433,-0.0456
2005-03-28T16:00:00Z,35.00923,-68.9923,0.3146,-0.0265
2005-03-28T17:00:00Z,35.0086,-68.98001,0.2941,0.2497
2005-03-28T18:00:00Z,35.01714,-68.96851,0.2499,0.2218
2005-03-28T19:00:00Z,35.02417,-68.95841,0.249,0.2188
2005-03-28T20:00:00Z,35.03062,-68.95066,0.1997,0.1886
2005-03-28T21:00:00Z,35.03551,-68.94388,0.2086,0.1414
2005-03-28T22:00:00Z,35.04065,-68.93441,0.2125,0.1493
2005-03-28T23:00:00Z,35.04683,-68.92552,0.2136,0.1618
2005-03-29T00:00:00Z,35.0542,-68.91705,0.2141,0.1752
2005-03-29T01:00:00Z,35.04902,-68.90648,0.3108,0.1318
2005-03-29T02:00:00Z,35.05375,-68.89652,0.3,0.1299
2005-03-29T03:00:00Z,35.05848,-68.88709,0.307,0.2139
2005-03-29T04:00:00Z,35.06431,-68.86835,0.3075,0.2187
2005-03-29T05:00:00Z,35.07326,-68.85978,0.1794,0.2621
2005-03-29T06:00:00Z,35.08373,-68.85261,0.1774,0.2688
2005-03-29T07:00:00Z,35.08791,-68.84773,0.1323,0.0882
2005-03-29T08:00:00Z,35.09127,-68.84073,0.1652,0.0677
2005-03-29T09:00:00Z,35.09217,-68.83679,0.1382,0.0636
2005-03-29T10:00:00Z,35.0945,-68.82828,0.3231,0.0973
2005-03-29T11:00:00Z,35.09819,-68.81464,0.2691,0.0506
2005-03-29T12:00:00Z,35.10001,-68.80369,0.2649,0.0464
2005-03-29T13:00:00Z,35.10191,-68.79252,0.2721,0.0458
2005-03-29T14:00:00Z,35.10254,-68.78312,0.2632,0.0415
2005-03-29T15:00:00Z,35.10323,-68.77354,0.4011,0.1098
2005-03-29T16:00:00Z,35.10828,-68.75715,0.3986,0.0938
2005-03-29T17:00:00Z,35.11166,-68.73999,0.4596,0.1309
2005-03-29T18:00:00Z,35.11622,-68.72164,0.4869,0.1705
2005-03-29T19:00:00Z,35.1211,-68.70133,0.494,0.1688
2005-03-29T20:00:00Z,35.12933,-68.69269,0.1392,0.2514
2005-03-29T21:00:00Z,35.13805,-68.68745,0.1398,0.2507
2005-03-29T22:00:00Z,35.14619,-68.68179,0.134,0.249
2005-03-29T23:00:00Z,35.15346,-68.67658,0.1341,0.2371
2005-03-30T00:00:00Z,35.1588,-68.67104,0.1545,0.1339
2005-03-30T01:00:00Z,35.16174,-68.6648,0.1555,0.1366
2005-03-30T02:00:00Z,35.16538,-68.65917,0.1556,0.1382
2005-03-30T03:00:00Z,35.17088,-68.64954,0.2358,0.1407
2005-03-30T04:00:00Z,35.17609,-68.6402,0.2316,0.1598
2005-03-30T05:00:00Z,35.18069,-68.63117,0.2296,0.1585
2005-03-30T06:00:00Z,35.18522,-68.62074,0.1957,0.1572
2005-03-30T07:00:00Z,35.18953,-68.61619,0.1501,0.1328
2005-03-30T08:00:00Z,35.19421,-68.61042,0.1495,0.1332
2005-03-30T09:00:00Z,35.19965,-68.60345,0.1454,0.1347
2005-03-30T10:00:00Z,35.20219,-68.59987,-0.0011,0.1315
2005-03-30T11:00:00Z,35.20649,-68.59988,-3.0E-4,0.1068
2005-03-30T12:00:00Z,35.2126,-68.60032,0.249,0.0914
2005-03-30T13:00:00Z,35.21339,-68.58882,0.2852,0.0852
2005-03-30T14:00:00Z,35.21511,-68.57787,0.2887,0.0937
2005-03-30T15:00:00Z,35.21873,-68.56695,0.2832,0.0963
2005-03-30T16:00:00Z,35.22218,-68.55425,0.2841,0.0945
2005-03-30T17:00:00Z,35.22595,-68.54566,0.256,0.1295
2005-03-30T18:00:00Z,35.23005,-68.53589,0.2374,0.1268
2005-03-30T19:00:00Z,35.23475,-68.52355,0.2606,0.1321
2005-03-30T20:00:00Z,35.23821,-68.52541,0.1433,0.1233
2005-03-30T21:00:00Z,35.24189,-68.51961,0.0704,0.127
2005-03-30T22:00:00Z,35.24642,-68.51587,0.1013,0.1192
2005-03-30T23:00:00Z,35.25024,-68.51317,0.1032,0.1184
2005-03-31T00:00:00Z,35.25397,-68.507,0.1484,0.1104
2005-03-31T01:00:00Z,35.25749,-68.50075,0.1496,0.1103
2005-03-31T02:00:00Z,35.26061,-68.49511,0.1757,0.0934
2005-03-31T03:00:00Z,35.2642,-68.4874,0.1761,0.0945
2005-03-31T04:00:00Z,35.26589,-68.48107,0.1527,0.0281
2005-03-31T05:00:00Z,35.26612,-68.47515,0.1514,0.0276
2005-03-31T06:00:00Z,35.26728,-68.46809,0.1596,0.042
2005-03-31T07:00:00Z,35.26934,-68.4634,0.1493,0.0489
2005-03-31T08:00:00Z,35.27228,-68.45481,0.3082,0.1217
2005-03-31T09:00:00Z,35.27701,-68.44218,0.3046,0.1181
2005-03-31T10:00:00Z,35.28068,-68.42977,0.1862,0.1985
2005-03-31T11:00:00Z,35.28723,-68.42196,0.1829,0.1996
2005-03-31T12:00:00Z,35.29308,-68.41512,0.1248,0.1944
2005-03-31T13:00:00Z,35.29974,-68.41065,0.1205,0.1954
2005-03-31T14:00:00Z,35.30716,-68.40502,0.1202,0.1983
2005-03-31T15:00:00Z,35.31016,-68.40605,-0.037,0.0849
2005-03-31T16:00:00Z,35.31193,-68.40762,-0.0676,-0.0107
2005-03-31T17:00:00Z,35.31067,-68.41156,-0.0756,-0.0103
2005-03-31T18:00:00Z,35.31097,-68.38138,0.2922,-0.0059
2005-03-31T19:00:00Z,35.31119,-68.36724,0.1408,0.1183
2005-03-31T20:00:00Z,35.31651,-68.3707,0.3502,0.1028
2005-03-31T21:00:00Z,35.32053,-68.35675,0.1206,0.2046
2005-03-31T22:00:00Z,35.32686,-68.3525,0.0776,0.1849
2005-03-31T23:00:00Z,35.33382,-68.34725,0.0444,0.1272
2005-04-01T00:00:00Z,35.33674,-68.34788,0.0536,0.1228
2005-04-01T01:00:00Z,35.34093,-68.34681,0.0564,0.1184
2005-04-01T02:00:00Z,35.34293,-68.34393,0.0468,0.0683
2005-04-01T03:00:00Z,35.34315,-68.34109,0.0506,0.067
2005-04-01T04:00:00Z,35.34712,-68.32866,0.262,0.0951
2005-04-01T05:00:00Z,35.35061,-68.31686,0.2567,0.0966
2005-04-01T06:00:00Z,35.35368,-68.30445,0.2464,0.0971
2005-04-01T07:00:00Z,35.35626,-68.27868,0.3103,0.0969
2005-04-01T08:00:00Z,35.36467,-68.28606,0.2563,0.3324
2005-04-01T09:00:00Z,35.37589,-68.27552,0.0363,0.3378
2005-04-01T10:00:00Z,35.38153,-68.27423,-0.0684,0.1231
2005-04-01T11:00:00Z,35.38531,-68.26005,0.1962,0.1218
2005-04-01T12:00:00Z,35.38862,-68.28085,-0.1074,0.0978
2005-04-01T13:00:00Z,35.39236,-68.28495,0.2155,0.1112
2005-04-01T14:00:00Z,35.39452,-68.27594,0.2051,0.1235
2005-04-01T15:00:00Z,35.39933,-68.26797,0.2041,0.1218
2005-04-01T16:00:00Z,35.40372,-68.25965,0.2042,0.1207
2005-04-01T17:00:00Z,35.40824,-68.25108,-0.0283,0.1382
2005-04-01T18:00:00Z,35.41222,-68.25249,-0.0292,0.1383
2005-04-01T19:00:00Z,35.41633,-68.25363,-0.0298,0.1384
2005-04-01T20:00:00Z,35.42018,-68.25396,-0.03,0.1388
2005-04-01T21:00:00Z,35.42571,-68.25863,-0.1645,0.0911
2005-04-01T22:00:00Z,35.42838,-68.26289,-0.145,0.0862
2005-04-01T23:00:00Z,35.42881,-68.26715,-0.1037,-0.0024
2005-04-02T00:00:00Z,35.42859,-68.2761,-0.1393,-0.008
2005-04-02T01:00:00Z,35.42406,-68.27395,0.2686,-0.0895
2005-04-02T02:00:00Z,35.4217,-68.26484,0.2504,-0.0756
2005-04-02T03:00:00Z,35.42065,-68.25381,0.3088,0.0285
2005-04-02T04:00:00Z,35.42292,-68.23937,0.2995,0.0438
2005-04-02T05:00:00Z,35.43034,-68.22819,0.3027,0.2641
2005-04-02T06:00:00Z,35.4389,-68.21652,0.305,0.2655
2005-04-02T07:00:00Z,35.44695,-68.20434,0.3028,0.278
2005-04-02T08:00:00Z,35.45657,-68.21398,-0.2764,0.2851
2005-04-02T09:00:00Z,35.46624,-68.22597,-0.2135,0.067
2005-04-02T10:00:00Z,35.46823,-68.23314,-0.2097,0.0616
2005-04-02T11:00:00Z,35.47018,-68.2405,-0.1149,-0.0037
2005-04-02T12:00:00Z,35.46865,-68.24367,-0.1079,-0.0119
2005-04-02T13:00:00Z,35.46969,-68.23376,0.1351,0.0296
2005-04-02T14:00:00Z,35.47286,-68.2303,0.2065,0.143
2005-04-02T15:00:00Z,35.47526,-68.2222,0.1387,0.2913
2005-04-02T16:00:00Z,35.48396,-68.21444,0.1597,0.2968
2005-04-02T17:00:00Z,35.49347,-68.21256,-0.2177,0.2908
2005-04-02T18:00:00Z,35.50322,-68.22117,-0.2213,0.2917
2005-04-02T19:00:00Z,35.51214,-68.23375,-0.4122,0.2754
2005-04-02T20:00:00Z,35.52118,-68.25042,-0.4135,0.275
2005-04-02T21:00:00Z,35.51694,-68.26717,-0.4293,0.0546
2005-04-02T22:00:00Z,35.51761,-68.28469,-0.4304,0.065
2005-04-02T23:00:00Z,35.52074,-68.27871,0.1876,0.0561
2005-04-03T00:00:00Z,35.52269,-68.2724,0.1687,0.075
2005-04-03T01:00:00Z,35.52585,-68.26503,0.1058,0.0835
2005-04-03T02:00:00Z,35.52703,-68.26468,0.1041,0.0781
2005-04-03T03:00:00Z,35.5317,-68.27111,-0.1462,0.1546
2005-04-03T04:00:00Z,35.53654,-68.25099,-0.3603,0.1497
2005-04-03T05:00:00Z,35.54119,-68.26683,-0.3526,0.1491
2005-04-03T06:00:00Z,35.54637,-68.28283,-0.3316,0.1479
2005-04-03T07:00:00Z,35.55226,-68.2973,-0.2602,0.0292
2005-04-03T08:00:00Z,35.55333,-68.30751,-0.2522,0.0242
2005-04-03T09:00:00Z,35.55379,-68.31398,0.0077,-0.0404
2005-04-03T10:00:00Z,35.55231,-68.31363,0.0131,-0.0458
2005-04-03T11:00:00Z,35.54963,-68.30621,0.2924,-0.0831
2005-04-03T12:00:00Z,35.53949,-68.29494,0.295,-0.1627
2005-04-03T13:00:00Z,35.54175,-68.28261,0.3037,0.0785
2005-04-03T14:00:00Z,35.54405,-68.26993,0.3067,0.0813
2005-04-03T15:00:00Z,35.54927,-68.26523,-0.166,0.2569
2005-04-03T16:00:00Z,35.55962,-68.27622,0.1083,0.1906
2005-04-03T17:00:00Z,35.56312,-68.28439,-0.371,0.047
2005-04-03T18:00:00Z,35.56489,-68.30845,-0.4734,0.0467
2005-04-03T19:00:00Z,35.56546,-68.32062,-0.1903,0.0031
2005-04-03T20:00:00Z,35.56663,-68.32784,-0.1958,-0.0068
2005-04-03T21:00:00Z,35.56317,-68.33529,-0.1728,-0.1009
2005-04-03T22:00:00Z,35.55993,-68.34193,-0.1519,-0.1184
2005-04-03T23:00:00Z,35.55519,-68.34693,-0.1413,-0.1209
2005-04-04T00:00:00Z,35.55237,-68.34029,0.2745,-0.0762
2005-04-04T01:00:00Z,35.55,-68.32914,0.2728,-0.0747
2005-04-04T02:00:00Z,35.54697,-68.31864,0.2869,0.0087
2005-04-04T03:00:00Z,35.54767,-68.30694,0.2877,0.0157
2005-04-04T04:00:00Z,35.55049,-68.30289,-0.1494,0.1135
2005-04-04T05:00:00Z,35.55569,-68.30896,-0.1506,0.1173
2005-04-04T06:00:00Z,35.56128,-68.3146,-0.151,0.122
2005-04-04T07:00:00Z,35.56588,-68.3225,-0.4393,-0.0404
2005-04-04T08:00:00Z,35.56484,-68.33961,-0.4431,-0.0463
2005-04-04T09:00:00Z,35.56155,-68.35882,-0.4755,-0.1524
2005-04-04T10:00:00Z,35.55754,-68.38973,-0.2741,-0.232
2005-04-04T11:00:00Z,35.54928,-68.40041,-0.2723,-0.2317
2005-04-04T12:00:00Z,35.542,-68.40843,-0.0981,-0.2366
2005-04-04T13:00:00Z,35.53429,-68.41069,-0.0765,-0.2363
2005-04-04T14:00:00Z,35.52586,-68.41323,-0.0714,-0.2394
2005-04-04T15:00:00Z,35.5205,-68.3828,0.2051,-0.1942
2005-04-04T16:00:00Z,35.51494,-68.37519,0.2122,-0.0115
2005-04-04T17:00:00Z,35.51496,-68.3666,0.209,-5.0E-4
2005-04-04T18:00:00Z,35.51355,-68.35691,0.2111,-0.0043
2005-04-04T19:00:00Z,35.518,-68.35614,-0.0336,0.1145
2005-04-04T20:00:00Z,35.52177,-68.35788,-0.1625,0.1244
2005-04-04T21:00:00Z,35.52572,-68.36532,-0.1779,0.1219
2005-04-04T22:00:00Z,35.52767,-68.37825,-0.296,0.0647
2005-04-04T23:00:00Z,35.52883,-68.39023,-0.3005,-0.2668
2005-04-05T00:00:00Z,35.51959,-68.40131,-0.2962,-0.2651
2005-04-05T01:00:00Z,35.51163,-68.41361,-0.296,-0.2759
2005-04-05T02:00:00Z,35.50276,-68.42276,-0.1437,-0.2843
2005-04-05T03:00:00Z,35.49079,-68.42783,-0.1426,-0.2976
2005-04-05T04:00:00Z,35.48334,-68.41319,0.4727,-0.2332
2005-04-05T05:00:00Z,35.47647,-68.37877,0.3181,-0.2339
2005-04-05T06:00:00Z,35.46901,-68.36594,0.3174,-0.2329
2005-04-05T07:00:00Z,35.46851,-68.35388,0.2822,0.2289
2005-04-05T08:00:00Z,35.47699,-68.34168,0.2765,0.2157
2005-04-05T09:00:00Z,35.48285,-68.33432,0.1896,0.198
2005-04-05T10:00:00Z,35.48866,-68.33408,-0.2079,0.154
2005-04-05T11:00:00Z,35.49429,-68.34237,-0.2128,0.1563
2005-04-05T12:00:00Z,35.49679,-68.35404,-0.2858,0.0876
2005-04-05T13:00:00Z,35.49726,-68.36534,-0.304,-0.265
2005-04-05T14:00:00Z,35.48557,-68.37691,-0.0846,-0.2345
2005-04-05T15:00:00Z,35.47926,-68.37692,-0.1087,-0.2425
2005-04-05T16:00:00Z,35.47039,-68.38161,-0.0833,-0.25
2005-04-05T17:00:00Z,35.4625,-68.3862,-0.0727,-0.2545
2005-04-05T18:00:00Z,35.45244,-68.38643,0.4766,-0.2732
2005-04-05T19:00:00Z,35.44338,-68.36754,0.4814,-0.2703
2005-04-05T20:00:00Z,35.43529,-68.34803,0.526,-0.0944
2005-04-05T21:00:00Z,35.43219,-68.32629,0.5184,-0.0133
2005-04-05T22:00:00Z,35.43237,-68.30645,0.5107,-0.0046
2005-04-05T23:00:00Z,35.43506,-68.29019,0.3161,0.1204
2005-04-06T00:00:00Z,35.44078,-68.27827,0.3161,0.1144
2005-04-06T01:00:00Z,35.44385,-68.26772,0.2488,0.1546
2005-04-06T02:00:00Z,35.44912,-68.25933,0.1855,0.1312
2005-04-06T03:00:00Z,35.45391,-68.25248,0.1097,0.1116
2005-04-06T04:00:00Z,35.45599,-68.25001,0.113,0.1127
2005-04-06T05:00:00Z,35.45998,-68.24587,0.0816,0.1109
2005-04-06T06:00:00Z,35.46405,-68.24143,0.0807,0.1095
2005-04-06T07:00:00Z,35.46746,-68.23928,0.0206,0.1202
2005-04-06T08:00:00Z,35.4713,-68.23834,0.0147,0.1195
2005-04-06T09:00:00Z,35.47499,-68.24058,-0.0238,0.1136
2005-04-06T10:00:00Z,35.47913,-68.24242,-0.0041,0.1472
2005-04-06T11:00:00Z,35.48371,-68.24075,0.057,0.2087
2005-04-06T12:00:00Z,35.49059,-68.24158,0.0388,0.2106
2005-04-06T13:00:00Z,35.49587,-68.24152,-0.0137,0.1533
2005-04-06T14:00:00Z,35.49986,-68.24169,-0.0214,0.0324
2005-04-06T15:00:00Z,35.50099,-68.2435,-0.0124,0.0252
2005-04-06T16:00:00Z,35.50001,-68.2449,-0.0776,-0.0509
2005-04-06T17:00:00Z,35.4978,-68.24681,-0.1901,-0.1131
2005-04-06T18:00:00Z,35.49345,-68.25495,-0.2086,-0.1729
2005-04-06T19:00:00Z,35.48851,-68.26281,-0.2095,-0.1722
2005-04-06T20:00:00Z,35.48127,-68.27175,-0.2261,-0.241
2005-04-06T21:00:00Z,35.47313,-68.28529,-0.3506,-0.2599
2005-04-06T22:00:00Z,35.46477,-68.30124,-0.3589,-0.2586
2005-04-06T23:00:00Z,35.45679,-68.31308,-0.3497,-0.2434
2005-04-07T00:00:00Z,35.44859,-68.32385,-0.1165,-0.3063
2005-04-07T01:00:00Z,35.43908,-68.32583,-0.1451,-0.3243
2005-04-07T02:00:00Z,35.42779,-68.33262,-0.1341,-0.3203
2005-04-07T03:00:00Z,35.41819,-68.33712,-0.1013,-0.2651
2005-04-07T04:00:00Z,35.4095,-68.34239,-0.0926,-0.2626
2005-04-07T05:00:00Z,35.40138,-68.34417,-0.051,-0.247
2005-04-07T06:00:00Z,35.39348,-68.34629,-0.048,-0.2472
2005-04-07T07:00:00Z,35.3863,-68.33967,0.202,-0.2192
2005-04-07T08:00:00Z,35.37804,-68.33169,0.2258,-0.2267
2005-04-07T09:00:00Z,35.37295,-68.32205,0.2274,-0.2066
2005-04-07T10:00:00Z,35.36558,-68.31187,0.2785,-0.207
2005-04-07T11:00:00Z,35.35801,-68.30107,0.2858,-0.2046
2005-04-07T12:00:00Z,35.3535,-68.28774,0.2949,-0.2234
2005-04-07T13:00:00Z,35.34485,-68.27656,0.2991,-0.2535
2005-04-07T14:00:00Z,35.33653,-68.272,0.239,-0.2539
2005-04-07T15:00:00Z,35.32874,-68.26181,0.4814,-0.2617
2005-04-07T16:00:00Z,35.31972,-68.24237,0.4783,-0.2627
2005-04-07T17:00:00Z,35.31244,-68.22304,0.4942,-0.221
2005-04-07T18:00:00Z,35.30509,-68.20314,0.5047,-0.2296
2005-04-07T19:00:00Z,35.2976,-68.18336,0.5046,-0.2323
2005-04-07T20:00:00Z,35.28696,-68.15988,0.5833,-0.2973
2005-04-07T21:00:00Z,35.2876,-68.13522,0.6373,0.0622
2005-04-07T22:00:00Z,35.28959,-68.11107,0.6503,0.1315
2005-04-07T23:00:00Z,35.29361,-68.08342,0.6605,0.1316
2005-04-08T00:00:00Z,35.30626,-68.06296,0.3086,0.3746
2005-04-08T01:00:00Z,35.31814,-68.05111,0.2707,0.4319
2005-04-08T02:00:00Z,35.33068,-68.04031,0.2681,0.4374
2005-04-08T03:00:00Z,35.3473,-68.03354,0.1642,0.4763
2005-04-08T04:00:00Z,35.36313,-68.02915,0.0577,0.476
2005-04-08T05:00:00Z,35.37758,-68.02892,0.0693,0.4709
2005-04-08T06:00:00Z,35.39226,-68.0259,-0.0052,0.1825
2005-04-08T07:00:00Z,35.39759,-68.0261,-0.0051,0.1844
2005-04-08T08:00:00Z,35.40323,-68.02635,-0.005,0.1859
2005-04-08T09:00:00Z,35.40906,-68.02678,-0.0049,0.1871
2005-04-08T10:00:00Z,35.4142,-68.02578,0.0155,0.1427
2005-04-08T11:00:00Z,35.41467,-68.02425,0.0532,-0.0013
2005-04-08T12:00:00Z,35.41262,-68.02197,0.0696,-0.2464
2005-04-08T13:00:00Z,35.40393,-68.01927,0.0702,-0.2404
2005-04-08T14:00:00Z,35.39599,-68.01705,0.0701,-0.2391
2005-04-08T15:00:00Z,35.38828,-68.01281,0.1044,-0.251
2005-04-08T16:00:00Z,35.37992,-68.00695,0.1039,-0.2507
2005-04-08T17:00:00Z,35.37146,-68.00533,0.0807,-0.2717
2005-04-08T18:00:00Z,35.36112,-68.01222,-0.172,-0.3194
2005-04-08T19:00:00Z,35.34898,-68.02054,-0.1399,-0.3233
2005-04-08T20:00:00Z,35.34121,-68.01079,0.2467,-0.2958
2005-04-08T21:00:00Z,35.3338,-67.99983,0.2935,-0.2372
2005-04-08T22:00:00Z,35.32508,-67.98781,0.3151,-0.1343
2005-04-08T23:00:00Z,35.32072,-67.97375,0.3242,-0.1289
2005-04-09T00:00:00Z,35.33132,-67.96844,0.1375,0.3293
2005-04-09T01:00:00Z,35.34137,-67.96193,0.1414,0.3327
2005-04-09T02:00:00Z,35.35194,-67.95697,0.0266,0.3528
2005-04-09T03:00:00Z,35.36512,-67.95718,0.0456,0.359
2005-04-09T04:00:00Z,35.36867,-67.95574,0.0208,-0.0153
2005-04-09T05:00:00Z,35.36829,-67.95446,0.0234,-0.0159
2005-04-09T06:00:00Z,35.36766,-67.95235,0.0491,-0.0417
2005-04-09T07:00:00Z,35.36436,-67.95089,0.047,-0.0488
2005-04-09T08:00:00Z,35.36327,-67.94638,0.1438,-0.0399
2005-04-09T09:00:00Z,35.36272,-67.94005,0.1437,-0.0419
2005-04-09T10:00:00Z,35.36224,-67.93502,0.0653,-0.0061
2005-04-09T11:00:00Z,35.36229,-67.93277,0.0666,-0.007
2005-04-09T12:00:00Z,35.36053,-67.92805,0.1264,-0.0657
2005-04-09T13:00:00Z,35.35889,-67.92362,0.1229,-0.0623
2005-04-09T14:00:00Z,35.35959,-67.92324,0.2389,-0.0589
2005-04-09T15:00:00Z,35.35187,-67.90992,0.1755,-0.1002
2005-04-09T16:00:00Z,35.34955,-67.90251,0.2313,0.1125
2005-04-09T17:00:00Z,35.35389,-67.89419,0.2288,0.1105
2005-04-09T18:00:00Z,35.35756,-67.88597,0.2007,0.1264
2005-04-09T19:00:00Z,35.36132,-67.87919,-0.1543,0.1067
2005-04-09T20:00:00Z,35.36487,-67.89027,-0.029,0.1061
2005-04-09T21:00:00Z,35.36765,-67.89142,-0.0279,0.029
2005-04-09T22:00:00Z,35.36846,-67.89241,4.0E-4,0.0123
2005-04-09T23:00:00Z,35.36877,-67.89128,0.0916,-0.0045
2005-04-10T00:00:00Z,35.36828,-67.88657,0.0886,-0.0052
2005-04-10T01:00:00Z,35.36796,-67.88272,0.0877,-0.0054
2005-04-10T02:00:00Z,35.36813,-67.87837,0.1341,9.0E-4
2005-04-10T03:00:00Z,35.36821,-67.87464,0.1094,0.1255
2005-04-10T04:00:00Z,35.37307,-67.87003,0.1111,0.1235
2005-04-10T05:00:00Z,35.37749,-67.8601,0.1654,0.122
2005-04-10T06:00:00Z,35.38176,-67.85292,0.1669,0.1206
2005-04-10T07:00:00Z,35.38601,-67.84548,0.1679,0.1183
2005-04-10T08:00:00Z,35.38912,-67.84691,-0.1117,0.1158
2005-04-10T09:00:00Z,35.39136,-67.85177,-0.1065,-0.1433
2005-04-10T10:00:00Z,35.38555,-67.85504,-0.0967,-0.1411
2005-04-10T11:00:00Z,35.38064,-67.8579,0.4647,-0.1786
2005-04-10T12:00:00Z,35.37491,-67.83051,0.2011,-0.1787
2005-04-10T13:00:00Z,35.37002,-67.82087,0.4434,-0.133
2005-04-10T14:00:00Z,35.36735,-67.80934,0.107,0.0403
2005-04-10T15:00:00Z,35.36869,-67.80483,0.089,0.0543
2005-04-10T16:00:00Z,35.37535,-67.80456,0.0337,0.1606
2005-04-10T17:00:00Z,35.38397,-67.80785,0.1257,0.0624
2005-04-10T18:00:00Z,35.3835,-67.80209,0.1238,0.0697
2005-04-10T19:00:00Z,35.38209,-67.79737,0.1249,0.0881
2005-04-10T20:00:00Z,35.38354,-67.79324,0.1286,0.0946
2005-04-10T21:00:00Z,35.38676,-67.78877,0.1316,0.1003
2005-04-10T22:00:00Z,35.39092,-67.78314,0.1317,0.0952
2005-04-10T23:00:00Z,35.39461,-67.77753,0.1317,0.0904
2005-04-11T00:00:00Z,35.39785,-67.77182,0.1314,0.087
2005-04-11T01:00:00Z,35.40044,-67.76617,0.0997,0.0905
2005-04-11T02:00:00Z,35.40309,-67.76413,0.0965,0.0873
2005-04-11T03:00:00Z,35.40508,-67.75981,0.1309,0.052
2005-04-11T04:00:00Z,35.40567,-67.75433,0.1323,0.0522
2005-04-11T05:00:00Z,35.40841,-67.75106,0.1107,0.0882
2005-04-11T06:00:00Z,35.4111,-67.74439,0.1257,0.0901
2005-04-11T07:00:00Z,35.4131,-67.7372,0.1249,0.1007
2005-04-11T08:00:00Z,35.4177,-67.73816,0.0442,0.1246
2005-04-11T09:00:00Z,35.42182,-67.73724,0.098,0.1111
2005-04-11T10:00:00Z,35.42522,-67.73317,0.1025,0.11
2005-04-11T11:00:00Z,35.42844,-67.72734,0.1738,0.0885
2005-04-11T12:00:00Z,35.43107,-67.72009,0.1745,0.0882
2005-04-11T13:00:00Z,35.4343,-67.71322,0.1854,0.0949
2005-04-11T14:00:00Z,35.43732,-67.70569,0.1856,0.0951
2005-04-11T15:00:00Z,35.44065,-67.69853,0.1507,0.1396
2005-04-11T16:00:00Z,35.44603,-67.69436,0.1262,0.1506
2005-04-11T17:00:00Z,35.45143,-67.69371,0.0363,0.1795
2005-04-11T18:00:00Z,35.4584,-67.69378,0.0347,0.1837
2005-04-11T19:00:00Z,35.46406,-67.69246,0.003,0.154
2005-04-11T20:00:00Z,35.46814,-67.69083,-0.0066,0.1624
2005-04-11T21:00:00Z,35.474,-67.69139,0.0151,0.1641
2005-04-11T22:00:00Z,35.47974,-67.69184,0.1935,0.2124
2005-04-11T23:00:00Z,35.48653,-67.68191,0.1617,0.2141
2005-04-12T00:00:00Z,35.49502,-67.6761,0.103,0.2556
2005-04-12T01:00:00Z,35.50547,-67.67214,0.0821,0.1575
2005-04-12T02:00:00Z,35.50875,-67.6709,0.0702,0.1947
2005-04-12T03:00:00Z,35.51545,-67.66524,0.1007,0.1564
2005-04-12T04:00:00Z,35.52064,-67.6595,0.0619,0.1549
2005-04-12T05:00:00Z,35.52531,-67.65795,0.0631,0.1544
2005-04-12T06:00:00Z,35.53032,-67.65545,0.0617,0.1541
2005-04-12T07:00:00Z,35.53533,-67.65243,0.0381,0.1183
2005-04-12T08:00:00Z,35.53876,-67.65209,0.0371,0.1165
2005-04-12T09:00:00Z,35.54315,-67.6503,0.0589,0.1284
2005-04-12T10:00:00Z,35.54539,-67.6474,0.0569,0.1159
2005-04-12T11:00:00Z,35.5524,-67.64514,0.0723,0.1868
2005-04-12T12:00:00Z,35.55891,-67.64295,0.0315,0.2091
2005-04-12T13:00:00Z,35.56515,-67.64154,0.0322,0.2088
2005-04-12T14:00:00Z,35.57135,-67.63799,0.0495,0.209
2005-04-12T15:00:00Z,35.57748,-67.63895,-0.0334,0.1865
2005-04-12T16:00:00Z,35.58549,-67.64248,-0.0086,0.1966
2005-04-12T17:00:00Z,35.58923,-67.64216,-0.0142,0.1325
2005-04-12T18:00:00Z,35.59269,-67.64257,-0.0136,0.1396
2005-04-12T19:00:00Z,35.59793,-67.64307,-0.0055,0.1404
2005-04-12T20:00:00Z,35.60269,-67.64251,-0.0032,0.1719
2005-04-12T21:00:00Z,35.60812,-67.64364,-0.0057,0.1724
2005-04-12T22:00:00Z,35.61374,-67.64383,-7.0E-4,0.1793
2005-04-12T23:00:00Z,35.62016,-67.64223,-0.001,0.1789
2005-04-13T00:00:00Z,35.62518,-67.64331,-0.0034,0.1661
2005-04-13T01:00:00Z,35.63049,-67.64403,-0.0029,0.1658
2005-04-13T02:00:00Z,35.63577,-67.64482,-0.0336,0.1287
2005-04-13T03:00:00Z,35.63982,-67.64481,-0.0301,0.1255
2005-04-13T04:00:00Z,35.64059,-67.64448,-0.0099,0.0097
2005-04-13T05:00:00Z,35.63999,-67.64756,-0.0292,0.0155
2005-04-13T06:00:00Z,35.64018,-67.65052,-0.0368,0.0175
2005-04-13T07:00:00Z,35.641,-67.65078,0.1433,0.008
2005-04-13T08:00:00Z,35.6415,-67.64526,0.1463,0.0088
2005-04-13T09:00:00Z,35.6433,-67.63794,0.1839,0.0645
2005-04-13T10:00:00Z,35.64625,-67.63074,0.1792,0.1594
2005-04-13T11:00:00Z,35.65248,-67.62325,0.1794,0.1705
2005-04-13T12:00:00Z,35.66259,-67.6174,0.1201,0.3544
2005-04-13T13:00:00Z,35.67453,-67.61289,0.1172,0.3528
2005-04-13T14:00:00Z,35.68568,-67.60732,0.1182,0.3571
2005-04-13T15:00:00Z,35.69745,-67.60774,-0.0345,0.3615
2005-04-13T16:00:00Z,35.70929,-67.60864,-0.0404,0.2438
2005-04-13T17:00:00Z,35.71661,-67.61115,-0.0471,0.2393
2005-04-13T18:00:00Z,35.72508,-67.61414,-0.0519,0.2322
2005-04-13T19:00:00Z,35.72855,-67.6032,0.0646,0.1168
2005-04-13T20:00:00Z,35.73222,-67.59894,0.1478,0.0621
2005-04-13T21:00:00Z,35.73402,-67.59856,0.1373,0.0612
2005-04-13T22:00:00Z,35.73566,-67.59226,0.0988,0.0473
2005-04-13T23:00:00Z,35.73679,-67.58194,0.0041,0.0362
2005-04-14T00:00:00Z,35.73814,-67.58283,0.0103,0.0366
2005-04-14T01:00:00Z,35.73983,-67.58306,0.0183,0.0379
2005-04-14T02:00:00Z,35.74102,-67.58188,0.016,0.0408
2005-04-14T03:00:00Z,35.74009,-67.58152,0.017,0.0256
2005-04-14T04:00:00Z,35.74606,-67.57708,0.0825,0.1732
2005-04-14T05:00:00Z,35.75181,-67.57307,0.0826,0.1744
2005-04-14T06:00:00Z,35.75691,-67.56896,0.0823,0.1772
2005-04-14T07:00:00Z,35.76303,-67.56653,0.0045,0.1985
2005-04-14T08:00:00Z,35.77179,-67.56609,-0.0069,0.2045
2005-04-14T09:00:00Z,35.7753,-67.56948,-0.0457,0.1202
2005-04-14T10:00:00Z,35.77908,-67.56934,0.029,0.0981
2005-04-14T11:00:00Z,35.78244,-67.56739,0.0305,0.0985
2005-04-14T12:00:00Z,35.78569,-67.56636,0.0319,0.0986
2005-04-14T13:00:00Z,35.78916,-67.56466,0.0908,0.1201
2005-04-14T14:00:00Z,35.79441,-67.5598,0.1433,0.2397
2005-04-14T15:00:00Z,35.80269,-67.55434,0.1437,0.2389
2005-04-14T16:00:00Z,35.81082,-67.54882,0.1441,0.238
2005-04-14T17:00:00Z,35.81962,-67.54368,0.146,0.2345
2005-04-14T18:00:00Z,35.82546,-67.53741,-0.0058,0.2097
2005-04-14T19:00:00Z,35.8334,-67.53768,-0.0107,0.2135
2005-04-14T20:00:00Z,35.8393,-67.53981,-0.0697,0.1527
2005-04-14T21:00:00Z,35.84253,-67.54378,-0.1208,0.0434
2005-04-14T22:00:00Z,35.84415,-67.54808,-0.1178,0.0434
2005-04-14T23:00:00Z,35.84409,-67.55112,-0.0814,-1.0E-4
2005-04-15T00:00:00Z,35.8439,-67.5563,-0.0253,-0.0346
2005-04-15T01:00:00Z,35.84447,-67.54931,0.142,0.0504
2005-04-15T02:00:00Z,35.84877,-67.54353,0.1716,0.1504
2005-04-15T03:00:00Z,35.85503,-67.53766,0.1204,0.2918
2005-04-15T04:00:00Z,35.86514,-67.53264,0.1211,0.289
2005-04-15T05:00:00Z,35.87487,-67.52461,0.1466,0.2869
2005-04-15T06:00:00Z,35.88447,-67.51696,0.1534,0.2843
2005-04-15T07:00:00Z,35.89304,-67.5158,0.0302,0.2727
2005-04-15T08:00:00Z,35.90209,-67.51645,0.013,0.2113
2005-04-15T09:00:00Z,35.90845,-67.51464,0.0187,0.2092
2005-04-15T10:00:00Z,35.91527,-67.51204,0.0258,0.2086
2005-04-15T11:00:00Z,35.92127,-67.51132,0.0099,0.1699
2005-04-15T12:00:00Z,35.92612,-67.51378,0.0084,0.1646
2005-04-15T13:00:00Z,35.92676,-67.51215,0.0088,0.018
2005-04-15T14:00:00Z,35.92643,-67.51014,0.0683,-0.0299
2005-04-15T15:00:00Z,35.92511,-67.50838,0.075,-0.0185
2005-04-15T16:00:00Z,35.92411,-67.50556,0.0525,-0.0368
2005-04-15T17:00:00Z,35.92309,-67.50409,-0.0487,-0.0439
2005-04-15T18:00:00Z,35.92129,-67.50653,-0.097,0.0041
2005-04-15T19:00:00Z,35.92147,-67.50963,-0.0991,0.0107
2005-04-15T20:00:00Z,35.92672,-67.51592,-0.154,0.135
2005-04-15T21:00:00Z,35.92326,-67.52127,-0.1434,-0.2539
2005-04-15T22:00:00Z,35.91447,-67.5268,-0.0674,-0.3273
2005-04-15T23:00:00Z,35.90458,-67.52958,-0.0649,-0.3241
2005-04-16T00:00:00Z,35.8938,-67.52967,0.0225,-0.3515
2005-04-16T01:00:00Z,35.88314,-67.52698,-0.0344,-0.1181
2005-04-16T02:00:00Z,35.89291,-67.52927,-0.0447,-0.0902
2005-04-16T03:00:00Z,35.88468,-67.54153,-0.2476,-0.2797
2005-04-16T04:00:00Z,35.87152,-67.55959,-0.0882,-0.1593
2005-04-16T05:00:00Z,35.86715,-67.56274,-0.0829,-0.1576
2005-04-16T06:00:00Z,35.86134,-67.5674,-0.0758,-0.1471
2005-04-16T07:00:00Z,35.85758,-67.56834,-0.0609,-0.1362
2005-04-16T08:00:00Z,35.85507,-67.56851,-0.1078,-0.1406
2005-04-16T09:00:00Z,35.84758,-67.57655,-0.0811,-0.1424
2005-04-16T10:00:00Z,35.84507,-67.57919,0.0726,-0.1516
2005-04-16T11:00:00Z,35.83917,-67.5786,-0.0135,-0.1964
2005-04-16T12:00:00Z,35.83261,-67.57549,-0.0737,-0.2255
2005-04-16T13:00:00Z,35.82572,-67.58086,-0.0594,-0.2243
2005-04-16T14:00:00Z,35.81898,-67.58361,-0.0583,-0.2233
2005-04-16T15:00:00Z,35.81083,-67.5858,-0.0842,-0.3412
2005-04-16T16:00:00Z,35.79971,-67.58914,-0.0833,-0.3458
2005-04-16T17:00:00Z,35.78657,-67.59245,-0.0869,-0.4146
2005-04-16T18:00:00Z,35.77294,-67.5983,-0.2362,-0.4403
2005-04-16T19:00:00Z,35.75731,-67.6067,-0.2387,-0.4433
2005-04-16T20:00:00Z,35.74493,-67.61813,-0.2791,-0.3957
2005-04-16T21:00:00Z,35.73226,-67.62939,-0.2806,-0.3931
2005-04-16T22:00:00Z,35.72253,-67.64423,-0.4692,-0.1652
2005-04-16T23:00:00Z,35.71697,-67.66395,-0.465,-0.1622
2005-04-17T00:00:00Z,35.71304,-67.68146,-0.4566,-0.1193
2005-04-17T01:00:00Z,35.70896,-67.69981,-0.4561,-0.1187
2005-04-17T02:00:00Z,35.70383,-67.71897,-0.2511,-0.0122
2005-04-17T03:00:00Z,35.7039,-67.72863,-0.2481,-0.0015
2005-04-17T04:00:00Z,35.70447,-67.73526,-0.1055,0.0377
2005-04-17T05:00:00Z,35.70605,-67.73845,-0.1064,0.039
2005-04-17T06:00:00Z,35.70754,-67.74212,-0.1075,0.0397
2005-04-17T07:00:00Z,35.70905,-67.74612,-0.1083,0.0404
2005-04-17T08:00:00Z,35.71072,-67.75037,-0.1083,0.0415
2005-04-17T09:00:00Z,35.71333,-67.755,-0.1066,0.045
2005-04-17T10:00:00Z,35.70945,-67.75638,0.0519,-0.313
2005-04-17T11:00:00Z,35.69965,-67.74279,0.269,-0.3141
2005-04-17T12:00:00Z,35.68885,-67.73939,-0.0581,-0.3467
2005-04-17T13:00:00Z,35.6776,-67.75018,0.0304,-0.348
2005-04-17T14:00:00Z,35.66725,-67.74971,0.0352,-0.3441
2005-04-17T15:00:00Z,35.65222,-67.74958,-0.0762,-0.4668
2005-04-17T16:00:00Z,35.63678,-67.74732,-0.2465,-0.4603
2005-04-17T17:00:00Z,35.62222,-67.75731,-0.2486,-0.4515
2005-04-17T18:00:00Z,35.61234,-67.76839,-0.2921,-0.32
2005-04-17T19:00:00Z,35.60387,-67.77832,-0.2265,-0.2556
2005-04-17T20:00:00Z,35.59473,-67.78548,-0.2061,-0.2589
2005-04-17T21:00:00Z,35.58704,-67.79274,-0.1667,-0.1775
2005-04-17T22:00:00Z,35.5813,-67.79949,-0.1465,-0.1736
2005-04-17T23:00:00Z,35.57593,-67.80521,0.0056,-0.2192
2005-04-18T00:00:00Z,35.56826,-67.80387,0.003,-0.2241
2005-04-18T01:00:00Z,35.56122,-67.80248,-0.0111,-0.224
2005-04-18T02:00:00Z,35.5528,-67.80309,0.0079,-0.2856
2005-04-18T03:00:00Z,35.54264,-67.80364,0.0057,-0.2934
2005-04-18T04:00:00Z,35.5301,-67.80229,0.0213,-0.3855
2005-04-18T05:00:00Z,35.51741,-67.79908,0.0463,-0.3863
2005-04-18T06:00:00Z,35.50498,-67.79964,0.0288,-0.3864
2005-04-18T07:00:00Z,35.49306,-67.80118,0.015,-0.3855
2005-04-18T08:00:00Z,35.47938,-67.79759,0.0464,-0.4114
2005-04-18T09:00:00Z,35.4653,-67.78729,0.0758,-0.411
2005-04-18T10:00:00Z,35.44883,-67.79374,-0.1406,-0.5282
2005-04-18T11:00:00Z,35.43133,-67.79792,-0.1466,-0.5276
2005-04-18T12:00:00Z,35.41579,-67.80544,-0.1493,-0.4801
2005-04-18T13:00:00Z,35.40005,-67.811,-0.1387,-0.4161
2005-04-18T14:00:00Z,35.38863,-67.81703,-0.092,-0.4318
2005-04-18T15:00:00Z,35.37314,-67.81512,-0.0327,-0.4308
2005-04-18T16:00:00Z,35.35947,-67.81851,-0.1424,-0.4309
2005-04-18T17:00:00Z,35.34626,-67.82895,-0.1071,-0.4278
2005-04-18T18:00:00Z,35.3327,-67.83004,-0.1265,-0.4055
2005-04-18T19:00:00Z,35.31971,-67.83549,-0.0758,-0.3924
2005-04-18T20:00:00Z,35.30683,-67.83918,-0.0724,-0.3909
2005-04-18T21:00:00Z,35.29445,-67.84227,-0.0693,-0.3417
2005-04-18T22:00:00Z,35.28327,-67.84439,-0.0692,-0.3393
2005-04-18T23:00:00Z,35.27328,-67.84459,-0.0079,-0.3039
2005-04-19T00:00:00Z,35.26606,-67.84906,-0.0463,-0.2917
2005-04-19T01:00:00Z,35.2531,-67.84144,0.0367,-0.309
2005-04-19T02:00:00Z,35.24337,-67.84102,0.0175,-0.3473
2005-04-19T03:00:00Z,35.23327,-67.84154,-0.0461,-0.3269
2005-04-19T04:00:00Z,35.22182,-67.84375,-0.051,-0.3302
2005-04-19T05:00:00Z,35.2097,-67.84224,-0.0232,-0.3355
2005-04-19T06:00:00Z,35.19954,-67.84766,-0.0979,-0.3292
2005-04-19T07:00:00Z,35.19009,-67.85356,-0.0842,-0.335
2005-04-19T08:00:00Z,35.17866,-67.85777,-0.165,-0.3527
2005-04-19T09:00:00Z,35.1674,-67.86098,-0.2098,-0.3544
2005-04-19T10:00:00Z,35.15581,-67.87268,-0.191,-0.3541
2005-04-19T11:00:00Z,35.14461,-67.88256,-0.2676,-0.3187
2005-04-19T12:00:00Z,35.13459,-67.88721,-0.2119,-0.314
2005-04-19T13:00:00Z,35.12741,-67.90239,-0.4646,-0.2388
2005-04-19T14:00:00Z,35.12005,-67.9207,-0.4151,-0.2331
2005-04-19T15:00:00Z,35.11126,-67.93768,-0.3671,-0.2262
2005-04-19T16:00:00Z,35.10527,-67.95093,-0.3441,-0.183
2005-04-19T17:00:00Z,35.0995,-67.96298,-0.3632,-0.1162
2005-04-19T18:00:00Z,35.09594,-67.97986,-0.3614,-0.1126
2005-04-19T19:00:00Z,35.0926,-67.99465,-0.3696,-0.0746
2005-04-19T20:00:00Z,35.09115,-68.00706,-0.3729,-0.0746
2005-04-19T21:00:00Z,35.08892,-68.02242,-0.3618,-0.0553
2005-04-19T22:00:00Z,35.0855,-68.03853,-0.3588,-0.0591
2005-04-19T23:00:00Z,35.0855,-68.05023,-0.3269,-0.0459
2005-04-20T00:00:00Z,35.08381,-68.06242,-0.2857,-0.1153
2005-04-20T01:00:00Z,35.07865,-68.07154,-0.3185,-0.1957
2005-04-20T02:00:00Z,35.07264,-68.08718,-0.3187,-0.1952
2005-04-20T03:00:00Z,35.06491,-68.09963,-0.3553,-0.3022
2005-04-20T04:00:00Z,35.05655,-68.11168,-0.366,-0.3152
2005-04-20T05:00:00Z,35.04548,-68.12706,-0.3725,-0.3526
2005-04-20T06:00:00Z,35.03406,-68.14188,-0.3722,-0.3532
2005-04-20T07:00:00Z,35.02316,-68.15634,-0.4414,-0.3536
2005-04-20T08:00:00Z,35.01127,-68.17352,-0.4431,-0.3534
2005-04-20T09:00:00Z,34.99973,-68.19059,-0.4591,-0.3268
2005-04-20T10:00:00Z,34.98993,-68.21085,-0.4646,-0.3281
2005-04-20T11:00:00Z,34.97958,-68.22792,-0.4278,-0.3015
2005-04-20T12:00:00Z,34.96902,-68.24374,-0.4196,-0.2999
2005-04-20T13:00:00Z,34.9595,-68.26085,-0.4123,-0.3093
2005-04-20T14:00:00Z,34.94998,-68.27799,-0.4156,-0.3091
2005-04-20T15:00:00Z,34.94048,-68.29291,-0.2016,-0.3108
2005-04-20T16:00:00Z,34.92909,-68.29461,-0.3006,-0.3125
2005-04-20T17:00:00Z,34.91946,-68.30526,-0.1938,-0.2948
2005-04-20T18:00:00Z,34.91071,-68.31791,-0.2166,-0.2947
2005-04-20T19:00:00Z,34.90037,-68.32443,-0.0663,-0.3059
2005-04-20T20:00:00Z,34.89062,-68.32716,-0.0615,-0.3084
2005-04-20T21:00:00Z,34.87764,-68.32956,-0.0654,-0.3999
2005-04-20T22:00:00Z,34.86427,-68.33261,-0.1315,-0.4526
2005-04-20T23:00:00Z,34.84888,-68.33896,-0.1287,-0.4543
2005-04-21T00:00:00Z,34.8326,-68.34351,-0.1302,-0.5178
2005-04-21T01:00:00Z,34.81476,-68.34917,-0.1347,-0.5726
2005-04-21T02:00:00Z,34.79519,-68.3527,-0.1313,-0.5671
2005-04-21T03:00:00Z,34.77799,-68.36071,-0.164,-0.5382
2005-04-21T04:00:00Z,34.76057,-68.36818,-0.1303,-0.5038
2005-04-21T05:00:00Z,34.74424,-68.3728,-0.131,-0.5033
2005-04-21T06:00:00Z,34.72753,-68.37826,-0.1284,-0.5034
2005-04-21T07:00:00Z,34.7107,-68.38374,-0.0563,-0.4097
2005-04-21T08:00:00Z,34.6977,-68.38548,-0.056,-0.4029
2005-04-21T09:00:00Z,34.68695,-68.38572,0.0176,-0.2829
2005-04-21T10:00:00Z,34.67776,-68.38556,0.1359,-0.2132
2005-04-21T11:00:00Z,34.6709,-68.37958,0.1488,-0.2091
2005-04-21T12:00:00Z,34.66433,-68.37317,0.2175,-0.1495
2005-04-21T13:00:00Z,34.65976,-68.36424,0.2195,-0.1496
2005-04-21T14:00:00Z,34.65482,-68.35579,0.22,-0.1487
2005-04-21T15:00:00Z,34.65083,-68.34124,0.4423,-0.1128
2005-04-21T16:00:00Z,34.647,-68.32243,0.424,-0.1112
2005-04-21T17:00:00Z,34.64623,-68.30647,0.4324,-0.0407
2005-04-21T18:00:00Z,34.64465,-68.29008,0.4317,-0.0399
2005-04-21T19:00:00Z,34.64578,-68.27313,0.4174,0.0179
2005-04-21T20:00:00Z,34.64695,-68.25655,0.3843,0.0787
2005-04-21T21:00:00Z,34.64965,-68.24221,0.381,0.0801
2005-04-21T22:00:00Z,34.65307,-68.22814,0.3389,0.1186
2005-04-21T23:00:00Z,34.65678,-68.21515,0.084,0.3255
2005-04-22T00:00:00Z,34.66767,-68.21244,0.0873,0.3252
2005-04-22T01:00:00Z,34.67792,-68.20928,0.0895,0.3285
2005-04-22T02:00:00Z,34.68894,-68.20605,0.0684,0.4154
2005-04-22T03:00:00Z,34.70265,-68.20277,0.0719,0.4158
2005-04-22T04:00:00Z,34.71642,-68.20559,-0.1444,0.4368
2005-04-22T05:00:00Z,34.73057,-68.21142,-0.146,0.4369
2005-04-22T06:00:00Z,34.74462,-68.21655,-0.1499,0.4371
2005-04-22T07:00:00Z,34.75896,-68.22315,-0.2402,0.4547
2005-04-22T08:00:00Z,34.77382,-68.23349,-0.2311,0.4555
2005-04-22T09:00:00Z,34.78796,-68.24324,-0.2599,0.4349
2005-04-22T10:00:00Z,34.80131,-68.25381,-0.2841,0.3617
2005-04-22T11:00:00Z,34.81255,-68.26493,-0.2862,0.363
2005-04-22T12:00:00Z,34.82344,-68.28187,-0.426,0.3167
2005-04-22T13:00:00Z,34.8333,-68.29946,-0.4291,0.2606
2005-04-22T14:00:00Z,34.84065,-68.31536,-0.4181,0.1307
2005-04-22T15:00:00Z,34.84418,-68.3323,-0.4228,0.1291
2005-04-22T16:00:00Z,34.84796,-68.35049,-0.5397,0.077
2005-04-22T17:00:00Z,34.85041,-68.37293,-0.5314,0.0764
2005-04-22T18:00:00Z,34.85248,-68.39351,-0.6138,0.0495
2005-04-22T19:00:00Z,34.85328,-68.41935,-0.6525,0.0154
2005-04-22T20:00:00Z,34.85248,-68.44545,-0.6793,-0.0817
2005-04-22T21:00:00Z,34.84779,-68.47582,-0.7473,-0.1586
2005-04-22T22:00:00Z,34.84498,-68.49986,-0.7006,-0.1481
2005-04-22T23:00:00Z,34.84015,-68.52824,-0.7674,-0.2214
2005-04-23T00:00:00Z,34.83259,-68.56033,-0.7619,-0.2193
2005-04-23T01:00:00Z,34.82553,-68.59383,-0.7369,-0.2203
2005-04-23T02:00:00Z,34.81862,-68.62223,-0.6244,-0.2163
2005-04-23T03:00:00Z,34.81083,-68.64761,-0.6018,-0.1731
2005-04-23T04:00:00Z,34.80607,-68.66966,-0.573,-0.1693
2005-04-23T05:00:00Z,34.801,-68.69218,-0.5716,-0.1698
2005-04-23T06:00:00Z,34.79595,-68.71567,-0.5761,-0.1708
2005-04-23T07:00:00Z,34.79033,-68.73473,-0.394,-0.1623
2005-04-23T08:00:00Z,34.78422,-68.74963,-0.4902,-0.1639
2005-04-23T09:00:00Z,34.77877,-68.76264,-0.3326,-0.1883
2005-04-23T10:00:00Z,34.76945,-68.77381,-0.2865,-0.2013
2005-04-23T11:00:00Z,34.76448,-68.7921,-0.2306,-0.1688
2005-04-23T12:00:00Z,34.75724,-68.79662,-0.2706,-0.1659
2005-04-23T13:00:00Z,34.75267,-68.80815,-0.392,-0.1502
2005-04-23T14:00:00Z,34.74787,-68.82384,-0.4095,-0.1791
2005-04-23T15:00:00Z,34.74162,-68.84075,-0.4168,-0.1869
2005-04-23T16:00:00Z,34.7361,-68.84506,-0.0073,-0.1944
2005-04-23T17:00:00Z,34.72687,-68.8454,-0.0211,-0.1022
2005-04-23T18:00:00Z,34.72579,-68.84548,-0.0306,-0.1217
2005-04-23T19:00:00Z,34.721,-68.84762,-0.0357,-0.119
2005-04-23T20:00:00Z,34.71764,-68.84629,0.0313,-0.113
2005-04-23T21:00:00Z,34.71376,-68.84415,0.0641,-0.113
2005-04-23T22:00:00Z,34.71106,-68.84271,0.0619,-0.1086
2005-04-23T23:00:00Z,34.70559,-68.83813,0.0959,-0.1526
2005-04-24T00:00:00Z,34.69971,-68.83389,0.1735,-0.1937
2005-04-24T01:00:00Z,34.69713,-68.82463,0.2114,-0.0341
2005-04-24T02:00:00Z,34.69615,-68.81731,0.2117,-0.0334
2005-04-24T03:00:00Z,34.69467,-68.80999,0.2117,-0.0339
2005-04-24T04:00:00Z,34.67339,-68.80449,0.2077,-0.2053
2005-04-24T05:00:00Z,34.67945,-68.79405,0.2258,0.3171
2005-04-24T06:00:00Z,34.69052,-68.7829,0.2137,0.3041
2005-04-24T07:00:00Z,34.70115,-68.77358,0.2658,0.3427
2005-04-24T08:00:00Z,34.71061,-68.76946,0.3855,0.4484
2005-04-24T09:00:00Z,34.72859,-68.74964,0.3052,0.4112
2005-04-24T10:00:00Z,34.74143,-68.73816,0.3558,0.4239
2005-04-24T11:00:00Z,34.75563,-68.73593,-0.1597,0.4926
2005-04-24T12:00:00Z,34.77012,-68.7418,-0.16,0.4896
2005-04-24T13:00:00Z,34.78761,-68.75747,-0.3774,0.5175
2005-04-24T14:00:00Z,34.80513,-68.77288,-0.3713,0.519
2005-04-24T15:00:00Z,34.82225,-68.78891,-0.7475,0.4732
2005-04-24T16:00:00Z,34.8362,-68.81852,-0.7517,0.464
2005-04-24T17:00:00Z,34.84867,-68.84801,-0.7523,0.3759
2005-04-24T18:00:00Z,34.86055,-68.88107,-0.8043,0.2339
2005-04-24T19:00:00Z,34.86889,-68.90658,-0.7691,0.2198
2005-04-24T20:00:00Z,34.87446,-68.93973,-0.8661,0.1505
2005-04-24T21:00:00Z,34.87865,-68.97577,-0.8675,0.152
2005-04-24T22:00:00Z,34.88252,-69.00866,-0.6032,0.1116
2005-04-24T23:00:00Z,34.88777,-69.03245,-0.5973,0.1276
2005-04-25T00:00:00Z,34.88746,-69.05569,-0.5944,0.0598
2005-04-25T01:00:00Z,34.88739,-69.07561,-0.5735,0.0856
2005-04-25T02:00:00Z,34.89251,-69.10405,-0.5735,0.0442
2005-04-25T03:00:00Z,34.89313,-69.12303,-0.4033,0.0288
2005-04-25T04:00:00Z,34.89308,-69.1388,-0.2307,-0.2473
2005-04-25T05:00:00Z,34.88438,-69.14658,-0.2314,-0.2454
2005-04-25T06:00:00Z,34.87653,-69.15537,-0.2301,-0.2494
2005-04-25T07:00:00Z,34.86802,-69.154,-0.0544,-0.2594
2005-04-25T08:00:00Z,34.86205,-69.14229,-0.3861,-0.121
2005-04-25T09:00:00Z,34.86078,-69.16403,-0.1012,-0.1465
2005-04-25T10:00:00Z,34.85524,-69.17368,0.291,-0.0809
2005-04-25T11:00:00Z,34.85285,-69.15942,0.2719,-0.0761
2005-04-25T12:00:00Z,34.85212,-69.14829,0.224,0.1288
2005-04-25T13:00:00Z,34.85687,-69.13999,0.2208,0.1343
2005-04-25T14:00:00Z,34.86107,-69.13102,0.2198,0.1356
2005-04-25T15:00:00Z,34.86882,-69.12401,0.1713,0.4043
2005-04-25T16:00:00Z,34.88167,-69.1185,0.1665,0.4114
2005-04-25T17:00:00Z,34.89909,-69.11469,0.1053,0.5056
2005-04-25T18:00:00Z,34.91584,-69.12353,-0.2199,0.5451
2005-04-25T19:00:00Z,34.93281,-69.10491,0.1159,0.548
2005-04-25T20:00:00Z,34.95139,-69.13922,-0.2754,0.5779
2005-04-25T21:00:00Z,34.96977,-69.15108,-0.2615,0.5801
2005-04-25T22:00:00Z,34.99381,-69.16932,-0.5748,0.8339
2005-04-25T23:00:00Z,35.02063,-69.17149,-0.7465,0.8383
2005-04-26T00:00:00Z,35.04784,-69.21452,-0.5882,0.8385
2005-04-26T01:00:00Z,35.07515,-69.23839,-0.5862,0.8389
2005-04-26T02:00:00Z,35.10228,-69.26165,-0.6834,0.8196
2005-04-26T03:00:00Z,35.12745,-69.28589,-0.6683,0.8035
2005-04-26T04:00:00Z,35.14816,-69.31255,-0.665,0.6639
2005-04-26T05:00:00Z,35.16786,-69.34066,-0.6784,0.6527
2005-04-26T06:00:00Z,35.18719,-69.36804,-0.8031,0.1418
2005-04-26T07:00:00Z,35.19205,-69.40436,-0.8004,0.1348
2005-04-26T08:00:00Z,35.19547,-69.43503,-0.7026,0.0726
2005-04-26T09:00:00Z,35.19722,-69.46186,-0.7032,0.0702
2005-04-26T10:00:00Z,35.19478,-69.48815,-0.678,-0.1613
2005-04-26T11:00:00Z,35.18886,-69.51236,-0.659,-0.1563
2005-04-26T12:00:00Z,35.18407,-69.54053,-0.703,-0.1544
2005-04-26T13:00:00Z,35.17983,-69.57808,-0.3888,-0.1412
2005-04-26T14:00:00Z,35.17414,-69.59425,-0.3758,-0.142
2005-04-26T15:00:00Z,35.17048,-69.60279,-0.2489,-0.1245
2005-04-26T16:00:00Z,35.16719,-69.61154,-0.1927,-0.0727
2005-04-26T17:00:00Z,35.16401,-69.62133,-0.2145,-0.081
2005-04-26T18:00:00Z,35.1668,-69.61683,-0.0552,0.0162
2005-04-26T19:00:00Z,35.17179,-69.60579,-0.277,0.0994
2005-04-26T20:00:00Z,35.1731,-69.61749,-0.2664,0.0991
2005-04-26T21:00:00Z,35.17717,-69.62713,0.0884,0.56
2005-04-26T22:00:00Z,35.19453,-69.62336,0.065,0.5994
2005-04-26T23:00:00Z,35.21417,-69.6234,-0.0992,0.6264
2005-04-27T00:00:00Z,35.23505,-69.62829,-0.0963,0.633
2005-04-27T01:00:00Z,35.25521,-69.63399,-0.0742,0.6324
2005-04-27T02:00:00Z,35.27658,-69.6365,-0.0993,0.655
2005-04-27T03:00:00Z,35.30606,-69.63887,-0.0952,0.7127
2005-04-27T04:00:00Z,35.32495,-69.65796,-0.5354,0.5714
2005-04-27T05:00:00Z,35.34331,-69.67917,-0.5355,0.5707
2005-04-27T06:00:00Z,35.36192,-69.70019,-0.5357,0.5703
2005-04-27T07:00:00Z,35.38086,-69.7209,-0.5363,0.57
2005-04-27T08:00:00Z,35.39467,-69.74419,-0.5939,0.3206
2005-04-27T09:00:00Z,35.40644,-69.76837,-0.5919,0.3302
2005-04-27T10:00:00Z,35.4112,-69.7923,-0.6084,0.1892
2005-04-27T11:00:00Z,35.41674,-69.81662,-0.583,0.0788
2005-04-27T12:00:00Z,35.41788,-69.83873,-0.5768,0.0666
2005-04-27T13:00:00Z,35.41821,-69.86045,-0.5362,-0.0203
2005-04-27T14:00:00Z,35.41523,-69.88073,-0.3825,-0.1772
2005-04-27T15:00:00Z,35.40853,-69.89461,-0.3796,-0.1774
2005-04-27T16:00:00Z,35.40214,-69.9096,-0.3779,-0.1771
2005-04-27T17:00:00Z,35.39543,-69.92552,-0.3765,-0.176
2005-04-27T18:00:00Z,35.39201,-69.9301,-0.1201,-0.1474
2005-04-27T19:00:00Z,35.38775,-69.93424,-0.096,-0.0908
2005-04-27T20:00:00Z,35.38391,-69.93923,-0.0943,-0.0917
2005-04-27T21:00:00Z,35.38323,-69.94126,-0.0176,0.0429
2005-04-27T22:00:00Z,35.38457,-69.94137,-0.0084,0.0478
2005-04-27T23:00:00Z,35.38926,-69.92885,0.15,0.1249
2005-04-28T00:00:00Z,35.3936,-69.91842,0.052,0.2422
2005-04-28T01:00:00Z,35.40196,-69.91889,0.0892,0.2622
2005-04-28T02:00:00Z,35.4178,-69.91657,0.0134,0.4616
2005-04-28T03:00:00Z,35.43304,-69.91711,-0.3114,0.525
2005-04-28T04:00:00Z,35.44973,-69.93008,-0.3074,0.5267
2005-04-28T05:00:00Z,35.46632,-69.94231,-0.3349,0.5177
2005-04-28T06:00:00Z,35.48365,-69.955,-0.3362,0.5165
2005-04-28T07:00:00Z,35.5012,-69.96752,-0.3414,0.5123
2005-04-28T08:00:00Z,35.51479,-69.98512,-0.4318,0.3792
2005-04-28T09:00:00Z,35.5276,-70.00373,-0.437,0.3028
2005-04-28T10:00:00Z,35.53673,-70.01935,-0.4362,0.3012
2005-04-28T11:00:00Z,35.54488,-70.03691,-0.4461,0.1967
2005-04-28T12:00:00Z,35.55149,-70.05575,-0.443,0.1948
2005-04-28T13:00:00Z,35.5535,-70.07294,-0.45,0.0814
2005-04-28T14:00:00Z,35.55587,-70.09051,-0.4501,0.0802
2005-04-28T15:00:00Z,35.55888,-70.10817,-0.4427,0.0184
2005-04-28T16:00:00Z,35.55619,-70.12558,-0.4296,-0.0901
2005-04-28T17:00:00Z,35.55217,-70.14235,-0.38,-0.2218
2005-04-28T18:00:00Z,35.54441,-70.15665,-0.3757,-0.2299
2005-04-28T19:00:00Z,35.53568,-70.17019,-0.2989,-0.308
2005-04-28T20:00:00Z,35.52515,-70.18202,-0.295,-0.3073
2005-04-28T21:00:00Z,35.51543,-70.1873,-0.1264,-0.3124
2005-04-28T22:00:00Z,35.50499,-70.19167,-0.0827,-0.3105
2005-04-28T23:00:00Z,35.49536,-70.1958,-0.0881,-0.3091
2005-04-29T00:00:00Z,35.48638,-70.1981,-0.0608,-0.2772
2005-04-29T01:00:00Z,35.47623,-70.19827,-0.0912,0.01
2005-04-29T02:00:00Z,35.47627,-70.20361,-0.0735,0.0207
2005-04-29T03:00:00Z,35.47827,-70.20656,-0.1243,0.1279
2005-04-29T04:00:00Z,35.48106,-70.21034,-0.1301,0.1231
2005-04-29T05:00:00Z,35.489,-70.21672,-0.1444,0.2168
2005-04-29T06:00:00Z,35.49615,-70.22239,-0.1453,0.2169
2005-04-29T07:00:00Z,35.50291,-70.2275,-0.2646,0.2748
2005-04-29T08:00:00Z,35.51241,-70.23875,-0.2631,0.2807
2005-04-29T09:00:00Z,35.52192,-70.25071,-0.3194,0.3117
2005-04-29T10:00:00Z,35.53324,-70.2621,-0.3136,0.3128
2005-04-29T11:00:00Z,35.54183,-70.27816,-0.4072,0.2459
2005-04-29T12:00:00Z,35.5498,-70.29604,-0.5543,0.1642
2005-04-29T13:00:00Z,35.5546,-70.31935,-0.551,0.1609
2005-04-29T14:00:00Z,35.55993,-70.34259,-0.5425,0.16
2005-04-29T15:00:00Z,35.56349,-70.36443,-0.4749,-0.0904
2005-04-29T16:00:00Z,35.5613,-70.38353,-0.4684,-0.0924
2005-04-29T17:00:00Z,35.5559,-70.40083,-0.4283,-0.1947
2005-04-29T18:00:00Z,35.54933,-70.4175,-0.4287,-0.2003
2005-04-29T19:00:00Z,35.53795,-70.43416,-0.4077,-0.4161
2005-04-29T20:00:00Z,35.524,-70.45094,-0.4102,-0.4097
2005-04-29T21:00:00Z,35.51066,-70.45143,-0.0591,-0.4232
2005-04-29T22:00:00Z,35.49739,-70.45266,-0.0162,-0.3961
2005-04-29T23:00:00Z,35.48417,-70.45696,-0.0405,-0.3974
2005-04-30T00:00:00Z,35.47774,-70.45516,0.0383,-0.1913
2005-04-30T01:00:00Z,35.47155,-70.453,0.0346,-0.1894
2005-04-30T02:00:00Z,35.4648,-70.45137,0.0335,-0.0561
2005-04-30T03:00:00Z,35.46411,-70.45101,0.0236,-0.0389
2005-04-30T04:00:00Z,35.46712,-70.45222,-0.062,0.2713
2005-04-30T05:00:00Z,35.47627,-70.45541,-0.0629,0.27
2005-04-30T06:00:00Z,35.4848,-70.45774,-0.0638,0.2724
2005-04-30T07:00:00Z,35.49287,-70.45992,-0.1108,0.2775
2005-04-30T08:00:00Z,35.50298,-70.46505,-0.1079,0.2804
2005-04-30T09:00:00Z,35.51094,-70.47029,-0.1501,0.2405
2005-04-30T10:00:00Z,35.51725,-70.4771,-0.1952,0.2012
2005-04-30T11:00:00Z,35.52561,-70.48574,-0.2034,0.2158
2005-04-30T12:00:00Z,35.53163,-70.49661,-0.2761,0.2027
2005-04-30T13:00:00Z,35.53659,-70.50701,-0.2756,0.2015
2005-04-30T14:00:00Z,35.54263,-70.52304,-0.3398,0.1227
2005-04-30T15:00:00Z,35.54367,-70.52397,-0.1724,-0.0741
2005-04-30T16:00:00Z,35.54249,-70.52855,-0.3346,-0.0612
2005-04-30T17:00:00Z,35.54008,-70.54257,-0.3315,-0.0646
2005-04-30T18:00:00Z,35.53975,-70.55515,-0.2978,0.1478
2005-04-30T19:00:00Z,35.54375,-70.56192,-0.1611,0.1226
2005-04-30T20:00:00Z,35.54821,-70.56747,-0.194,0.0441
2005-04-30T21:00:00Z,35.54798,-70.57709,-0.1866,0.0514
2005-04-30T22:00:00Z,35.55015,-70.58418,-0.2094,0.0356
2005-04-30T23:00:00Z,35.55136,-70.5925,-0.2158,0.0431
2005-05-01T00:00:00Z,35.55244,-70.60189,-0.2172,0.0421
2005-05-01T01:00:00Z,35.55336,-70.61053,-0.2306,0.0178
2005-05-01T02:00:00Z,35.55395,-70.61989,-0.2637,-0.0076
2005-05-01T03:00:00Z,35.55355,-70.62968,-0.2659,-0.0076
2005-05-01T04:00:00Z,35.5529,-70.64094,-0.2898,-0.025
2005-05-01T05:00:00Z,35.55224,-70.65276,-0.2897,-0.0249
2005-05-01T06:00:00Z,35.55181,-70.66437,-0.2898,-0.0247
2005-05-01T07:00:00Z,35.55027,-70.67547,-0.2883,-0.0656
2005-05-01T08:00:00Z,35.54748,-70.68713,-0.2881,-0.0701
2005-05-01T09:00:00Z,35.54241,-70.6969,-0.2624,-0.142
2005-05-01T10:00:00Z,35.53941,-70.71296,-0.1315,-0.0532
2005-05-01T11:00:00Z,35.53894,-70.71744,-0.1391,-0.0857
2005-05-01T12:00:00Z,35.5354,-70.72342,-0.1404,-0.0868
2005-05-01T13:00:00Z,35.5319,-70.72935,-0.1625,-0.1148
2005-05-01T14:00:00Z,35.52993,-70.73683,-0.1981,-0.1674
2005-05-01T15:00:00Z,35.52299,-70.74481,-0.1987,-0.166
2005-05-01T16:00:00Z,35.51735,-70.7525,-0.1984,-0.1662
2005-05-01T17:00:00Z,35.51238,-70.75909,-0.195,-0.1683
2005-05-01T18:00:00Z,35.50537,-70.77001,-0.1598,-0.105
2005-05-01T19:00:00Z,35.50283,-70.77584,-0.1956,-0.1164
2005-05-01T20:00:00Z,35.4991,-70.78462,-0.2381,-0.1091
2005-05-01T21:00:00Z,35.49463,-70.79655,-0.2628,-0.137
2005-05-01T22:00:00Z,35.49112,-70.80496,-0.2642,-0.1347
2005-05-01T23:00:00Z,35.48574,-70.81651,-0.2534,-0.1638
2005-05-02T00:00:00Z,35.48014,-70.8273,-0.2518,-0.1665
2005-05-02T01:00:00Z,35.47531,-70.83758,-0.2513,-0.1654
2005-05-02T02:00:00Z,35.46175,-70.84868,-0.2923,-0.4881
2005-05-02T03:00:00Z,35.44497,-70.86041,-0.5926,-0.5587
2005-05-02T04:00:00Z,35.42775,-70.88503,-0.5838,-0.558
2005-05-02T05:00:00Z,35.40983,-70.90841,-0.6214,-0.688
2005-05-02T06:00:00Z,35.38795,-70.93241,-0.6256,-0.7003
2005-05-02T07:00:00Z,35.36498,-70.95719,-0.6229,-0.7205
2005-05-02T08:00:00Z,35.33977,-70.98353,-0.6287,-0.7315
2005-05-02T09:00:00Z,35.32239,-71.01323,-0.7168,-0.6269
2005-05-02T10:00:00Z,35.30227,-71.02807,-0.5756,-0.6526
2005-05-02T11:00:00Z,35.27744,-71.06537,-0.3293,-0.8835
2005-05-02T12:00:00Z,35.24835,-71.07363,-0.5605,-0.8846
2005-05-02T13:00:00Z,35.22066,-71.09769,-0.4493,-0.8692
2005-05-02T14:00:00Z,35.19238,-71.11482,-0.4825,-0.857
2005-05-02T15:00:00Z,35.16499,-71.13365,-0.4812,-0.859
2005-05-02T16:00:00Z,35.13731,-71.13821,-0.0472,-0.8513
2005-05-02T17:00:00Z,35.10961,-71.13827,-0.1798,-0.7626
2005-05-02T18:00:00Z,35.08534,-71.14582,-0.1888,-0.6934
2005-05-02T19:00:00Z,35.06271,-71.1533,-0.1871,-0.693
2005-05-02T20:00:00Z,35.04609,-71.15346,0.1372,-0.4092
2005-05-02T21:00:00Z,35.0341,-71.14806,0.1383,-0.4171
2005-05-02T22:00:00Z,35.02137,-71.14277,0.1623,-0.4198
2005-05-02T23:00:00Z,35.00598,-71.13503,0.173,-0.4255
2005-05-03T00:00:00Z,34.99165,-71.12279,0.3021,-0.4526
2005-05-03T01:00:00Z,34.97759,-71.10128,0.1316,-0.4532
2005-05-03T02:00:00Z,34.96245,-71.09553,0.1146,-0.4516
2005-05-03T03:00:00Z,34.94745,-71.09184,0.0359,-0.4865
2005-05-03T04:00:00Z,34.93236,-71.09048,0.0346,-0.4864
2005-05-03T05:00:00Z,34.91651,-71.08897,0.0346,-0.4813
2005-05-03T06:00:00Z,34.89948,-71.08838,0.0306,-0.491
2005-05-03T07:00:00Z,34.8884,-71.08599,0.0437,-0.3006
2005-05-03T08:00:00Z,34.87808,-71.07858,-0.3675,-0.2698
2005-05-03T09:00:00Z,34.87008,-71.10076,-0.151,-0.2723
2005-05-03T10:00:00Z,34.86107,-71.10747,-0.303,-0.2636
2005-05-03T11:00:00Z,34.85253,-71.11177,-0.1151,-0.2746
2005-05-03T12:00:00Z,34.84395,-71.11518,-0.1078,-0.2959
2005-05-03T13:00:00Z,34.83389,-71.12054,-0.1082,-0.2985
2005-05-03T14:00:00Z,34.82437,-71.12563,-0.1081,-0.2989
2005-05-03T15:00:00Z,34.81522,-71.13093,-0.1255,-0.3182
2005-05-03T16:00:00Z,34.80343,-71.13371,-0.1152,-0.3239
2005-05-03T17:00:00Z,34.79406,-71.13986,-0.2333,-0.2344
2005-05-03T18:00:00Z,34.78658,-71.14916,-0.2455,-0.2153
2005-05-03T19:00:00Z,34.77984,-71.15895,-0.2449,-0.2155
2005-05-03T20:00:00Z,34.77306,-71.16607,-0.1816,-0.2144
2005-05-03T21:00:00Z,34.76535,-71.17304,-0.1583,-0.2031
2005-05-03T22:00:00Z,34.75961,-71.17897,-0.1934,-0.2715
2005-05-03T23:00:00Z,34.75211,-71.18604,-0.1975,-0.2806
2005-05-04T00:00:00Z,34.74231,-71.19439,-0.216,-0.3005
2005-05-04T01:00:00Z,34.73155,-71.20292,-0.2163,-0.305
2005-05-04T02:00:00Z,34.72049,-71.21117,-0.2167,-0.3068
2005-05-04T03:00:00Z,34.7135,-71.22051,-0.2282,-0.2568
2005-05-04T04:00:00Z,34.70623,-71.23096,-0.2667,-0.2282
2005-05-04T05:00:00Z,34.69805,-71.24111,-0.2649,-0.2307
2005-05-04T06:00:00Z,34.68974,-71.24825,-0.2809,-0.239
2005-05-04T07:00:00Z,34.68277,-71.26253,-0.2724,-0.2457
2005-05-04T08:00:00Z,34.67529,-71.27449,-0.2404,-0.2483
2005-05-04T09:00:00Z,34.66659,-71.28248,-0.2545,-0.2466
2005-05-04T10:00:00Z,34.65766,-71.29417,-0.3575,-0.3896
2005-05-04T11:00:00Z,34.64497,-71.29884,-0.2,-0.3909
2005-05-04T12:00:00Z,34.63175,-71.3123,-0.463,-0.4365
2005-05-04T13:00:00Z,34.61781,-71.33114,-0.4624,-0.4351
2005-05-04T14:00:00Z,34.60464,-71.35014,-0.459,-0.4292
2005-05-04T15:00:00Z,34.58821,-71.3685,-0.474,-0.6047
2005-05-04T16:00:00Z,34.56832,-71.38504,-0.4645,-0.605
2005-05-04T17:00:00Z,34.54837,-71.40921,-0.5782,-0.614
2005-05-04T18:00:00Z,34.53046,-71.43195,-0.5992,-0.5402
2005-05-04T19:00:00Z,34.51268,-71.45601,-0.6015,-0.5372
2005-05-04T20:00:00Z,34.50248,-71.46562,-0.275,-0.3807
2005-05-04T21:00:00Z,34.49034,-71.47617,-0.2688,-0.36
2005-05-04T22:00:00Z,34.47808,-71.487,-0.2682,-0.4018
2005-05-04T23:00:00Z,34.46659,-71.49752,-0.1629,-0.3333
2005-05-05T00:00:00Z,34.4557,-71.50292,-0.1363,-0.3321
2005-05-05T01:00:00Z,34.44479,-71.50077,-0.0275,-0.3304
2005-05-05T02:00:00Z,34.43519,-71.49966,-0.0708,-0.347
2005-05-05T03:00:00Z,34.41979,-71.50346,-0.0611,-0.1272
2005-05-05T04:00:00Z,34.41113,-71.50453,-0.0201,-0.3668
2005-05-05T05:00:00Z,34.40008,-71.50486,-0.0132,-0.3618
2005-05-05T06:00:00Z,34.40523,-71.50494,0.0516,-0.5413
2005-05-05T07:00:00Z,34.37566,-71.50134,0.045,-0.3652
2005-05-05T08:00:00Z,34.36394,-71.49955,0.0842,-0.3117
2005-05-05T09:00:00Z,34.35363,-71.49596,0.083,-0.3074
2005-05-05T10:00:00Z,34.34564,-71.49254,0.0879,-0.2553
2005-05-05T11:00:00Z,34.33725,-71.49187,0.0659,-0.2543
2005-05-05T12:00:00Z,34.32949,-71.48069,0.1462,-0.2425
2005-05-05T13:00:00Z,34.32209,-71.47368,0.1959,-0.3122
2005-05-05T14:00:00Z,34.31179,-71.46935,0.2192,-0.3142
2005-05-05T15:00:00Z,34.30151,-71.45928,0.2143,-0.3207
2005-05-05T16:00:00Z,34.29275,-71.45214,-0.0015,-0.1731
2005-05-05T17:00:00Z,34.2912,-71.45671,0.0713,-0.1918
2005-05-05T18:00:00Z,34.28872,-71.45127,0.0762,-0.0518
2005-05-05T19:00:00Z,34.27864,-71.4499,0.1938,0.0979
2005-05-05T20:00:00Z,34.28645,-71.44173,0.192,0.0109
2005-05-05T21:00:00Z,34.28663,-71.4332,0.2562,0.0212
2005-05-05T22:00:00Z,34.28663,-71.42316,0.2572,0.0217
2005-05-05T23:00:00Z,34.28697,-71.41207,0.2817,-0.0038
2005-05-06T00:00:00Z,34.28688,-71.40066,0.2831,-0.0036
2005-05-06T01:00:00Z,34.28639,-71.38836,0.3256,-0.0167
2005-05-06T02:00:00Z,34.2862,-71.37551,0.3269,0.0142
2005-05-06T03:00:00Z,34.28514,-71.36189,0.3232,0.0186
2005-05-06T04:00:00Z,34.28747,-71.35026,0.3016,0.0666
2005-05-06T05:00:00Z,34.28975,-71.33843,0.3013,0.0675
2005-05-06T06:00:00Z,34.29163,-71.3263,0.3014,0.0674
2005-05-06T07:00:00Z,34.29292,-71.31359,0.3016,0.0668
2005-05-06T08:00:00Z,34.29761,-71.304,0.2163,0.1707
2005-05-06T09:00:00Z,34.30387,-71.29572,0.1874,0.2246
2005-05-06T10:00:00Z,34.31054,-71.28844,0.187,0.2208
2005-05-06T11:00:00Z,34.31723,-71.28136,0.1625,0.239
2005-05-06T12:00:00Z,34.3289,-71.27482,0.162,0.2703
2005-05-06T13:00:00Z,34.33528,-71.26962,0.1281,0.1507
2005-05-06T14:00:00Z,34.33951,-71.26507,0.1262,0.1443
2005-05-06T15:00:00Z,34.34466,-71.26049,0.1251,0.1439
2005-05-06T16:00:00Z,34.34568,-71.25665,0.1009,-0.0583
2005-05-06T17:00:00Z,34.34418,-71.25159,0.1012,-0.0686
2005-05-06T18:00:00Z,34.34122,-71.24948,0.0703,-0.0789
2005-05-06T19:00:00Z,34.33814,-71.24746,0.0167,-0.0914
2005-05-06T20:00:00Z,34.33614,-71.24517,0.0263,-0.0918
2005-05-06T21:00:00Z,34.33231,-71.24623,-0.0146,-0.1184
2005-05-06T22:00:00Z,34.32784,-71.25011,0.1004,-0.1352
2005-05-06T23:00:00Z,34.32415,-71.24407,0.1427,-0.1311
2005-05-07T00:00:00Z,34.31936,-71.23899,0.1498,-0.15
2005-05-07T01:00:00Z,34.31444,-71.22251,0.3452,-0.2626
2005-05-07T02:00:00Z,34.30317,-71.21016,0.3462,-0.2612
2005-05-07T03:00:00Z,34.29214,-71.22021,0.6637,-0.0812
2005-05-07T04:00:00Z,34.28842,-71.18513,0.5668,-0.0626
2005-05-07T05:00:00Z,34.28732,-71.16358,0.5351,-0.0055
2005-05-07T06:00:00Z,34.28739,-71.14228,0.5344,-0.0035
2005-05-07T07:00:00Z,34.28691,-71.12005,0.5346,-0.0027
2005-05-07T08:00:00Z,34.2974,-71.10251,0.5043,0.3619
2005-05-07T09:00:00Z,34.30923,-71.08521,0.5122,0.3878
2005-05-07T10:00:00Z,34.32192,-71.0616,0.4997,0.3886
2005-05-07T11:00:00Z,34.33424,-71.04238,0.5372,0.3792
2005-05-07T12:00:00Z,34.34699,-71.02458,0.575,0.1927
2005-05-07T13:00:00Z,34.3523,-71.00067,0.5712,0.1934
2005-05-07T14:00:00Z,34.35841,-70.97765,0.5679,0.1921
2005-05-07T15:00:00Z,34.36484,-70.95537,0.5936,0.1136
2005-05-07T16:00:00Z,34.36524,-70.93208,0.5935,-0.0183
2005-05-07T17:00:00Z,34.36507,-70.90902,0.5798,-0.0913
2005-05-07T18:00:00Z,34.36148,-70.88602,0.5788,-0.0847
2005-05-07T19:00:00Z,34.35868,-70.86641,0.4042,-0.1115
2005-05-07T20:00:00Z,34.35439,-70.84927,0.4134,-0.1133
2005-05-07T21:00:00Z,34.35256,-70.8366,0.3717,-0.0815
2005-05-07T22:00:00Z,34.35094,-70.82393,0.2843,-0.0099
2005-05-07T23:00:00Z,34.34884,-70.80704,0.3511,-0.0248
2005-05-08T00:00:00Z,34.35121,-70.80016,0.2438,0.0684
2005-05-08T01:00:00Z,34.35398,-70.79253,0.2545,0.0711
2005-05-08T02:00:00Z,34.35507,-70.78318,0.2567,0.0784
2005-05-08T03:00:00Z,34.35988,-70.77249,0.28,0.1662
2005-05-08T04:00:00Z,34.36663,-70.76219,0.3126,0.5198
2005-05-08T05:00:00Z,34.38433,-70.74972,0.3124,0.516
2005-05-08T06:00:00Z,34.40175,-70.73746,0.3125,0.51
2005-05-08T07:00:00Z,34.41854,-70.72511,0.3305,0.509
2005-05-08T08:00:00Z,34.43417,-70.71185,0.333,0.5097
2005-05-08T09:00:00Z,34.45093,-70.69346,0.5356,0.5192
2005-05-08T10:00:00Z,34.46727,-70.66655,0.5332,0.5219
2005-05-08T11:00:00Z,34.48512,-70.65092,0.5524,0.5251
2005-05-08T12:00:00Z,34.50196,-70.62978,0.5587,0.4806
2005-05-08T13:00:00Z,34.51702,-70.60619,0.5498,0.4811
2005-05-08T14:00:00Z,34.53261,-70.58344,0.54,0.4804
2005-05-08T15:00:00Z,34.54761,-70.5617,0.5795,0.4387
2005-05-08T16:00:00Z,34.5617,-70.5409,0.5743,0.436
2005-05-08T17:00:00Z,34.56994,-70.51693,0.5996,0.205
2005-05-08T18:00:00Z,34.57661,-70.49218,0.5954,0.1967
2005-05-08T19:00:00Z,34.57749,-70.46998,0.5763,0.0138
2005-05-08T20:00:00Z,34.57712,-70.44727,0.2657,-0.0091
2005-05-08T21:00:00Z,34.57777,-70.43687,0.2625,-0.0113
2005-05-08T22:00:00Z,34.57754,-70.42722,0.2334,0.0172
2005-05-08T23:00:00Z,34.57751,-70.41972,-0.0739,0.1192
2005-05-09T00:00:00Z,34.58221,-70.42308,-0.0733,0.1242
2005-05-09T01:00:00Z,34.58647,-70.42618,-0.0728,0.1263
2005-05-09T02:00:00Z,34.59068,-70.42892,-0.0728,0.5146
2005-05-09T03:00:00Z,34.60645,-70.4317,-0.0716,0.5185
2005-05-09T04:00:00Z,34.62346,-70.43113,0.0971,0.5641
2005-05-09T05:00:00Z,34.64229,-70.42673,0.0993,0.5629
2005-05-09T06:00:00Z,34.66064,-70.42318,0.1015,0.5629
2005-05-09T07:00:00Z,34.67861,-70.41857,0.2257,0.5742
2005-05-09T08:00:00Z,34.69736,-70.40901,0.2321,0.5741
2005-05-09T09:00:00Z,34.7145,-70.39311,0.4041,0.5241
2005-05-09T10:00:00Z,34.72468,-70.37729,0.4069,0.2949
2005-05-09T11:00:00Z,34.73311,-70.36179,0.4083,0.2897
2005-05-09T12:00:00Z,34.7425,-70.34573,0.4081,0.2886
2005-05-09T13:00:00Z,34.74985,-70.32907,0.3545,-0.0838
2005-05-09T14:00:00Z,34.74237,-70.3145,0.3408,0.0525
2005-05-09T15:00:00Z,34.74385,-70.30354,0.2556,-0.0049
2005-05-09T16:00:00Z,34.7446,-70.29497,0.1184,0.0098
2005-05-09T17:00:00Z,34.74371,-70.29403,0.132,0.0061
2005-05-09T18:00:00Z,34.74437,-70.28928,0.0817,0.0268
2005-05-09T19:00:00Z,34.74568,-70.28364,0.0942,0.0282
2005-05-09T20:00:00Z,34.74719,-70.27922,0.1039,0.1965
2005-05-09T21:00:00Z,34.75505,-70.28996,-0.1188,0.329
2005-05-09T22:00:00Z,34.76561,-70.29026,-0.1258,0.3323
2005-05-09T23:00:00Z,34.77635,-70.27445,-0.1823,0.3834
2005-05-10T00:00:00Z,34.78882,-70.30213,-0.0771,0.3837
2005-05-10T01:00:00Z,34.80093,-70.30693,-0.0735,0.3856
2005-05-10T02:00:00Z,34.81347,-70.30793,0.0414,0.3976
2005-05-10T03:00:00Z,34.82726,-70.3042,0.0274,0.3962
2005-05-10T04:00:00Z,34.8389,-70.3041,0.0185,0.3658
2005-05-10T05:00:00Z,34.85057,-70.30386,0.0196,0.3639
2005-05-10T06:00:00Z,34.86294,-70.30329,0.02,0.3655
2005-05-10T07:00:00Z,34.87281,-70.30312,-0.0118,0.196
2005-05-10T08:00:00Z,34.87898,-70.30281,-0.0108,0.1962
2005-05-10T09:00:00Z,34.88396,-70.30563,-0.0747,0.1496
2005-05-10T10:00:00Z,34.88954,-70.30848,-0.0769,0.1552
2005-05-10T11:00:00Z,34.89434,-70.31177,-0.2153,0.0191
2005-05-10T12:00:00Z,34.89235,-70.32209,-0.18,0.0677
2005-05-10T13:00:00Z,34.89495,-70.33075,-0.2495,0.0766
2005-05-10T14:00:00Z,34.89785,-70.34143,-0.3945,0.0967
2005-05-10T15:00:00Z,34.90076,-70.36151,-0.3775,0.0961
2005-05-10T16:00:00Z,34.90382,-70.37678,-0.3786,0.0959
2005-05-10T17:00:00Z,34.907,-70.39065,-0.3794,0.0959
2005-05-10T18:00:00Z,34.90914,-70.40907,-0.4665,-0.0084
2005-05-10T19:00:00Z,34.9088,-70.42656,-0.4652,-0.0102
2005-05-10T20:00:00Z,34.90722,-70.44347,-0.4141,-0.0775
2005-05-10T21:00:00Z,34.90454,-70.45902,-0.3212,-0.0939
2005-05-10T22:00:00Z,34.9011,-70.47247,-0.2987,-0.0917
2005-05-10T23:00:00Z,34.89926,-70.4817,-0.2134,-0.0558
2005-05-11T00:00:00Z,34.89746,-70.48991,-0.1446,-0.0393
2005-05-11T01:00:00Z,34.89646,-70.49483,-0.1352,-0.0385
2005-05-11T02:00:00Z,34.89376,-70.49766,-0.0833,-0.0767
2005-05-11T03:00:00Z,34.89141,-70.49962,-0.0926,-0.1155
2005-05-11T04:00:00Z,34.88545,-70.50541,-0.0874,-0.1164
2005-05-11T05:00:00Z,34.88105,-70.50993,-0.0289,-0.0888
2005-05-11T06:00:00Z,34.87994,-70.5112,-0.0251,-0.1155
2005-05-11T07:00:00Z,34.87613,-70.51222,-0.0198,-0.0844
2005-05-11T08:00:00Z,34.87213,-70.51271,-0.1616,0.0154
2005-05-11T09:00:00Z,34.87545,-70.52095,-0.1833,0.0042
2005-05-11T10:00:00Z,34.87652,-70.52832,-0.1968,0.0618
2005-05-11T11:00:00Z,34.87803,-70.53605,-0.1348,0.1005
2005-05-11T12:00:00Z,34.88139,-70.54147,-0.1316,0.1047
2005-05-11T13:00:00Z,34.88609,-70.54419,-0.0786,0.1358
2005-05-11T14:00:00Z,34.89007,-70.54655,-0.0458,0.1168
2005-05-11T15:00:00Z,34.89378,-70.54905,-0.045,0.1161
2005-05-11T16:00:00Z,34.89713,-70.5488,0.0042,0.0754
2005-05-11T17:00:00Z,34.89923,-70.54784,0.0205,0.0532
2005-05-11T18:00:00Z,34.90094,-70.54847,-0.0022,8.0E-4
2005-05-11T19:00:00Z,34.90101,-70.5464,0.0086,-4.0E-4
2005-05-11T20:00:00Z,34.90106,-70.54739,-0.0445,-0.0073
2005-05-11T21:00:00Z,34.90056,-70.55031,-0.0408,-0.0077
2005-05-11T22:00:00Z,34.90075,-70.55274,-0.0679,0.0207
2005-05-11T23:00:00Z,34.90199,-70.5539,-0.0625,0.0277
2005-05-12T00:00:00Z,34.90829,-70.55826,-0.1664,0.1819
2005-05-12T01:00:00Z,34.91507,-70.56419,-0.1782,0.2229
2005-05-12T02:00:00Z,34.92102,-70.57433,-0.2063,0.2211
2005-05-12T03:00:00Z,34.92904,-70.57966,-0.0879,0.2632
2005-05-12T04:00:00Z,34.93794,-70.58181,-0.1076,0.2648
2005-05-12T05:00:00Z,34.94672,-70.58655,-0.0936,0.2787
2005-05-12T06:00:00Z,34.95649,-70.59016,-0.0942,0.2799
2005-05-12T07:00:00Z,34.96502,-70.59194,-0.0786,0.2683
2005-05-12T08:00:00Z,34.97348,-70.5951,-0.0784,0.2689
2005-05-12T09:00:00Z,34.98199,-70.59926,-0.0812,0.2696
2005-05-12T10:00:00Z,34.99058,-70.59893,0.0323,0.0589
2005-05-12T11:00:00Z,34.99228,-70.59816,0.0265,0.0489
2005-05-12T12:00:00Z,34.99274,-70.60013,-0.1858,-0.0623
2005-05-12T13:00:00Z,34.99013,-70.60784,-0.1883,-0.0604
2005-05-12T14:00:00Z,34.98815,-70.6149,-0.1894,-0.0612
2005-05-12T15:00:00Z,34.98661,-70.62279,-0.3069,-0.0705
2005-05-12T16:00:00Z,34.98365,-70.63531,-0.307,-0.0735
2005-05-12T17:00:00Z,34.98368,-70.64807,-0.3259,0.0496
2005-05-12T18:00:00Z,34.98847,-70.65937,-0.2649,0.1826
2005-05-12T19:00:00Z,34.99463,-70.66882,-0.2538,0.1882
2005-05-12T20:00:00Z,35.0009,-70.67893,-0.2312,0.2111
2005-05-12T21:00:00Z,35.00834,-70.68646,-0.1938,0.1338
2005-05-12T22:00:00Z,35.01208,-70.69476,-0.1697,0.0815
2005-05-12T23:00:00Z,35.01595,-70.70067,-0.1896,-0.0729
2005-05-13T00:00:00Z,35.01314,-70.70878,-0.1913,-0.073
2005-05-13T01:00:00Z,35.01083,-70.71633,-0.1922,-0.0742
2005-05-13T02:00:00Z,35.00899,-70.72331,-0.193,-0.0771
2005-05-13T03:00:00Z,35.00368,-70.73481,-0.2532,-0.1344
2005-05-13T04:00:00Z,34.99728,-70.74879,-0.4202,-0.2364
2005-05-13T05:00:00Z,34.9888,-70.76715,-0.429,-0.2411
2005-05-13T06:00:00Z,34.98137,-70.78359,-0.4956,-0.3013
2005-05-13T07:00:00Z,34.97107,-70.80423,-0.5006,-0.3002
2005-05-13T08:00:00Z,34.96156,-70.82839,-0.7349,-0.3057
2005-05-13T09:00:00Z,34.95104,-70.85957,-0.704,-0.306
2005-05-13T10:00:00Z,34.94366,-70.88779,-0.731,-0.2155
2005-05-13T11:00:00Z,34.93715,-70.91593,-0.7289,-0.215
2005-05-13T12:00:00Z,34.93033,-70.94372,-0.7264,-0.2147
2005-05-13T13:00:00Z,34.92273,-70.96939,-0.7056,-0.2077
2005-05-13T14:00:00Z,34.91672,-71.00184,-0.7169,-0.2067
2005-05-13T15:00:00Z,34.90946,-71.02891,-0.6595,-0.2333
2005-05-13T16:00:00Z,34.90116,-71.05362,-0.6771,-0.2322
2005-05-13T17:00:00Z,34.89509,-71.0833,-0.6992,-0.2184
2005-05-13T18:00:00Z,34.89035,-71.10693,-0.423,-0.1145
2005-05-13T19:00:00Z,34.88786,-71.11379,-0.3133,-0.1142
2005-05-13T20:00:00Z,34.88113,-71.13336,-0.3325,-0.2024
2005-05-13T21:00:00Z,34.87298,-71.15871,-0.461,-0.4064
2005-05-13T22:00:00Z,34.85908,-71.17255,-0.488,-0.4241
2005-05-13T23:00:00Z,34.8426,-71.18882,-0.4093,-0.5263
2005-05-14T00:00:00Z,34.8178,-71.21201,-0.4137,-0.5727
2005-05-14T01:00:00Z,34.80488,-71.22397,-0.2812,-0.4511
2005-05-14T02:00:00Z,34.79239,-71.23479,-0.3036,-0.4214
2005-05-14T03:00:00Z,34.77416,-71.24762,-0.3099,-0.4411
2005-05-14T04:00:00Z,34.75483,-71.26712,-0.5204,-0.5992
2005-05-14T05:00:00Z,34.73596,-71.2907,-0.4987,-0.5964
2005-05-14T06:00:00Z,34.73478,-71.31186,-0.4312,-0.8691
2005-05-14T07:00:00Z,34.69483,-71.32901,-0.3982,-0.6397
2005-05-14T08:00:00Z,34.67458,-71.34529,-0.4043,-0.6283
2005-05-14T09:00:00Z,34.65293,-71.35572,-0.3677,-0.6302
2005-05-14T10:00:00Z,34.63871,-71.3766,-0.4241,-0.4904
2005-05-14T11:00:00Z,34.62336,-71.39446,-0.2859,-0.4577
2005-05-14T12:00:00Z,34.60757,-71.40213,-0.2381,-0.4629
2005-05-14T13:00:00Z,34.59266,-71.40852,-0.1735,-0.4626
2005-05-14T14:00:00Z,34.57927,-71.42976,-0.0239,-0.4116
2005-05-14T15:00:00Z,34.56456,-71.41786,-0.1247,-0.4219
2005-05-14T16:00:00Z,34.54859,-71.42084,-0.0425,-0.4736
2005-05-14T17:00:00Z,34.53989,-71.43016,0.0197,-0.4109
2005-05-14T18:00:00Z,34.52053,-71.42597,-0.0667,-0.6845
2005-05-14T19:00:00Z,34.49901,-71.42632,-0.0655,-0.6975
2005-05-14T20:00:00Z,34.47565,-71.43241,-0.0435,-0.6969
2005-05-14T21:00:00Z,34.45394,-71.43516,-0.087,-0.6273
2005-05-14T22:00:00Z,34.43346,-71.43408,-0.0709,-0.6171
2005-05-14T23:00:00Z,34.41747,-71.44073,-0.1647,-0.4849
2005-05-15T00:00:00Z,34.40143,-71.44726,-0.1704,-0.4245
2005-05-15T01:00:00Z,34.38829,-71.45375,-0.1701,-0.4272
2005-05-15T02:00:00Z,34.37479,-71.45982,-0.1416,-0.4009
2005-05-15T03:00:00Z,34.36175,-71.4654,-0.0969,-0.2772
2005-05-15T04:00:00Z,34.35647,-71.46344,0.0545,-0.2921
2005-05-15T05:00:00Z,34.35134,-71.46149,0.1003,-0.347
2005-05-15T06:00:00Z,34.33591,-71.45679,0.0995,-0.2851
2005-05-15T07:00:00Z,34.32654,-71.4533,0.1035,-0.2845
2005-05-15T08:00:00Z,34.31745,-71.44627,0.2075,-0.3137
2005-05-15T09:00:00Z,34.30708,-71.43797,0.2426,-0.3086
2005-05-15T10:00:00Z,34.29744,-71.4285,0.2447,-0.3092
2005-05-15T11:00:00Z,34.28715,-71.41869,0.2646,-0.3347
2005-05-15T12:00:00Z,34.27604,-71.40704,0.2719,-0.3347
2005-05-15T13:00:00Z,34.26565,-71.40173,0.1518,-0.3298
2005-05-15T14:00:00Z,34.25497,-71.39719,0.1601,-0.3296
2005-05-15T15:00:00Z,34.24398,-71.39201,0.1707,-0.3302
2005-05-15T16:00:00Z,34.23487,-71.38482,0.1444,-0.2947
2005-05-15T17:00:00Z,34.2259,-71.3783,0.1589,-0.0433
2005-05-15T18:00:00Z,34.22452,-71.37296,0.1612,-0.0334
2005-05-15T19:00:00Z,34.22393,-71.36662,0.1827,0.0457
2005-05-15T20:00:00Z,34.22592,-71.35914,0.1833,0.0444
2005-05-15T21:00:00Z,34.22824,-71.35042,0.2313,0.0838
2005-05-15T22:00:00Z,34.23109,-71.34033,0.3171,0.1165
2005-05-15T23:00:00Z,34.23525,-71.32628,0.3265,0.12
2005-05-16T00:00:00Z,34.23937,-71.30759,0.5735,0.1383
2005-05-16T01:00:00Z,34.24462,-71.28661,0.5956,0.0889
2005-05-16T02:00:00Z,34.24692,-71.26072,0.6012,0.0876
2005-05-16T03:00:00Z,34.24964,-71.23691,0.5813,0.0473
2005-05-16T04:00:00Z,34.25066,-71.21677,0.5967,0.0495
2005-05-16T05:00:00Z,34.25284,-71.19329,0.5715,0.066
2005-05-16T06:00:00Z,34.25496,-71.16944,0.5713,0.0665
2005-05-16T07:00:00Z,34.25672,-71.14545,0.5689,0.0685
2005-05-16T08:00:00Z,34.26032,-71.12588,0.5458,0.1016
2005-05-16T09:00:00Z,34.26409,-71.10535,0.5221,0.147
2005-05-16T10:00:00Z,34.26865,-71.08312,0.5234,0.1494
2005-05-16T11:00:00Z,34.27512,-71.0646,0.4894,0.2008
2005-05-16T12:00:00Z,34.28272,-71.04582,0.453,0.3118
2005-05-16T13:00:00Z,34.2938,-71.02805,0.4527,0.3184
2005-05-16T14:00:00Z,34.30429,-71.01,0.4533,0.321
2005-05-16T15:00:00Z,34.3147,-70.99077,0.464,0.5242
2005-05-16T16:00:00Z,34.33261,-70.97487,0.4533,0.5127
2005-05-16T17:00:00Z,34.34913,-70.95652,0.5489,0.511
2005-05-16T18:00:00Z,34.36557,-70.93456,0.5514,0.5102
2005-05-16T19:00:00Z,34.38203,-70.90703,0.7586,0.5011
2005-05-16T20:00:00Z,34.39791,-70.87097,0.7113,0.5009
2005-05-16T21:00:00Z,34.4141,-70.84652,0.7822,0.4863
2005-05-16T22:00:00Z,34.42942,-70.81529,0.8243,0.4632
2005-05-16T23:00:00Z,34.44347,-70.78183,0.7878,0.4585
2005-05-17T00:00:00Z,34.46056,-70.76072,0.5749,0.4827
2005-05-17T01:00:00Z,34.47572,-70.73761,0.5888,0.4726
2005-05-17T02:00:00Z,34.49112,-70.71462,0.5955,0.4687
2005-05-17T03:00:00Z,34.50581,-70.68912,0.6908,0.4416
2005-05-17T04:00:00Z,34.52011,-70.6634,0.5012,0.5564
2005-05-17T05:00:00Z,34.53981,-70.64591,0.5174,0.5436
2005-05-17T06:00:00Z,34.55804,-70.62708,0.5362,0.5378
2005-05-17T07:00:00Z,34.57539,-70.60565,0.5104,0.5581
2005-05-17T08:00:00Z,34.59291,-70.58496,0.5101,0.558
2005-05-17T09:00:00Z,34.61134,-70.56508,0.5077,0.5716
2005-05-17T10:00:00Z,34.63052,-70.54851,0.3281,0.628
2005-05-17T11:00:00Z,34.65096,-70.5369,0.3348,0.6306
2005-05-17T12:00:00Z,34.67189,-70.52317,0.321,0.6546
2005-05-17T13:00:00Z,34.69434,-70.5143,0.2866,0.6577
2005-05-17T14:00:00Z,34.71448,-70.49536,0.3515,0.6641
2005-05-17T15:00:00Z,34.73597,-70.48121,0.3118,0.6796
2005-05-17T16:00:00Z,34.75871,-70.46964,0.3199,0.673
2005-05-17T17:00:00Z,34.77948,-70.45626,0.3321,0.6456
2005-05-17T18:00:00Z,34.80092,-70.44361,0.3319,0.645
2005-05-17T19:00:00Z,34.81898,-70.42602,0.4066,0.555
2005-05-17T20:00:00Z,34.83648,-70.40646,0.3272,0.4877
2005-05-17T21:00:00Z,34.85225,-70.39557,0.317,0.4634
2005-05-17T22:00:00Z,34.86756,-70.38177,0.3164,0.481
2005-05-17T23:00:00Z,34.88142,-70.37419,-0.055,0.429
2005-05-18T00:00:00Z,34.90346,-70.37659,-0.0549,0.5454
2005-05-18T01:00:00Z,34.90911,-70.37806,-0.0408,0.4117
2005-05-18T02:00:00Z,34.92145,-70.38096,-0.0667,0.4431
2005-05-18T03:00:00Z,34.93632,-70.37985,-0.014,0.44
2005-05-18T04:00:00Z,34.95062,-70.38301,-0.1488,0.4492
2005-05-18T05:00:00Z,34.965,-70.3893,-0.1495,0.4489
2005-05-18T06:00:00Z,34.97936,-70.39502,-0.1512,0.4487
2005-05-18T07:00:00Z,34.99386,-70.40152,-0.1782,0.4487
2005-05-18T08:00:00Z,35.00883,-70.41125,-0.1916,0.4507
2005-05-18T09:00:00Z,35.02174,-70.41605,-0.1641,0.4017
2005-05-18T10:00:00Z,35.03348,-70.42332,-0.1622,0.3448
2005-05-18T11:00:00Z,35.04418,-70.42854,-0.2073,0.343
2005-05-18T12:00:00Z,35.05581,-70.43746,-0.2059,0.3419
2005-05-18T13:00:00Z,35.06639,-70.44624,-0.2202,0.3065
2005-05-18T14:00:00Z,35.07657,-70.45326,-0.216,0.3032
2005-05-18T15:00:00Z,35.08,-70.46466,-0.2883,0.0873
2005-05-18T16:00:00Z,35.08311,-70.47779,-0.4854,0.0384
2005-05-18T17:00:00Z,35.08419,-70.49737,-0.4868,0.0374
2005-05-18T18:00:00Z,35.08583,-70.51612,-0.4967,0.0353
2005-05-18T19:00:00Z,35.08493,-70.54058,-0.6079,-0.0113
2005-05-18T20:00:00Z,35.08465,-70.56554,-0.6539,-0.0102
2005-05-18T21:00:00Z,35.08682,-70.59227,-0.6858,0.156
2005-05-18T22:00:00Z,35.09097,-70.6335,-0.8706,0.1516
2005-05-18T23:00:00Z,35.09841,-70.65398,-0.4912,0.2077
2005-05-19T00:00:00Z,35.10695,-70.67205,-0.46,0.166
2005-05-19T01:00:00Z,35.11089,-70.6923,-0.4534,0.1801
2005-05-19T02:00:00Z,35.11666,-70.70994,-0.4163,0.1539
2005-05-19T03:00:00Z,35.12268,-70.72581,-0.4203,0.1581
2005-05-19T04:00:00Z,35.1202,-70.74275,-0.4124,-0.0845
2005-05-19T05:00:00Z,35.11747,-70.75919,-0.4127,-0.0857
2005-05-19T06:00:00Z,35.1154,-70.77547,-0.4128,-0.0835
2005-05-19T07:00:00Z,35.11082,-70.79245,-0.4295,-0.2416
2005-05-19T08:00:00Z,35.1031,-70.80957,-0.4308,-0.2501
2005-05-19T09:00:00Z,35.09429,-70.83531,-0.6376,-0.2646
2005-05-19T10:00:00Z,35.08482,-70.86021,-0.6296,-0.2506
2005-05-19T11:00:00Z,35.07797,-70.88476,-0.5686,-0.2626
2005-05-19T12:00:00Z,35.06865,-70.90607,-0.5667,-0.2558
2005-05-19T13:00:00Z,35.06068,-70.93176,-0.6297,-0.2706
2005-05-19T14:00:00Z,35.0512,-70.95965,-0.7192,-0.3098
2005-05-19T15:00:00Z,35.04144,-70.99959,-0.822,-0.3129
2005-05-19T16:00:00Z,35.03008,-71.02595,-0.5837,-0.3776
2005-05-19T17:00:00Z,35.01639,-71.04497,-0.7277,-0.3672
2005-05-19T18:00:00Z,35.00688,-71.07391,-0.6469,-0.3236
2005-05-19T19:00:00Z,34.99663,-71.09859,-0.6517,-0.3264
2005-05-19T20:00:00Z,34.98612,-71.12461,-0.6534,-0.3628
2005-05-19T21:00:00Z,34.97405,-71.15056,-0.6538,-0.3622
2005-05-19T22:00:00Z,34.96208,-71.17608,-0.6598,-0.381
2005-05-19T23:00:00Z,34.95006,-71.20268,-0.6629,-0.3799
2005-05-20T00:00:00Z,34.9362,-71.22371,-0.4282,-0.447
2005-05-20T01:00:00Z,34.92094,-71.23533,-0.4916,-0.4617
2005-05-20T02:00:00Z,34.90066,-71.25834,-0.4486,-0.5669
2005-05-20T03:00:00Z,34.88229,-71.27644,-0.5246,-0.605
2005-05-20T04:00:00Z,34.86256,-71.29932,-0.5273,-0.6042
2005-05-20T05:00:00Z,34.84295,-71.31952,-0.4435,-0.6032
2005-05-20T06:00:00Z,34.82372,-71.33665,-0.4469,-0.6043
2005-05-20T07:00:00Z,34.80496,-71.35567,-0.4796,-0.5732
2005-05-20T08:00:00Z,34.78501,-71.37199,-0.5655,-0.5164
2005-05-20T09:00:00Z,34.76928,-71.39572,-0.5445,-0.5265
2005-05-20T10:00:00Z,34.75305,-71.41874,-0.6438,-0.4544
2005-05-20T11:00:00Z,34.73781,-71.42725,-0.2277,-0.4785
2005-05-20T12:00:00Z,34.72263,-71.43548,-0.1785,-0.5052
2005-05-20T13:00:00Z,34.70594,-71.4436,-0.1862,-0.5064
2005-05-20T14:00:00Z,34.68947,-71.45304,-0.1996,-0.5067
2005-05-20T15:00:00Z,34.67328,-71.46319,-0.221,-0.5165
2005-05-20T16:00:00Z,34.65715,-71.4638,-0.1521,-0.5028
2005-05-20T17:00:00Z,34.64079,-71.46985,-0.1462,-0.4899
2005-05-20T18:00:00Z,34.62623,-71.47547,-0.1738,-0.4817
2005-05-20T19:00:00Z,34.60883,-71.48295,-0.1748,-0.4882
2005-05-20T20:00:00Z,34.59433,-71.486,-0.0512,-0.4562
2005-05-20T21:00:00Z,34.58115,-71.48765,-0.039,-0.4581
2005-05-20T22:00:00Z,34.56579,-71.48537,0.0259,-0.4387
2005-05-20T23:00:00Z,34.55136,-71.48714,0.046,-0.4367
2005-05-21T00:00:00Z,34.53698,-71.48395,0.0461,-0.4344
2005-05-21T01:00:00Z,34.52305,-71.48122,0.0418,-0.4344
2005-05-21T02:00:00Z,34.50934,-71.47897,0.0382,-0.4344
2005-05-21T03:00:00Z,34.49501,-71.47818,0.0363,-0.4353
2005-05-21T04:00:00Z,34.47988,-71.47697,0.0141,-0.2758
2005-05-21T05:00:00Z,34.47191,-71.47256,0.0789,-0.2733
2005-05-21T06:00:00Z,34.46329,-71.46924,0.0805,-0.2725
2005-05-21T07:00:00Z,34.454,-71.47979,-0.0129,-0.2711
2005-05-21T08:00:00Z,34.44494,-71.47876,0.3807,-0.2241
2005-05-21T09:00:00Z,34.43893,-71.46435,0.3873,-0.2317
2005-05-21T10:00:00Z,34.43166,-71.44982,0.3772,-0.1928
2005-05-21T11:00:00Z,34.4249,-71.43337,0.3792,-0.1919
2005-05-21T12:00:00Z,34.41776,-71.41802,0.3819,-0.2194
2005-05-21T13:00:00Z,34.41118,-71.40401,0.3811,-0.2169
2005-05-21T14:00:00Z,34.40557,-71.39062,0.3787,-0.2094
2005-05-21T15:00:00Z,34.39875,-71.37648,0.485,-0.3317
2005-05-21T16:00:00Z,34.38763,-71.35746,0.4891,-0.327
2005-05-21T17:00:00Z,34.37608,-71.33754,0.5049,-0.3693
2005-05-21T18:00:00Z,34.36418,-71.32198,0.3269,-0.3713
2005-05-21T19:00:00Z,34.35167,-71.31102,0.2615,-0.3728
2005-05-21T20:00:00Z,34.34123,-71.3063,0.1172,-0.3247
2005-05-21T21:00:00Z,34.33042,-71.30115,0.0162,-0.1869
2005-05-21T22:00:00Z,34.32501,-71.30041,0.0146,-0.1815
2005-05-21T23:00:00Z,34.32175,-71.29792,0.0576,0.0726
2005-05-22T00:00:00Z,34.32449,-71.29547,0.0601,0.0754
2005-05-22T01:00:00Z,34.32646,-71.29928,0.0101,0.0766
2005-05-22T02:00:00Z,34.32756,-71.30067,0.3069,0.1168
2005-05-22T03:00:00Z,34.33391,-71.28935,0.3179,0.1107
2005-05-22T04:00:00Z,34.33789,-71.27613,0.3836,0.1053
2005-05-22T05:00:00Z,34.3407,-71.26054,0.3859,0.1057
2005-05-22T06:00:00Z,34.34377,-71.24533,0.3866,0.1063
2005-05-22T07:00:00Z,34.34689,-71.23065,0.3861,0.107
2005-05-22T08:00:00Z,34.3502,-71.2143,0.443,0.0931
2005-05-22T09:00:00Z,34.35394,-71.19544,0.4351,0.0953
2005-05-22T10:00:00Z,34.3558,-71.17635,0.4921,0.066
2005-05-22T11:00:00Z,34.35763,-71.15432,0.514,0.064
2005-05-22T12:00:00Z,34.35935,-71.14387,0.4009,0.0475
2005-05-22T13:00:00Z,34.36179,-71.12955,0.2777,0.1202
2005-05-22T14:00:00Z,34.36499,-71.11738,0.2707,0.1272
2005-05-22T15:00:00Z,34.36991,-71.10717,0.2597,0.1805
2005-05-22T16:00:00Z,34.37597,-71.09771,0.3581,0.2466
2005-05-22T17:00:00Z,34.38349,-71.08313,0.3638,0.2415
2005-05-22T18:00:00Z,34.39816,-71.068,0.3862,0.396
2005-05-22T19:00:00Z,34.41219,-71.05278,0.3865,0.3996
2005-05-22T20:00:00Z,34.42489,-71.03768,0.3863,0.4005
2005-05-22T21:00:00Z,34.43905,-71.02179,0.4203,0.5259
2005-05-22T22:00:00Z,34.45706,-71.00535,0.423,0.516
2005-05-22T23:00:00Z,34.47365,-70.97911,0.6388,0.5313
2005-05-23T00:00:00Z,34.49126,-70.9526,0.6347,0.5107
2005-05-23T01:00:00Z,34.50779,-70.9279,0.6856,0.523
2005-05-23T02:00:00Z,34.52471,-70.90233,0.6592,0.5279
2005-05-23T03:00:00Z,34.54234,-70.86999,0.7045,0.5277
2005-05-23T04:00:00Z,34.55928,-70.84576,0.5997,0.5288
2005-05-23T05:00:00Z,34.57622,-70.82258,0.6007,0.5288
2005-05-23T06:00:00Z,34.5932,-70.79896,0.6002,0.5288
2005-05-23T07:00:00Z,34.61013,-70.77497,0.5976,0.5289
2005-05-23T08:00:00Z,34.62828,-70.75284,0.5556,0.5567
2005-05-23T09:00:00Z,34.646,-70.73102,0.553,0.5625
2005-05-23T10:00:00Z,34.6664,-70.71092,0.5035,0.6218
2005-05-23T11:00:00Z,34.68655,-70.69324,0.3455,0.6391
2005-05-23T12:00:00Z,34.70748,-70.6803,0.342,0.6397
2005-05-23T13:00:00Z,34.72817,-70.66763,0.3185,0.6426
2005-05-23T14:00:00Z,34.74918,-70.65544,0.3412,0.8085
2005-05-23T15:00:00Z,34.77927,-70.64109,0.3446,0.7905
2005-05-23T16:00:00Z,34.80658,-70.62743,0.3451,0.7873
2005-05-23T17:00:00Z,34.83356,-70.61445,0.3441,0.7878
2005-05-23T18:00:00Z,34.85668,-70.59777,0.4077,0.805
2005-05-23T19:00:00Z,34.88178,-70.57753,0.6746,0.7678
2005-05-23T20:00:00Z,34.90835,-70.54385,0.6022,0.7576
2005-05-23T21:00:00Z,34.93244,-70.52011,0.5882,0.6974
2005-05-23T22:00:00Z,34.95477,-70.49872,0.5813,0.6704
2005-05-23T23:00:00Z,34.9767,-70.47374,0.5882,0.6706
2005-05-24T00:00:00Z,34.9983,-70.4507,0.5452,0.6541
2005-05-24T01:00:00Z,35.01875,-70.43033,0.5379,0.6503
2005-05-24T02:00:00Z,35.03989,-70.41236,0.4635,0.6417
2005-05-24T03:00:00Z,35.06078,-70.39516,0.3924,0.6225
2005-05-24T04:00:00Z,35.08029,-70.38003,0.382,0.6137
2005-05-24T05:00:00Z,35.09587,-70.36577,0.2628,0.423
2005-05-24T06:00:00Z,35.10786,-70.35533,0.26,0.4382
2005-05-24T07:00:00Z,35.12115,-70.34398,0.2452,0.4488
2005-05-24T08:00:00Z,35.13673,-70.33688,0.1485,0.4677
2005-05-24T09:00:00Z,35.15239,-70.3325,-0.1397,0.5347
2005-05-24T10:00:00Z,35.16937,-70.33862,-0.136,0.5368
2005-05-24T11:00:00Z,35.19051,-70.34373,-0.1323,0.6734
2005-05-24T12:00:00Z,35.21322,-70.34974,-0.1101,0.8396
2005-05-24T13:00:00Z,35.24131,-70.3537,-0.1088,0.8354
2005-05-24T14:00:00Z,35.26852,-70.35807,-0.1084,0.835
2005-05-24T15:00:00Z,35.29526,-70.36279,-0.1084,0.8391
2005-05-24T16:00:00Z,35.32264,-70.35798,0.1983,0.8455
2005-05-24T17:00:00Z,35.35041,-70.35162,0.2887,0.6088
2005-05-24T18:00:00Z,35.37033,-70.33977,0.2901,0.5995
2005-05-24T19:00:00Z,35.38899,-70.32855,0.3074,0.4925
2005-05-24T20:00:00Z,35.405,-70.31501,0.3115,0.4858
2005-05-24T21:00:00Z,35.41846,-70.30522,0.2148,0.3988
2005-05-24T22:00:00Z,35.42849,-70.29797,0.1546,0.2527
2005-05-24T23:00:00Z,35.43612,-70.29191,0.1525,0.2461
2005-05-25T00:00:00Z,35.44026,-70.29444,-0.1178,0.1361
2005-05-25T01:00:00Z,35.44485,-70.29893,-0.1796,0.0879
2005-05-25T02:00:00Z,35.44601,-70.30701,-0.1839,0.0853
2005-05-25T03:00:00Z,35.44934,-70.32113,-0.5075,0.187
2005-05-25T04:00:00Z,35.45513,-70.34116,-0.5092,0.197
2005-05-25T05:00:00Z,35.46659,-70.36152,-0.5159,0.352
2005-05-25T06:00:00Z,35.47801,-70.3821,-0.5157,0.3551
2005-05-25T07:00:00Z,35.48881,-70.4027,-0.5152,0.3631
2005-05-25T08:00:00Z,35.50576,-70.42261,-0.505,0.4852
2005-05-25T09:00:00Z,35.5212,-70.43893,-0.2298,0.4646
2005-05-25T10:00:00Z,35.53544,-70.44694,-0.195,0.3917
2005-05-25T11:00:00Z,35.54791,-70.4556,-0.1995,0.3874
2005-05-25T12:00:00Z,35.55768,-70.46163,-0.0782,0.1959
2005-05-25T13:00:00Z,35.56433,-70.46499,-0.0745,0.1901
2005-05-25T14:00:00Z,35.56815,-70.4667,-0.0465,0.1126
2005-05-25T15:00:00Z,35.57164,-70.46869,-0.0639,-0.0354
2005-05-25T16:00:00Z,35.57068,-70.47087,-0.0647,-0.0423
2005-05-25T17:00:00Z,35.56792,-70.47822,-0.2893,-0.1119
2005-05-25T18:00:00Z,35.56386,-70.48944,-0.2944,-0.1113
2005-05-25T19:00:00Z,35.55958,-70.50312,-0.3683,-0.1497
2005-05-25T20:00:00Z,35.55516,-70.51768,-0.3773,-0.1502
2005-05-25T21:00:00Z,35.54994,-70.53814,-0.4442,-0.1317
2005-05-25T22:00:00Z,35.5472,-70.55472,-0.4282,-0.0975
2005-05-25T23:00:00Z,35.54451,-70.57125,-0.3811,-0.0865
2005-05-26T00:00:00Z,35.54122,-70.58663,-0.3822,-0.0867
2005-05-26T01:00:00Z,35.53804,-70.60286,-0.388,-0.0866
2005-05-26T02:00:00Z,35.53456,-70.62088,-0.4007,-0.0861
2005-05-26T03:00:00Z,35.53272,-70.63237,-0.2762,-0.0859
2005-05-26T04:00:00Z,35.53017,-70.6429,-0.2431,-0.105
2005-05-26T05:00:00Z,35.52623,-70.65274,-0.2442,-0.1108
2005-05-26T06:00:00Z,35.52286,-70.66316,-0.2485,-0.1103
2005-05-26T07:00:00Z,35.51906,-70.67268,-0.0835,-0.2494
2005-05-26T08:00:00Z,35.50911,-70.67304,-0.1694,-0.1983
2005-05-26T09:00:00Z,35.5015,-70.6788,-0.0942,-0.2732
2005-05-26T10:00:00Z,35.49177,-70.68265,-0.1041,-0.3076
2005-05-26T11:00:00Z,35.483,-70.70345,-0.2868,-0.2971
2005-05-26T12:00:00Z,35.46627,-70.68983,-0.0672,-0.4284
2005-05-26T13:00:00Z,35.45085,-70.69046,-0.1256,-0.4442
2005-05-26T14:00:00Z,35.43876,-70.69685,-0.1103,-0.4614
2005-05-26T15:00:00Z,35.42344,-70.7011,-0.1514,-0.4288
2005-05-26T16:00:00Z,35.40808,-70.70601,-0.1621,-0.4162
2005-05-26T17:00:00Z,35.39574,-70.71398,-0.1962,-0.4013
2005-05-26T18:00:00Z,35.38356,-70.72208,-0.1959,-0.4056
2005-05-26T19:00:00Z,35.37067,-70.72872,-0.1832,-0.383
2005-05-26T20:00:00Z,35.35702,-70.73664,-0.1783,-0.4222
2005-05-26T21:00:00Z,35.34549,-70.73515,-0.2354,-0.5015
2005-05-26T22:00:00Z,35.32805,-70.74544,-0.2325,-0.4987
2005-05-26T23:00:00Z,35.31128,-70.7551,-0.2306,-0.4966
2005-05-27T00:00:00Z,35.29474,-70.76441,-0.2297,-0.4947
2005-05-27T01:00:00Z,35.27821,-70.77351,-0.2301,-0.4924
2005-05-27T02:00:00Z,35.26225,-70.7828,-0.254,-0.4965
2005-05-27T03:00:00Z,35.24771,-70.79268,-0.2545,-0.4999
2005-05-27T04:00:00Z,35.23145,-70.80298,-0.2663,-0.4944
2005-05-27T05:00:00Z,35.21507,-70.81377,-0.2661,-0.4936
2005-05-27T06:00:00Z,35.19884,-70.82457,-0.2658,-0.493
2005-05-27T07:00:00Z,35.1831,-70.83489,-0.2515,-0.4889
2005-05-27T08:00:00Z,35.1674,-70.84469,-0.251,-0.4884
2005-05-27T09:00:00Z,35.1513,-70.85356,-0.2144,-0.4921
2005-05-27T10:00:00Z,35.13575,-70.86225,-0.2152,-0.4908
2005-05-27T11:00:00Z,35.11992,-70.86888,-0.0385,-0.5152
2005-05-27T12:00:00Z,35.10177,-70.86615,-0.1089,-0.5186
2005-05-27T13:00:00Z,35.08352,-70.86773,0.0153,-0.5783
2005-05-27T14:00:00Z,35.06793,-70.87378,-0.0432,-0.5475
2005-05-27T15:00:00Z,35.04268,-70.86132,0.064,-0.6375
2005-05-27T16:00:00Z,35.02148,-70.85337,-0.07,-0.667
2005-05-27T17:00:00Z,35.00126,-70.85695,-0.0511,-0.6805
2005-05-27T18:00:00Z,34.97854,-70.85979,-0.1488,-0.6517
2005-05-27T19:00:00Z,34.95878,-70.86598,-0.1311,-0.6106
2005-05-27T20:00:00Z,34.93916,-70.87037,-0.0391,-0.5443
2005-05-27T21:00:00Z,34.92182,-70.86945,-0.0359,-0.5419
2005-05-27T22:00:00Z,34.9037,-70.86694,-0.0444,-0.542
2005-05-27T23:00:00Z,34.88865,-70.87248,-0.0203,-0.4965
2005-05-28T00:00:00Z,34.87634,-70.87525,0.0722,-0.2205
2005-05-28T01:00:00Z,34.86999,-70.87178,0.0719,-0.2211
2005-05-28T02:00:00Z,34.86307,-70.86889,0.0728,-0.2208
2005-05-28T03:00:00Z,34.8558,-70.86647,0.0939,-0.1911
2005-05-28T04:00:00Z,34.85831,-70.85925,0.1374,-0.1075
2005-05-28T05:00:00Z,34.86254,-70.84692,0.381,-0.2001
2005-05-28T06:00:00Z,34.84949,-70.83065,0.3678,-0.0857
2005-05-28T07:00:00Z,34.8475,-70.81629,0.4134,-0.0976
2005-05-28T08:00:00Z,34.84417,-70.79965,0.4114,-0.0862
2005-05-28T09:00:00Z,34.84175,-70.78418,0.3973,-0.0726
2005-05-28T10:00:00Z,34.84003,-70.76827,0.4201,-0.042
2005-05-28T11:00:00Z,34.84053,-70.75025,0.509,0.1106
2005-05-28T12:00:00Z,34.84398,-70.73212,0.5163,0.156
2005-05-28T13:00:00Z,34.8538,-70.70892,0.5482,0.2456
2005-05-28T14:00:00Z,34.86242,-70.68652,0.551,0.2429
2005-05-28T15:00:00Z,34.8705,-70.66462,0.5516,0.2421
2005-05-28T16:00:00Z,34.87827,-70.64344,0.5506,0.2428
2005-05-28T17:00:00Z,34.88503,-70.62479,0.7907,0.3692
2005-05-28T18:00:00Z,34.89709,-70.59373,0.7775,0.4318
2005-05-28T19:00:00Z,34.91085,-70.56253,0.778,0.4326
2005-05-28T20:00:00Z,34.92726,-70.52974,0.8218,0.5881
2005-05-28T21:00:00Z,34.94671,-70.50229,0.7671,0.5868
2005-05-28T22:00:00Z,34.96623,-70.46985,0.9183,0.6319
2005-05-28T23:00:00Z,34.98649,-70.4282,0.8578,0.6332
2005-05-29T00:00:00Z,35.0093,-70.39536,0.8158,0.705
2005-05-29T01:00:00Z,35.03385,-70.36408,0.7674,0.7483
2005-05-29T02:00:00Z,35.05667,-70.33391,0.7651,0.7396
2005-05-29T03:00:00Z,35.07981,-70.30401,0.7221,0.8279
2005-05-29T04:00:00Z,35.10706,-70.27572,0.7215,0.8243
2005-05-29T05:00:00Z,35.13445,-70.24765,0.6865,0.8781
2005-05-29T06:00:00Z,35.16266,-70.22014,0.6871,0.8785
2005-05-29T07:00:00Z,35.19136,-70.21685,0.4429,0.8824
2005-05-29T08:00:00Z,35.22006,-70.20524,0.715,0.8632
2005-05-29T09:00:00Z,35.24736,-70.16728,0.4473,0.862
2005-05-29T10:00:00Z,35.27443,-70.14609,0.1182,0.696
2005-05-29T11:00:00Z,35.30132,-70.13982,0.1144,0.8021
2005-05-29T12:00:00Z,35.32502,-70.13417,0.0728,0.6003
2005-05-29T13:00:00Z,35.34409,-70.132,0.0741,0.6006
2005-05-29T14:00:00Z,35.36377,-70.12914,0.0734,0.5978
2005-05-29T15:00:00Z,35.38346,-70.12692,-0.218,0.4851
2005-05-29T16:00:00Z,35.39856,-70.13562,-0.2194,0.4855
2005-05-29T17:00:00Z,35.41357,-70.14522,-0.2565,0.4509
2005-05-29T18:00:00Z,35.42815,-70.15902,-0.3957,0.4567
2005-05-29T19:00:00Z,35.44298,-70.17583,-0.3993,0.4568
2005-05-29T20:00:00Z,35.45769,-70.19249,-0.4003,0.457
2005-05-29T21:00:00Z,35.47223,-70.20934,-0.4,0.4576
2005-05-29T22:00:00Z,35.48771,-70.22322,-0.3756,0.473
2005-05-29T23:00:00Z,35.50313,-70.23569,-0.3946,0.4619
2005-05-30T00:00:00Z,35.51737,-70.2537,-0.3854,0.4507
2005-05-30T01:00:00Z,35.52861,-70.26859,-0.3775,0.1536
2005-05-30T02:00:00Z,35.53382,-70.28386,-0.3698,0.1451
2005-05-30T03:00:00Z,35.53777,-70.29806,-0.3503,0.0972
2005-05-30T04:00:00Z,35.54073,-70.31168,-0.3935,-0.0424
2005-05-30T05:00:00Z,35.53841,-70.32873,-0.3988,-0.0471
2005-05-30T06:00:00Z,35.53654,-70.34645,-0.4071,-0.0494
2005-05-30T07:00:00Z,35.53525,-70.36559,-0.4192,-0.0499
2005-05-30T08:00:00Z,35.53321,-70.38243,-0.4069,-0.2249
2005-05-30T09:00:00Z,35.52598,-70.39243,-0.4073,-0.2267
2005-05-30T10:00:00Z,35.5186,-70.40881,-0.4378,-0.236
2005-05-30T11:00:00Z,35.51081,-70.42731,-0.4316,-0.2359
2005-05-30T12:00:00Z,35.50299,-70.44547,-0.4214,-0.2357
2005-05-30T13:00:00Z,35.49484,-70.46213,-0.4307,-0.2505
2005-05-30T14:00:00Z,35.48772,-70.47859,-0.4287,-0.2459
2005-05-30T15:00:00Z,35.47822,-70.49152,-0.2375,-0.3608
2005-05-30T16:00:00Z,35.46602,-70.50062,-0.2354,-0.3662
2005-05-30T17:00:00Z,35.45457,-70.51039,-0.2348,-0.3662
2005-05-30T18:00:00Z,35.4397,-70.51797,-0.197,-0.4412
2005-05-30T19:00:00Z,35.42336,-70.52467,-0.1977,-0.4313
2005-05-30T20:00:00Z,35.40943,-70.53251,-0.1754,-0.4808
2005-05-30T21:00:00Z,35.39464,-70.53951,-0.1653,-0.5512
2005-05-30T22:00:00Z,35.37398,-70.5451,-0.1544,-0.5403
2005-05-30T23:00:00Z,35.35522,-70.54194,0.0239,-0.6079
2005-05-31T00:00:00Z,35.3386,-70.53827,0.0176,-0.5886
2005-05-31T01:00:00Z,35.3159,-70.53908,0.0278,-0.6852
2005-05-31T02:00:00Z,35.2937,-70.53764,0.0153,-0.6978
2005-05-31T03:00:00Z,35.2714,-70.53705,0.0163,-0.6986
2005-05-31T04:00:00Z,35.24955,-70.53592,0.045,-0.6514
2005-05-31T05:00:00Z,35.22807,-70.53407,0.0453,-0.6555
2005-05-31T06:00:00Z,35.20745,-70.53191,0.0629,-0.3488
2005-05-31T07:00:00Z,35.19828,-70.5293,0.0647,-0.3834
2005-05-31T08:00:00Z,35.18624,-70.52265,0.2565,-0.3416
2005-05-31T09:00:00Z,35.17399,-70.51086,0.2376,-0.339
2005-05-31T10:00:00Z,35.16492,-70.50124,0.2733,-0.2693
2005-05-31T11:00:00Z,35.15658,-70.49144,0.2958,-0.1828
2005-05-31T12:00:00Z,35.15167,-70.47837,0.2917,-0.1849
2005-05-31T13:00:00Z,35.14647,-70.46584,0.3362,-0.141
2005-05-31T14:00:00Z,35.14064,-70.45424,0.334,-0.1423
2005-05-31T15:00:00Z,35.1377,-70.4388,0.3885,-0.1084
2005-05-31T16:00:00Z,35.13509,-70.42295,0.4336,-0.0435
2005-05-31T17:00:00Z,35.13197,-70.40492,0.439,-0.0668
2005-05-31T18:00:00Z,35.13479,-70.38954,0.4084,0.0339
2005-05-31T19:00:00Z,35.13653,-70.37352,0.4081,0.0318
2005-05-31T20:00:00Z,35.13767,-70.357,0.4077,0.0317
2005-05-31T21:00:00Z,35.13895,-70.3404,0.3938,0.0912
2005-05-31T22:00:00Z,35.14075,-70.32579,0.3979,0.0946
2005-05-31T23:00:00Z,35.14826,-70.30014,0.6417,0.269
2005-06-01T00:00:00Z,35.15718,-70.2732,0.6181,0.317
2005-06-01T01:00:00Z,35.16751,-70.25098,0.6286,0.3194
2005-06-01T02:00:00Z,35.17872,-70.22665,0.5877,0.3738
2005-06-01T03:00:00Z,35.19089,-70.20035,0.6015,0.3769
2005-06-01T04:00:00Z,35.20705,-70.17856,0.564,0.4786
2005-06-01T05:00:00Z,35.22295,-70.1569,0.5663,0.4779
2005-06-01T06:00:00Z,35.23857,-70.13483,0.5679,0.4776
2005-06-01T07:00:00Z,35.254,-70.11253,0.5689,0.478
2005-06-01T08:00:00Z,35.27078,-70.09097,0.5394,0.5148
2005-06-01T09:00:00Z,35.28693,-70.06861,0.5413,0.5137
2005-06-01T10:00:00Z,35.30901,-70.05023,0.4936,0.6181
2005-06-01T11:00:00Z,35.32948,-70.03778,0.2609,0.66
2005-06-01T12:00:00Z,35.35057,-70.03005,0.2819,0.6588
2005-06-01T13:00:00Z,35.37144,-70.0182,0.2458,0.6412
2005-06-01T14:00:00Z,35.39235,-70.00763,-0.0684,0.6142
2005-06-01T15:00:00Z,35.41177,-70.01081,-0.066,0.611
2005-06-01T16:00:00Z,35.43183,-70.01318,-0.0687,0.6115
2005-06-01T17:00:00Z,35.45256,-70.01525,-0.0782,0.6132
2005-06-01T18:00:00Z,35.46627,-70.0187,-0.0736,0.496
2005-06-01T19:00:00Z,35.48118,-70.02133,-0.0215,0.4871
2005-06-01T20:00:00Z,35.49852,-70.01021,0.0538,0.4782
2005-06-01T21:00:00Z,35.51334,-70.0141,-0.1712,0.4483
2005-06-01T22:00:00Z,35.52717,-70.02373,-0.1527,0.3994
2005-06-01T23:00:00Z,35.541,-70.026,-0.1604,0.4074
2005-06-02T00:00:00Z,35.55119,-70.03362,-0.2091,0.2551
2005-06-02T01:00:00Z,35.55919,-70.04293,-0.2036,0.2487
2005-06-02T02:00:00Z,35.56501,-70.0536,-0.2658,0.1983
2005-06-02T03:00:00Z,35.57001,-70.06527,-0.396,0.14
2005-06-02T04:00:00Z,35.57603,-70.08172,-0.3951,0.1482
2005-06-02T05:00:00Z,35.5803,-70.09612,-0.3976,0.0523
2005-06-02T06:00:00Z,35.58195,-70.1128,-0.3959,0.0512
2005-06-02T07:00:00Z,35.58444,-70.13055,-0.3839,0.0381
2005-06-02T08:00:00Z,35.58462,-70.14348,-0.2854,0.0106
2005-06-02T09:00:00Z,35.58417,-70.15453,-0.1791,-0.0441
2005-06-02T10:00:00Z,35.58417,-70.1618,-0.1716,-0.0368
2005-06-02T11:00:00Z,35.57973,-70.16779,-0.1649,-0.1245
2005-06-02T12:00:00Z,35.57449,-70.17329,-0.1549,-0.2394
2005-06-02T13:00:00Z,35.56632,-70.18071,-0.1656,-0.2402
2005-06-02T14:00:00Z,35.55858,-70.18826,-0.1696,-0.2409
2005-06-02T15:00:00Z,35.5513,-70.19608,-0.1715,-0.242
2005-06-02T16:00:00Z,35.54056,-70.19787,-0.0934,-0.3069
2005-06-02T17:00:00Z,35.53045,-70.20038,-0.0687,-0.3316
2005-06-02T18:00:00Z,35.5196,-70.20468,-0.0694,-0.3313
2005-06-02T19:00:00Z,35.50903,-70.20709,0.0099,-0.3197
2005-06-02T20:00:00Z,35.49871,-70.20693,0.0183,-0.3193
2005-06-02T21:00:00Z,35.48907,-70.20061,0.1042,-0.2934
2005-06-02T22:00:00Z,35.47982,-70.19631,0.1369,-0.2794
2005-06-02T23:00:00Z,35.47098,-70.19223,0.2666,-0.2931
2005-06-03T00:00:00Z,35.46098,-70.17991,0.2644,-0.2964
2005-06-03T01:00:00Z,35.45159,-70.16921,0.271,-0.2974
2005-06-03T02:00:00Z,35.44174,-70.15924,0.2678,-0.2974
2005-06-03T03:00:00Z,35.43386,-70.14948,0.2232,-0.2052
2005-06-03T04:00:00Z,35.42639,-70.14099,0.2244,-0.2006
2005-06-03T05:00:00Z,35.42122,-70.1312,0.2419,-0.1649
2005-06-03T06:00:00Z,35.41568,-70.12194,0.2424,-0.1639
2005-06-03T07:00:00Z,35.40959,-70.11311,0.3614,-0.0145
2005-06-03T08:00:00Z,35.40932,-70.09826,0.3628,-0.0106
2005-06-03T09:00:00Z,35.41002,-70.08437,0.3523,0.0409
2005-06-03T10:00:00Z,35.41185,-70.07047,0.3513,0.0428
2005-06-03T11:00:00Z,35.41319,-70.05558,0.3548,0.0432
2005-06-03T12:00:00Z,35.4162,-70.04131,0.3591,0.101
2005-06-03T13:00:00Z,35.41837,-70.03026,0.4817,0.2372
2005-06-03T14:00:00Z,35.42652,-70.00738,0.4482,0.2338
2005-06-03T15:00:00Z,35.43432,-69.98882,0.378,0.2745
2005-06-03T16:00:00Z,35.44298,-69.97376,0.3738,0.2754
2005-06-03T17:00:00Z,35.45324,-69.95885,0.3701,0.3245
2005-06-03T18:00:00Z,35.46376,-69.9459,0.358,0.3263
2005-06-03T19:00:00Z,35.47607,-69.93348,0.3269,0.3796
2005-06-03T20:00:00Z,35.48846,-69.91167,0.3927,0.3815
2005-06-03T21:00:00Z,35.50296,-69.91226,-0.0121,0.4646
2005-06-03T22:00:00Z,35.51941,-69.90029,0.2162,0.4879
2005-06-03T23:00:00Z,35.53332,-69.89297,0.2262,0.4151
2005-06-04T00:00:00Z,35.536,-69.88392,0.2246,0.3372
2005-06-04T01:00:00Z,35.55303,-69.87448,0.1561,0.5707
2005-06-04T02:00:00Z,35.57326,-69.86797,0.133,0.5014
2005-06-04T03:00:00Z,35.5896,-69.86235,0.1303,0.4979
2005-06-04T04:00:00Z,35.60577,-69.85877,-0.0155,0.458
2005-06-04T05:00:00Z,35.62035,-69.85967,-0.0177,0.4557
2005-06-04T06:00:00Z,35.63538,-69.85993,-0.0184,0.4563
2005-06-04T07:00:00Z,35.64914,-69.86085,-0.0562,0.2765
2005-06-04T08:00:00Z,35.65754,-69.86551,-0.0599,0.2801
2005-06-04T09:00:00Z,35.66617,-69.8678,-0.0824,0.2612
2005-06-04T10:00:00Z,35.67406,-69.87244,-0.1001,0.244
2005-06-04T11:00:00Z,35.68241,-69.87605,-0.1687,0.1399
2005-06-04T12:00:00Z,35.68681,-69.88279,-0.1691,0.1312
2005-06-04T13:00:00Z,35.69081,-69.88949,-0.1798,0.0599
2005-06-04T14:00:00Z,35.6921,-69.89673,-0.1793,0.066
2005-06-04T15:00:00Z,35.69466,-69.90369,-0.17,0.0756
2005-06-04T16:00:00Z,35.6965,-69.91134,-0.2082,0.0742
2005-06-04T17:00:00Z,35.69932,-69.91991,-0.2117,0.0768
2005-06-04T18:00:00Z,35.70077,-69.92893,-0.2164,0.0477
2005-06-04T19:00:00Z,35.70205,-69.93424,-0.1158,0.0058
2005-06-04T20:00:00Z,35.70221,-69.93896,-0.1445,-0.0029
2005-06-04T21:00:00Z,35.70065,-69.94724,-0.1913,-0.0639
2005-06-04T22:00:00Z,35.69886,-69.95512,-0.1881,-0.0641
2005-06-04T23:00:00Z,35.69568,-69.95205,0.0668,-0.1109
2005-06-05T00:00:00Z,35.69313,-69.94916,0.0417,-0.2632
2005-06-05T01:00:00Z,35.68449,-69.94746,0.0383,-0.269
2005-06-05T02:00:00Z,35.67535,-69.94658,-0.0446,-0.3183
2005-06-05T03:00:00Z,35.66407,-69.94824,-0.0515,-0.317
2005-06-05T04:00:00Z,35.65328,-69.94853,-0.0272,-0.3439
2005-06-05T05:00:00Z,35.64268,-69.95051,-0.0332,-0.3428
2005-06-05T06:00:00Z,35.63257,-69.9577,-0.0732,-0.3408
2005-06-05T07:00:00Z,35.62157,-69.95767,0.1635,-0.3461
2005-06-05T08:00:00Z,35.60796,-69.95121,0.1662,-0.3512
2005-06-05T09:00:00Z,35.59696,-69.94579,0.1434,-0.3618
2005-06-05T10:00:00Z,35.58649,-69.93878,0.1538,-0.3609
2005-06-05T11:00:00Z,35.57371,-69.93122,0.3196,-0.3727
2005-06-05T12:00:00Z,35.56218,-69.91546,0.297,-0.3755
2005-06-05T13:00:00Z,35.55038,-69.90515,0.322,-0.3483
2005-06-05T14:00:00Z,35.53852,-69.89423,0.6115,-0.3034
2005-06-05T15:00:00Z,35.52934,-69.868,0.5983,-0.3024
2005-06-05T16:00:00Z,35.52052,-69.84374,0.6113,-0.2434
2005-06-05T17:00:00Z,35.51247,-69.82087,0.6112,-0.2418
2005-06-05T18:00:00Z,35.50623,-69.79453,0.6855,-0.2774
2005-06-05T19:00:00Z,35.49636,-69.76693,0.7036,-0.2652
2005-06-05T20:00:00Z,35.48923,-69.74131,0.6198,-0.2148
2005-06-05T21:00:00Z,35.48315,-69.71782,0.5827,-0.1273
2005-06-05T22:00:00Z,35.47773,-69.69504,0.578,-0.0281
2005-06-05T23:00:00Z,35.47715,-69.67108,0.5751,-0.0234
2005-06-06T00:00:00Z,35.48174,-69.64643,0.6242,0.2961
2005-06-06T01:00:00Z,35.49107,-69.6241,0.6027,0.299
2005-06-06T02:00:00Z,35.50212,-69.59535,0.6594,0.3306
2005-06-06T03:00:00Z,35.51368,-69.56895,0.6454,0.404
2005-06-06T04:00:00Z,35.52589,-69.54346,0.642,0.4
2005-06-06T05:00:00Z,35.5391,-69.51865,0.5884,0.4479
2005-06-06T06:00:00Z,35.55477,-69.49529,0.5835,0.4405
2005-06-06T07:00:00Z,35.56911,-69.47651,0.4329,0.475
2005-06-06T08:00:00Z,35.58344,-69.46024,0.4396,0.4758
2005-06-06T09:00:00Z,35.59704,-69.44004,0.4678,0.4259
2005-06-06T10:00:00Z,35.61022,-69.42089,0.4885,0.415
2005-06-06T11:00:00Z,35.62487,-69.41219,0.1888,0.4731
2005-06-06T12:00:00Z,35.63996,-69.4056,0.1379,0.5032
2005-06-06T13:00:00Z,35.6577,-69.401,0.1258,0.51
2005-06-06T14:00:00Z,35.67482,-69.39828,-0.0131,0.5244
2005-06-06T15:00:00Z,35.68959,-69.39857,-0.071,0.5229
2005-06-06T16:00:00Z,35.70824,-69.40402,-0.1542,0.5618
2005-06-06T17:00:00Z,35.72677,-69.40968,-0.1347,0.5611
2005-06-06T18:00:00Z,35.7442,-69.41781,-0.218,0.5063
2005-06-06T19:00:00Z,35.76159,-69.41516,-0.0391,0.5108
2005-06-06T20:00:00Z,35.77719,-69.4237,-0.3291,0.4594
2005-06-06T21:00:00Z,35.79147,-69.44499,-0.23,0.4627
2005-06-06T22:00:00Z,35.80583,-69.45565,-0.3553,0.4233
2005-06-06T23:00:00Z,35.82055,-69.46162,-0.3221,0.4299
2005-06-07T00:00:00Z,35.82833,-69.48156,-0.5331,0.2369
2005-06-07T01:00:00Z,35.83598,-69.50169,-0.5327,0.2091
2005-06-07T02:00:00Z,35.84238,-69.52739,-0.5743,0.2082
2005-06-07T03:00:00Z,35.84864,-69.54312,-0.1937,0.1851
2005-06-07T04:00:00Z,35.85554,-69.54673,-0.3745,0.1894
2005-06-07T05:00:00Z,35.8584,-69.56186,-0.3147,0.1019
2005-06-07T06:00:00Z,35.86146,-69.57712,-0.2865,0.0948
2005-06-07T07:00:00Z,35.85812,-69.59274,-0.3999,-0.0168
2005-06-07T08:00:00Z,35.85616,-69.60273,-0.4233,0.0469
2005-06-07T09:00:00Z,35.85768,-69.62623,-0.395,0.0502
2005-06-07T10:00:00Z,35.85916,-69.64279,-0.2785,0.0747
2005-06-07T11:00:00Z,35.862,-69.65419,-0.274,0.0726
2005-06-07T12:00:00Z,35.86332,-69.6642,-0.2421,0.0291
2005-06-07T13:00:00Z,35.86475,-69.67361,-0.2419,0.0297
2005-06-07T14:00:00Z,35.85886,-69.68277,-0.2234,-0.1441
2005-06-07T15:00:00Z,35.85388,-69.68999,0.0427,-0.2114
2005-06-07T16:00:00Z,35.84689,-69.68646,0.0403,-0.2136
2005-06-07T17:00:00Z,35.83827,-69.68588,-0.1039,-0.2898
2005-06-07T18:00:00Z,35.82848,-69.69006,-0.14,-0.3531
2005-06-07T19:00:00Z,35.81702,-69.6962,-0.1401,-0.3542
2005-06-07T20:00:00Z,35.80521,-69.69997,-0.0976,-0.368
2005-06-07T21:00:00Z,35.79308,-69.70411,-0.0691,-0.3542
2005-06-07T22:00:00Z,35.78193,-69.70652,-0.0669,-0.3515
2005-06-07T23:00:00Z,35.77254,-69.70722,0.1106,-0.1764
2005-06-08T00:00:00Z,35.7684,-69.70269,0.1117,-0.1845
2005-06-08T01:00:00Z,35.7621,-69.69734,0.1473,-0.2337
2005-06-08T02:00:00Z,35.75493,-69.69203,0.1495,-0.2696
2005-06-08T03:00:00Z,35.74473,-69.68069,0.3113,-0.3336
2005-06-08T04:00:00Z,35.73347,-69.66677,0.4257,-0.3841
2005-06-08T05:00:00Z,35.72046,-69.64818,0.4258,-0.3881
2005-06-08T06:00:00Z,35.70826,-69.63032,0.4527,-0.4088
2005-06-08T07:00:00Z,35.69444,-69.61341,0.4501,-0.4096
2005-06-08T08:00:00Z,35.68191,-69.59563,0.4514,-0.348
2005-06-08T09:00:00Z,35.6703,-69.57695,0.4509,-0.3451
2005-06-08T10:00:00Z,35.66087,-69.55814,0.481,-0.2828
2005-06-08T11:00:00Z,35.65148,-69.54093,0.569,-0.2223
2005-06-08T12:00:00Z,35.6441,-69.51535,0.5599,-0.221
2005-06-08T13:00:00Z,35.63747,-69.49232,0.5437,-0.1644
2005-06-08T14:00:00Z,35.63217,-69.4725,0.557,-0.1591
2005-06-08T15:00:00Z,35.63024,-69.4497,0.5762,-0.0081
2005-06-08T16:00:00Z,35.6305,-69.42682,0.5813,-0.018
2005-06-08T17:00:00Z,35.63107,-69.40196,0.6324,0.0457
2005-06-08T18:00:00Z,35.63499,-69.37685,0.6345,0.1593
2005-06-08T19:00:00Z,35.63996,-69.35042,0.6401,0.1672
2005-06-08T20:00:00Z,35.64722,-69.32822,0.5803,0.1968
2005-06-08T21:00:00Z,35.6542,-69.30588,0.5203,0.1746
2005-06-08T22:00:00Z,35.65902,-69.28512,0.5198,0.1768
2005-06-08T23:00:00Z,35.66418,-69.26338,0.5243,0.1787
2005-06-09T00:00:00Z,35.66931,-69.23988,0.4061,0.1829
2005-06-09T01:00:00Z,35.67629,-69.22403,0.4075,0.1792
2005-06-09T02:00:00Z,35.68237,-69.20816,0.3605,0.191
2005-06-09T03:00:00Z,35.68815,-69.19395,0.3566,0.1902
2005-06-09T04:00:00Z,35.6953,-69.18416,0.235,0.2183
2005-06-09T05:00:00Z,35.70209,-69.17588,0.2361,0.2176
2005-06-09T06:00:00Z,35.70891,-69.16914,-0.0473,0.3369
2005-06-09T07:00:00Z,35.7207,-69.17187,-0.038,0.3248
2005-06-09T08:00:00Z,35.73169,-69.17312,-0.0356,0.3605
2005-06-09T09:00:00Z,35.74312,-69.17445,-0.0349,0.3607
2005-06-09T10:00:00Z,35.75577,-69.17605,-0.0389,0.3884
2005-06-09T11:00:00Z,35.7692,-69.1773,-0.0428,0.4493
2005-06-09T12:00:00Z,35.78541,-69.18071,-0.0516,0.4534
2005-06-09T13:00:00Z,35.79824,-69.1814,-0.0401,0.4153
2005-06-09T14:00:00Z,35.81129,-69.18116,-0.0398,0.4093
2005-06-09T15:00:00Z,35.81345,-69.1849,-0.0819,0.0579
2005-06-09T16:00:00Z,35.81524,-69.19106,-0.3851,0.028
2005-06-09T17:00:00Z,35.81567,-69.20579,-0.3874,0.0274
2005-06-09T18:00:00Z,35.81578,-69.2226,-0.4151,0.0041
2005-06-09T19:00:00Z,35.81633,-69.23952,-0.4154,0.0067
2005-06-09T20:00:00Z,35.81747,-69.25628,-0.4155,0.0114
2005-06-09T21:00:00Z,35.81697,-69.27344,-0.4404,-0.0163
2005-06-09T22:00:00Z,35.81368,-69.29054,-0.4859,-0.0365
2005-06-09T23:00:00Z,35.81469,-69.31053,-0.4847,-0.0423
2005-06-10T00:00:00Z,35.81366,-69.32951,-0.4824,-0.0563
2005-06-10T01:00:00Z,35.81058,-69.34913,-0.4822,-0.0435
2005-06-10T02:00:00Z,35.80903,-69.36207,-0.2646,-0.0758
2005-06-10T03:00:00Z,35.80797,-69.37103,-0.3232,-0.0683
2005-06-10T04:00:00Z,35.80243,-69.3781,-0.1848,-0.1051
2005-06-10T05:00:00Z,35.79008,-69.39389,-0.0499,-0.2119
2005-06-10T06:00:00Z,35.78592,-69.39522,-0.056,-0.2192
2005-06-10T07:00:00Z,35.7929,-69.39796,-0.0453,-0.1166
2005-06-10T08:00:00Z,35.78024,-69.40004,-0.0499,-0.4817
2005-06-10T09:00:00Z,35.76382,-69.40113,-0.2021,-0.4353
2005-06-10T10:00:00Z,35.75042,-69.41291,-0.1535,-0.4355
2005-06-10T11:00:00Z,35.73727,-69.41818,-0.1656,-0.3905
2005-06-10T12:00:00Z,35.72535,-69.42422,-0.1182,-0.2449
2005-06-10T13:00:00Z,35.72069,-69.42844,-0.1159,-0.2593
2005-06-10T14:00:00Z,35.71395,-69.43245,-0.1032,-0.3101
2005-06-10T15:00:00Z,35.70216,-69.43757,-0.1084,-0.2689
2005-06-10T16:00:00Z,35.69354,-69.43156,0.2552,-0.3066
2005-06-10T17:00:00Z,35.68304,-69.41882,0.2028,-0.2533
2005-06-10T18:00:00Z,35.67546,-69.41231,0.2126,-0.2524
2005-06-10T19:00:00Z,35.66673,-69.40354,0.211,-0.2594
2005-06-10T20:00:00Z,35.65891,-69.39495,0.215,-0.2578
2005-06-10T21:00:00Z,35.64798,-69.37933,0.4341,-0.3544
2005-06-10T22:00:00Z,35.63652,-69.36162,0.4648,-0.3683
2005-06-10T23:00:00Z,35.62456,-69.34428,0.4616,-0.3665
2005-06-11T00:00:00Z,35.62122,-69.32215,0.5388,-0.1143
2005-06-11T01:00:00Z,35.62288,-69.2998,0.5356,-0.2679
2005-06-11T02:00:00Z,35.61343,-69.28017,0.5283,-0.263
2005-06-11T03:00:00Z,35.60543,-69.25835,0.5138,-0.2747
2005-06-11T04:00:00Z,35.59541,-69.23926,0.5195,-0.2715
2005-06-11T05:00:00Z,35.58745,-69.21769,0.5675,-0.224
2005-06-11T06:00:00Z,35.58037,-69.195,0.5675,-0.2221
2005-06-11T07:00:00Z,35.57271,-69.17275,0.5702,-0.2218
2005-06-11T08:00:00Z,35.57565,-69.14865,0.6013,0.1343
2005-06-11T09:00:00Z,35.58059,-69.12348,0.8008,0.23
2005-06-11T10:00:00Z,35.58831,-69.09149,0.8254,0.3003
2005-06-11T11:00:00Z,35.5983,-69.05848,0.826,0.3037
2005-06-11T12:00:00Z,35.60728,-69.02319,0.9106,0.2876
2005-06-11T13:00:00Z,35.62021,-68.98923,0.8894,0.3299
2005-06-11T14:00:00Z,35.62518,-68.94975,0.9355,0.2559
2005-06-11T15:00:00Z,35.63286,-68.91137,0.9201,0.2445
2005-06-11T16:00:00Z,35.64216,-68.87604,0.8789,0.287
2005-06-11T17:00:00Z,35.65188,-68.84381,0.6769,0.3279
2005-06-11T18:00:00Z,35.66256,-68.81694,0.6753,0.3303
2005-06-11T19:00:00Z,35.67667,-68.79089,0.6348,0.5295
2005-06-11T20:00:00Z,35.69454,-68.76568,0.6319,0.5134
2005-06-11T21:00:00Z,35.71224,-68.75319,0.4807,0.5775
2005-06-11T22:00:00Z,35.73525,-68.73315,0.4146,0.7193
2005-06-11T23:00:00Z,35.75879,-68.71652,0.2158,0.7728
2005-06-12T00:00:00Z,35.7848,-68.70811,0.2152,0.7748
2005-06-12T01:00:00Z,35.80977,-68.69925,0.2103,0.7381
2005-06-12T02:00:00Z,35.83331,-68.69146,0.2108,0.7387
2005-06-12T03:00:00Z,35.85617,-68.68271,0.2124,0.6755
2005-06-12T04:00:00Z,35.87854,-68.67341,0.0749,0.5829
2005-06-12T05:00:00Z,35.8964,-68.67149,0.0692,0.575
2005-06-12T06:00:00Z,35.91503,-68.66906,0.0668,0.5727
2005-06-12T07:00:00Z,35.93405,-68.66754,-0.2359,0.5099
2005-06-12T08:00:00Z,35.94909,-68.68201,-0.0718,0.5188
2005-06-12T09:00:00Z,35.96419,-68.68739,-0.2489,0.4242
2005-06-12T10:00:00Z,35.9781,-68.70518,-0.4136,0.4186
2005-06-12T11:00:00Z,35.99139,-68.72233,-0.4123,0.4183
2005-06-12T12:00:00Z,36.00444,-68.73896,-0.412,0.4178
2005-06-12T13:00:00Z,36.01659,-68.7545,-0.4417,0.4065
2005-06-12T14:00:00Z,36.032,-68.77166,-0.4451,0.411
2005-06-12T15:00:00Z,36.04636,-68.7899,-0.4636,0.4318
2005-06-12T16:00:00Z,36.05469,-68.80855,-0.466,0.3493
2005-06-12T17:00:00Z,36.05812,-68.82771,-0.4199,-0.0124
2005-06-12T18:00:00Z,36.05738,-68.84384,-0.4261,-0.009
2005-06-12T19:00:00Z,36.0576,-68.86138,-0.3995,-0.0871
2005-06-12T20:00:00Z,36.05559,-68.87801,-0.4461,-0.1009
2005-06-12T21:00:00Z,36.05088,-68.89597,-0.5021,-0.1553
2005-06-12T22:00:00Z,36.04718,-68.91661,-0.509,-0.139
2005-06-12T23:00:00Z,36.0378,-68.93632,-0.5094,-0.2947
2005-06-13T00:00:00Z,36.02342,-68.969,-0.6218,-0.2609
2005-06-13T01:00:00Z,36.01794,-68.98145,-0.3528,-0.3186
2005-06-13T02:00:00Z,36.00913,-68.99516,-0.2933,-0.4414
2005-06-13T03:00:00Z,35.99522,-69.00856,-0.3062,-0.4434
2005-06-13T04:00:00Z,35.9797,-69.0201,-0.2443,-0.5235
2005-06-13T05:00:00Z,35.96205,-69.02865,-0.2422,-0.5223
2005-06-13T06:00:00Z,35.94528,-69.03845,-0.2392,-0.5241
2005-06-13T07:00:00Z,35.9282,-69.04679,-0.0937,-0.5738
2005-06-13T08:00:00Z,35.909,-69.04859,-0.1496,-0.5746
2005-06-13T09:00:00Z,35.88944,-69.05288,-0.0379,-0.5274
2005-06-13T10:00:00Z,35.87301,-69.05298,-0.0207,-0.5516
2005-06-13T11:00:00Z,35.8553,-69.05016,0.2256,-0.6158
2005-06-13T12:00:00Z,35.83481,-69.03426,0.3297,-0.6142
2005-06-13T13:00:00Z,35.81486,-69.02868,0.2234,-0.6271
2005-06-13T14:00:00Z,35.79466,-69.0233,0.2288,-0.6267
2005-06-13T15:00:00Z,35.77514,-69.01199,0.2011,-0.5962
2005-06-13T16:00:00Z,35.75568,-69.0021,0.1699,-0.3892
2005-06-13T17:00:00Z,35.74336,-68.99609,0.1752,-0.3895
2005-06-13T18:00:00Z,35.73019,-68.98894,0.1713,-0.3792
2005-06-13T19:00:00Z,35.71982,-68.98216,0.1626,-0.3319
2005-06-13T20:00:00Z,35.71219,-68.97275,0.4801,-0.0891
2005-06-13T21:00:00Z,35.71027,-68.95245,0.5011,-0.0974
2005-06-13T22:00:00Z,35.70653,-68.93417,0.504,-0.0891
2005-06-13T23:00:00Z,35.70484,-68.91163,0.5625,-0.0723
2005-06-14T00:00:00Z,35.70249,-68.88908,0.5972,-0.0157
2005-06-14T01:00:00Z,35.70251,-68.86541,0.5985,-0.0184
2005-06-14T02:00:00Z,35.70161,-68.84166,0.6005,-0.0326
2005-06-14T03:00:00Z,35.70101,-68.8166,0.6066,-0.0331
2005-06-14T04:00:00Z,35.69992,-68.79696,0.4988,-0.0358
2005-06-14T05:00:00Z,35.6972,-68.7777,0.4963,-0.0512
2005-06-14T06:00:00Z,35.69395,-68.75779,0.4948,-0.0613
2005-06-14T07:00:00Z,35.69428,-68.74183,0.2868,0.1568
2005-06-14T08:00:00Z,35.69913,-68.73044,0.2831,0.1629
2005-06-14T09:00:00Z,35.70845,-68.71919,0.2783,0.2459
2005-06-14T10:00:00Z,35.71863,-68.70918,0.2533,0.3148
2005-06-14T11:00:00Z,35.72834,-68.69754,0.2925,0.4226
2005-06-14T12:00:00Z,35.74119,-68.69101,0.2041,0.4544
2005-06-14T13:00:00Z,35.75624,-68.6737,0.3133,0.455
2005-06-14T14:00:00Z,35.77103,-68.66144,0.1623,0.4647
2005-06-14T15:00:00Z,35.78609,-68.66369,0.2085,0.4647
2005-06-14T16:00:00Z,35.79985,-68.64843,0.1883,0.433
2005-06-14T17:00:00Z,35.81414,-68.64043,0.1888,0.4318
2005-06-14T18:00:00Z,35.82697,-68.63182,0.1323,0.4248
2005-06-14T19:00:00Z,35.84167,-68.61891,0.2925,0.4232
2005-06-14T20:00:00Z,35.85526,-68.6127,0.0124,0.4044
2005-06-14T21:00:00Z,35.86782,-68.6177,0.1021,0.4053
2005-06-14T22:00:00Z,35.88081,-68.61508,-0.0171,0.3817
2005-06-14T23:00:00Z,35.89327,-68.60971,0.0348,0.3823
2005-06-15T00:00:00Z,35.90586,-68.61392,-0.1218,0.3892
2005-06-15T01:00:00Z,35.9184,-68.62184,-0.0679,0.3892
2005-06-15T02:00:00Z,35.93085,-68.62482,-0.151,0.3834
2005-06-15T03:00:00Z,35.94346,-68.63104,-0.2877,0.3729
2005-06-15T04:00:00Z,35.95506,-68.64443,-0.2864,0.3715
2005-06-15T05:00:00Z,35.96659,-68.65522,-0.2829,0.355
2005-06-15T06:00:00Z,35.97876,-68.66584,-0.2835,0.3553
2005-06-15T07:00:00Z,35.98989,-68.67706,-0.2474,0.3484
2005-06-15T08:00:00Z,35.99966,-68.68799,-0.2683,0.2544
2005-06-15T09:00:00Z,36.00881,-68.69784,-0.2693,0.2587
2005-06-15T10:00:00Z,36.02156,-68.70744,-0.2693,0.0879
2005-06-15T11:00:00Z,36.02436,-68.72012,-0.2709,0.0836
2005-06-15T12:00:00Z,36.02678,-68.73271,-0.337,0.0529
2005-06-15T13:00:00Z,36.02762,-68.74433,-0.326,0.0501
2005-06-15T14:00:00Z,36.0302,-68.75927,-0.347,0.072
2005-06-15T15:00:00Z,36.03311,-68.77415,-0.3453,0.0715
2005-06-15T16:00:00Z,36.03516,-68.78699,-0.3305,0.0844
2005-06-15T17:00:00Z,36.0378,-68.79988,-0.2777,0.0644
2005-06-15T18:00:00Z,36.03935,-68.81088,-0.2412,0.014
2005-06-15T19:00:00Z,36.04038,-68.81969,-0.2408,0.015
2005-06-15T20:00:00Z,36.03991,-68.82969,-0.2485,-0.0314
2005-06-15T21:00:00Z,36.03852,-68.84036,-0.2478,-0.031
2005-06-15T22:00:00Z,36.03742,-68.84956,-0.2399,-0.0467
2005-06-15T23:00:00Z,36.03523,-68.85854,-0.2057,-0.0607
2005-06-16T00:00:00Z,36.03419,-68.86634,-0.2025,-0.0504
2005-06-16T01:00:00Z,36.03282,-68.87289,-0.1413,-0.2806
2005-06-16T02:00:00Z,36.0239,-68.87857,-0.1372,-0.2891
2005-06-16T03:00:00Z,36.01371,-68.88343,-0.0971,-0.3622
2005-06-16T04:00:00Z,36.00208,-68.88549,-0.1076,-0.3652
2005-06-16T05:00:00Z,35.99026,-68.89072,-0.1037,-0.3683
2005-06-16T06:00:00Z,35.9776,-68.8966,-0.1062,-0.3693
2005-06-16T07:00:00Z,35.96965,-68.90259,-0.1529,-0.2423
2005-06-16T08:00:00Z,35.96239,-68.89395,-0.2071,-0.1448
2005-06-16T09:00:00Z,35.95915,-68.91514,-0.146,-0.1536
2005-06-16T10:00:00Z,35.95399,-68.91909,0.0279,-0.1426
2005-06-16T11:00:00Z,35.94904,-68.91845,0.0316,-0.1417
2005-06-16T12:00:00Z,35.94343,-68.90379,0.1882,-0.1846
2005-06-16T13:00:00Z,35.93733,-68.89393,0.1862,-0.2835
2005-06-16T14:00:00Z,35.92592,-68.89015,0.2161,-0.272
2005-06-16T15:00:00Z,35.91674,-68.88199,0.2319,-0.2324
2005-06-16T16:00:00Z,35.90999,-68.87149,0.2242,-0.229
2005-06-16T17:00:00Z,35.90344,-68.86035,0.2963,-0.1975
2005-06-16T18:00:00Z,35.89693,-68.84748,0.3512,-0.2431
2005-06-16T19:00:00Z,35.88828,-68.83446,0.3513,-0.238
2005-06-16T20:00:00Z,35.88082,-68.81791,0.3992,-0.2577
2005-06-16T21:00:00Z,35.87274,-68.79979,0.3472,-0.2359
2005-06-16T22:00:00Z,35.8646,-68.78733,0.3624,-0.238
2005-06-16T23:00:00Z,35.86032,-68.77373,0.3184,-0.097
2005-06-17T00:00:00Z,35.86475,-68.76031,0.3205,-0.088
2005-06-17T01:00:00Z,35.85684,-68.74682,0.3412,-0.0567
2005-06-17T02:00:00Z,35.8514,-68.73527,0.3312,-0.0742
2005-06-17T03:00:00Z,35.85346,-68.71627,0.479,-0.0036
2005-06-17T04:00:00Z,35.85616,-68.69803,0.461,0.0923
2005-06-17T05:00:00Z,35.8581,-68.6793,0.4622,0.0834
2005-06-17T06:00:00Z,35.85122,-68.65757,0.3925,0.3017
2005-06-17T07:00:00Z,35.8628,-68.64492,0.4224,0.2764
2005-06-17T08:00:00Z,35.87162,-68.62814,0.3923,0.2481
2005-06-17T09:00:00Z,35.87965,-68.61167,0.3886,0.2448
2005-06-17T10:00:00Z,35.88749,-68.59743,0.3564,0.2405
2005-06-17T11:00:00Z,35.89492,-68.58408,0.2659,0.3176
2005-06-17T12:00:00Z,35.90565,-68.57476,0.27,0.3191
2005-06-17T13:00:00Z,35.91671,-68.56519,0.221,0.3668
2005-06-17T14:00:00Z,35.9286,-68.55393,0.2388,0.3674
2005-06-17T15:00:00Z,35.94114,-68.54818,0.1286,0.3943
2005-06-17T16:00:00Z,35.95372,-68.54462,0.1581,0.3953
2005-06-17T17:00:00Z,35.96749,-68.53735,0.1549,0.416
2005-06-17T18:00:00Z,35.98028,-68.53064,0.1813,0.3927
2005-06-17T19:00:00Z,35.99372,-68.52245,0.1864,0.3953
2005-06-17T20:00:00Z,36.0016,-68.53178,-0.2446,0.3139
2005-06-17T21:00:00Z,36.01318,-68.53735,-0.1709,0.364
2005-06-17T22:00:00Z,36.02441,-68.55507,-0.2752,0.3776
2005-06-17T23:00:00Z,36.03797,-68.55039,-0.1438,0.4107
2005-06-18T00:00:00Z,36.05168,-68.55546,-0.2941,0.3834
2005-06-18T01:00:00Z,36.06359,-68.56815,-0.2869,0.3858
2005-06-18T02:00:00Z,36.07564,-68.58034,-0.3208,0.3429
2005-06-18T03:00:00Z,36.08796,-68.59102,-0.3064,0.3477
2005-06-18T04:00:00Z,36.09802,-68.60413,-0.3287,0.2934
2005-06-18T05:00:00Z,36.1072,-68.6184,-0.3329,0.2918
2005-06-18T06:00:00Z,36.11671,-68.63546,-0.3557,0.2915
2005-06-18T07:00:00Z,36.12665,-68.65095,-0.3554,0.292
2005-06-18T08:00:00Z,36.13263,-68.66514,-0.3691,0.0588
2005-06-18T09:00:00Z,36.13552,-68.66922,-0.3274,0.0573
2005-06-18T10:00:00Z,36.13091,-68.69231,-0.5552,-0.1035
2005-06-18T11:00:00Z,36.12788,-68.71553,-0.5907,-0.1058
2005-06-18T12:00:00Z,36.12406,-68.73643,-0.5703,-0.1074
2005-06-18T13:00:00Z,36.12859,-68.76473,-0.6384,0.0225
2005-06-18T14:00:00Z,36.13059,-68.79048,-0.671,0.0029
2005-06-18T15:00:00Z,36.12907,-68.81705,-0.6673,9.0E-4
2005-06-18T16:00:00Z,36.12858,-68.84248,-0.6148,-0.038
2005-06-18T17:00:00Z,36.12727,-68.86595,-0.6046,-0.0377
2005-06-18T18:00:00Z,36.12422,-68.87967,-0.3513,-0.0831
2005-06-18T19:00:00Z,36.12363,-68.8936,-0.3501,-0.059
2005-06-18T20:00:00Z,36.12283,-68.90832,-0.3427,-0.0547
2005-06-18T21:00:00Z,36.11704,-68.91635,-0.097,-0.4697
2005-06-18T22:00:00Z,36.10206,-68.91896,-0.165,-0.5663
2005-06-18T23:00:00Z,36.08387,-68.92589,-0.1643,-0.5749
2005-06-19T00:00:00Z,36.06326,-68.93302,-0.1913,-0.6408
2005-06-19T01:00:00Z,36.04164,-68.94037,-0.1903,-0.6391
2005-06-19T02:00:00Z,36.02167,-68.95699,-0.4879,-0.6346
2005-06-19T03:00:00Z,36.00177,-68.97672,-0.4956,-0.5871
2005-06-19T04:00:00Z,35.98289,-68.99654,-0.4949,-0.5845
2005-06-19T05:00:00Z,35.9676,-69.01075,-0.1242,-0.2742
2005-06-19T06:00:00Z,35.95862,-69.01557,-0.1222,-0.2708
2005-06-19T07:00:00Z,35.94862,-69.02111,-0.1089,-0.2528
2005-06-19T08:00:00Z,35.94174,-69.01658,0.1889,-0.2175
2005-06-19T09:00:00Z,35.93506,-69.00889,0.2253,-0.2651
2005-06-19T10:00:00Z,35.92662,-68.9997,0.4228,-0.3406
2005-06-19T11:00:00Z,35.91508,-68.98129,0.4127,-0.3489
2005-06-19T12:00:00Z,35.90209,-68.96474,0.4329,-0.4489
2005-06-19T13:00:00Z,35.8858,-68.94781,0.4317,-0.4475
2005-06-19T14:00:00Z,35.87144,-68.93033,0.4332,-0.4489
2005-06-19T15:00:00Z,35.85815,-68.91316,0.4332,-0.4482
2005-06-19T16:00:00Z,35.84265,-68.88735,0.6349,-0.4575
2005-06-19T17:00:00Z,35.82843,-68.86079,0.6348,-0.4777
2005-06-19T18:00:00Z,35.81228,-68.83695,0.6312,-0.4772
2005-06-19T19:00:00Z,35.79726,-68.81783,0.2802,-0.4086
2005-06-19T20:00:00Z,35.78389,-68.80811,0.2992,-0.4027
2005-06-19T21:00:00Z,35.77476,-68.79439,0.3789,-0.132
2005-06-19T22:00:00Z,35.77215,-68.77812,0.4406,-0.0385
2005-06-19T23:00:00Z,35.77127,-68.76121,0.4997,0.1573
2005-06-20T00:00:00Z,35.77741,-68.73996,0.5114,0.1686
2005-06-20T01:00:00Z,35.7838,-68.71755,0.753,0.2308
2005-06-20T02:00:00Z,35.79227,-68.68603,0.7505,0.2346
2005-06-20T03:00:00Z,35.80108,-68.65019,0.7109,0.2396
2005-06-20T04:00:00Z,35.82128,-68.62097,0.7097,0.3184
2005-06-20T05:00:00Z,35.82562,-68.5949,0.7337,0.0944
2005-06-20T06:00:00Z,35.82204,-68.56669,0.7391,0.2099
2005-06-20T07:00:00Z,35.82919,-68.53713,0.7366,0.1838
2005-06-20T08:00:00Z,35.83461,-68.52104,0.4083,0.108
2005-06-20T09:00:00Z,35.83925,-68.50536,0.3779,0.1645
2005-06-20T10:00:00Z,35.84472,-68.49533,0.0922,0.263
2005-06-20T11:00:00Z,35.85369,-68.49214,0.0925,0.2708
2005-06-20T12:00:00Z,35.87058,-68.49245,-0.0206,0.551
2005-06-20T13:00:00Z,35.88906,-68.49102,-0.0597,0.5948
2005-06-20T14:00:00Z,35.90723,-68.49515,-0.0512,0.5891
2005-06-20T15:00:00Z,35.92565,-68.49768,-0.017,0.6619
2005-06-20T16:00:00Z,35.94887,-68.49809,-0.0159,0.6582
2005-06-20T17:00:00Z,35.96982,-68.49771,0.0217,0.6038
2005-06-20T18:00:00Z,35.98903,-68.49702,0.0223,0.5936
2005-06-20T19:00:00Z,36.0062,-68.49624,0.0335,0.5086
2005-06-20T20:00:00Z,36.02218,-68.49301,0.0415,0.5093
2005-06-20T21:00:00Z,36.03581,-68.49646,-0.1192,0.2265
2005-06-20T22:00:00Z,36.04241,-68.50007,-0.1169,0.2136
2005-06-20T23:00:00Z,36.04649,-68.50497,-0.1492,0.079
2005-06-21T00:00:00Z,36.04692,-68.51179,-0.1533,0.0853
2005-06-21T01:00:00Z,36.04996,-68.52545,-0.4944,0.1221
2005-06-21T02:00:00Z,36.05479,-68.5502,-0.3904,0.1128
2005-06-21T03:00:00Z,36.0587,-68.56649,-0.509,0.1431
2005-06-21T04:00:00Z,36.06308,-68.58388,-0.5034,0.1248
2005-06-21T05:00:00Z,36.06732,-68.60619,-0.4998,0.1247
2005-06-21T06:00:00Z,36.07174,-68.62809,-0.4972,0.1243
2005-06-21T07:00:00Z,36.07612,-68.64914,-0.4086,0.0879
2005-06-21T08:00:00Z,36.07807,-68.66504,-0.4072,0.0884
2005-06-21T09:00:00Z,36.07918,-68.68021,-0.3843,0.0184
2005-06-21T10:00:00Z,36.07778,-68.69559,-0.3731,-0.058
2005-06-21T11:00:00Z,36.07716,-68.71091,-0.1794,-0.2295
2005-06-21T12:00:00Z,36.07023,-68.71496,-0.2066,-0.2384
2005-06-21T13:00:00Z,36.06174,-68.72307,-0.1883,-0.3371
2005-06-21T14:00:00Z,36.05079,-68.73228,-0.1829,-0.344
2005-06-21T15:00:00Z,36.0378,-68.73862,-0.1384,-0.4277
2005-06-21T16:00:00Z,36.02303,-68.74339,-0.1324,-0.4287
2005-06-21T17:00:00Z,36.00834,-68.75227,-0.2795,-0.4766
2005-06-21T18:00:00Z,35.99341,-68.7646,-0.269,-0.4814
2005-06-21T19:00:00Z,35.97658,-68.77428,-0.23,-0.5399
2005-06-21T20:00:00Z,35.95969,-68.78251,-0.0539,-0.5399
2005-06-21T21:00:00Z,35.94437,-68.78072,-0.1645,-0.3666
2005-06-21T22:00:00Z,35.93353,-68.78644,-0.1748,-0.3764
2005-06-21T23:00:00Z,35.92015,-68.7948,-0.2067,-0.3651
2005-06-22T00:00:00Z,35.90782,-68.80075,0.2413,-0.5204
2005-06-22T01:00:00Z,35.89032,-68.79024,0.2355,-0.5159
2005-06-22T02:00:00Z,35.87341,-68.7801,0.2506,-0.556
2005-06-22T03:00:00Z,35.85604,-68.77146,0.2519,-0.5571
2005-06-22T04:00:00Z,35.83823,-68.76124,0.2807,-0.5646
2005-06-22T05:00:00Z,35.81941,-68.74966,0.2822,-0.5662
2005-06-22T06:00:00Z,35.80045,-68.73852,0.2829,-0.5673
2005-06-22T07:00:00Z,35.78248,-68.72601,0.3251,-0.4895
2005-06-22T08:00:00Z,35.76698,-68.70747,0.3392,-0.4899
2005-06-22T09:00:00Z,35.75207,-68.69548,0.2748,-0.4492
2005-06-22T10:00:00Z,35.73713,-68.68665,0.314,-0.4498
2005-06-22T11:00:00Z,35.72424,-68.67403,0.2766,-0.3546
2005-06-22T12:00:00Z,35.7132,-68.66242,0.2769,-0.3438
2005-06-22T13:00:00Z,35.71004,-68.65032,0.3082,-0.0857
2005-06-22T14:00:00Z,35.70658,-68.63901,0.3053,-0.0761
2005-06-22T15:00:00Z,35.70807,-68.62487,0.3303,-0.0037
2005-06-22T16:00:00Z,35.71084,-68.60904,0.4124,0.1189
2005-06-22T17:00:00Z,35.71478,-68.59269,0.4138,0.1234
2005-06-22T18:00:00Z,35.7219,-68.57427,0.5974,0.2295
2005-06-22T19:00:00Z,35.73076,-68.55096,0.6038,0.3285
2005-06-22T20:00:00Z,35.73958,-68.53007,0.5065,0.2469
2005-06-22T21:00:00Z,35.74624,-68.51022,0.4515,0.1969
2005-06-22T22:00:00Z,35.75255,-68.49225,0.4326,0.2188
2005-06-22T23:00:00Z,35.75977,-68.47491,0.4295,0.2195
2005-06-23T00:00:00Z,35.76766,-68.46308,0.2246,0.2596
2005-06-23T01:00:00Z,35.77577,-68.45476,0.2305,0.2599
2005-06-23T02:00:00Z,35.7853,-68.44581,0.208,0.3245
2005-06-23T03:00:00Z,35.79593,-68.43685,0.2113,0.3321
2005-06-23T04:00:00Z,35.81012,-68.43763,-0.0214,0.4169
2005-06-23T05:00:00Z,35.82384,-68.43862,-0.0232,0.4181
2005-06-23T06:00:00Z,35.83708,-68.43889,-0.0216,0.4181
2005-06-23T07:00:00Z,35.85146,-68.44151,-0.0502,0.4458
2005-06-23T08:00:00Z,35.86702,-68.44696,-0.0539,0.4451
2005-06-23T09:00:00Z,35.88042,-68.4467,-0.0393,0.4285
2005-06-23T10:00:00Z,35.89436,-68.44722,-0.0504,0.4264
2005-06-23T11:00:00Z,35.90664,-68.45011,-0.0458,0.3786
2005-06-23T12:00:00Z,35.91841,-68.45305,-0.0875,0.3388
2005-06-23T13:00:00Z,35.92822,-68.45627,-0.0855,0.3263
2005-06-23T14:00:00Z,35.93457,-68.46174,-0.2913,-0.028
2005-06-23T15:00:00Z,35.93279,-68.47449,-0.2883,-0.0201
2005-06-23T16:00:00Z,35.92849,-68.48551,-0.2948,0.0557
2005-06-23T17:00:00Z,35.9313,-68.49453,-0.4213,-0.0163
2005-06-23T18:00:00Z,35.93068,-68.51485,-0.5817,-0.0058
2005-06-23T19:00:00Z,35.93085,-68.5372,-0.574,-0.0065
2005-06-23T20:00:00Z,35.93119,-68.56152,-0.6227,0.0128
2005-06-23T21:00:00Z,35.93046,-68.59026,-0.639,0.0039
2005-06-23T22:00:00Z,35.93341,-68.61298,-0.4889,0.0986
2005-06-23T23:00:00Z,35.93797,-68.63327,-0.4876,0.085
2005-06-24T00:00:00Z,35.93941,-68.6485,-0.4228,0.0828
2005-06-24T01:00:00Z,35.94266,-68.66511,-0.4199,0.0816
2005-06-24T02:00:00Z,35.94026,-68.66582,-0.2175,-0.0336
2005-06-24T03:00:00Z,35.93458,-68.67391,-0.1783,-0.4103
2005-06-24T04:00:00Z,35.92107,-68.68328,-0.171,-0.4114
2005-06-24T05:00:00Z,35.90655,-68.68927,-0.1808,-0.4658
2005-06-24T06:00:00Z,35.89228,-68.69603,-0.1823,-0.4643
2005-06-24T07:00:00Z,35.87352,-68.70353,-0.1733,-0.6319
2005-06-24T08:00:00Z,35.85315,-68.71059,-0.2066,-0.6817
2005-06-24T09:00:00Z,35.83024,-68.71922,-0.2071,-0.6813
2005-06-24T10:00:00Z,35.8083,-68.72768,-0.2286,-0.663
2005-06-24T11:00:00Z,35.7869,-68.73647,-0.2296,-0.6602
2005-06-24T12:00:00Z,35.76675,-68.75199,-0.4608,-0.6053
2005-06-24T13:00:00Z,35.74913,-68.76831,-0.4105,-0.5366
2005-06-24T14:00:00Z,35.73548,-68.78423,-0.1615,-0.3546
2005-06-24T15:00:00Z,35.72492,-68.79158,0.0814,-0.367
2005-06-24T16:00:00Z,35.71199,-68.78694,0.123,-0.3759
2005-06-24T17:00:00Z,35.69986,-68.78054,0.2441,-0.3782
2005-06-24T18:00:00Z,35.68728,-68.76965,0.3098,-0.3899
2005-06-24T19:00:00Z,35.6753,-68.75852,0.3018,-0.3898
2005-06-24T20:00:00Z,35.66119,-68.74343,0.3754,-0.4764
2005-06-24T21:00:00Z,35.64635,-68.72651,0.3871,-0.5132
2005-06-24T22:00:00Z,35.62823,-68.7136,0.3753,-0.5226
2005-06-24T23:00:00Z,35.61103,-68.70097,0.3065,-0.5186
2005-06-25T00:00:00Z,35.59543,-68.68763,0.3157,-0.5144
2005-06-25T01:00:00Z,35.58172,-68.66954,0.1429,-0.4408
2005-06-25T02:00:00Z,35.56206,-68.6651,0.1624,-0.4968
2005-06-25T03:00:00Z,35.55184,-68.65841,0.1534,-0.1823
2005-06-25T04:00:00Z,35.54567,-68.65243,0.3654,-0.1423
2005-06-25T05:00:00Z,35.54207,-68.63743,0.3748,-0.128
2005-06-25T06:00:00Z,35.53825,-68.62464,0.3568,-0.1243
2005-06-25T07:00:00Z,35.5559,-68.6061,0.4081,0.1318
2005-06-25T08:00:00Z,35.56117,-68.58938,0.4094,0.1307
2005-06-25T09:00:00Z,35.56595,-68.57326,0.4095,0.1305
2005-06-25T10:00:00Z,35.57009,-68.55353,0.5287,0.1802
2005-06-25T11:00:00Z,35.57361,-68.53079,0.4445,0.1505
2005-06-25T12:00:00Z,35.58013,-68.51356,0.4415,0.1473
2005-06-25T13:00:00Z,35.58575,-68.49459,0.3598,0.1661
2005-06-25T14:00:00Z,35.58935,-68.47996,0.3509,0.1707
2005-06-25T15:00:00Z,35.595,-68.46766,0.1883,0.2401
2005-06-25T16:00:00Z,35.60358,-68.46011,0.1854,0.2347
2005-06-25T17:00:00Z,35.61182,-68.45418,0.1557,0.2711
2005-06-25T18:00:00Z,35.62557,-68.44862,0.1263,0.5396
2005-06-25T19:00:00Z,35.64379,-68.44248,0.1333,0.527
2005-06-25T20:00:00Z,35.66182,-68.45483,-0.0616,0.5849
2005-06-25T21:00:00Z,35.68074,-68.45593,0.0477,0.6012
2005-06-25T22:00:00Z,35.70444,-68.44586,-0.032,0.6341
2005-06-25T23:00:00Z,35.72065,-68.45139,0.057,0.5852
2005-06-26T00:00:00Z,35.739,-68.44925,-0.1518,0.5433
2005-06-26T01:00:00Z,35.75655,-68.4547,-0.1237,0.5176
2005-06-26T02:00:00Z,35.77439,-68.46072,-0.1421,0.3407
2005-06-26T03:00:00Z,35.78497,-68.46402,-0.1151,0.33
2005-06-26T04:00:00Z,35.79358,-68.46923,-0.1453,0.2385
2005-06-26T05:00:00Z,35.80016,-68.4804,-0.1909,0.2391
2005-06-26T06:00:00Z,35.80682,-68.49249,-0.6466,0.1777
2005-06-26T07:00:00Z,35.81406,-68.53645,-0.5207,0.1837
2005-06-26T08:00:00Z,35.81974,-68.55751,-0.475,0.1361
2005-06-26T09:00:00Z,35.82247,-68.56997,-0.627,0.1522
2005-06-26T10:00:00Z,35.82875,-68.59535,-0.5942,0.1742
2005-06-26T11:00:00Z,35.83427,-68.61879,-0.5826,0.1741
2005-06-26T12:00:00Z,35.83989,-68.64194,-0.5807,0.1725
2005-06-26T13:00:00Z,35.84403,-68.66278,-0.5236,0.1279
2005-06-26T14:00:00Z,35.84847,-68.68485,-0.5287,0.1271
2005-06-26T15:00:00Z,35.85124,-68.70284,-0.4602,0.0718
2005-06-26T16:00:00Z,35.8536,-68.72038,-0.418,-0.0628
2005-06-26T17:00:00Z,35.85065,-68.73886,-0.4358,-0.079
2005-06-26T18:00:00Z,35.84512,-68.74821,-0.1685,-0.1663
2005-06-26T19:00:00Z,35.83842,-68.75548,-0.1603,-0.4995
2005-06-26T20:00:00Z,35.82157,-68.76187,-0.1606,-0.495
2005-06-26T21:00:00Z,35.80593,-68.76809,-0.1608,-0.5037
2005-06-26T22:00:00Z,35.78974,-68.77643,-0.4722,-0.5996
2005-06-26T23:00:00Z,35.76942,-68.79769,-0.4735,-0.594
2005-06-27T00:00:00Z,35.7506,-68.81728,-0.418,-0.5773
2005-06-27T01:00:00Z,35.73187,-68.83225,-0.4406,-0.5752
2005-06-27T02:00:00Z,35.71384,-68.84982,-0.4002,-0.5094
2005-06-27T03:00:00Z,35.69751,-68.86668,-0.4044,-0.5086
2005-06-27T04:00:00Z,35.68145,-68.8743,-0.1349,-0.4896
2005-06-27T05:00:00Z,35.6656,-68.87937,-0.1337,-0.4896
2005-06-27T06:00:00Z,35.64971,-68.88466,-0.1332,-0.4896
2005-06-27T07:00:00Z,35.63372,-68.89031,-0.1336,-0.4896
2005-06-27T08:00:00Z,35.61797,-68.88642,0.2108,-0.4872
2005-06-27T09:00:00Z,35.60253,-68.87678,0.1796,-0.4872
2005-06-27T10:00:00Z,35.58552,-68.87045,0.2057,-0.52
2005-06-27T11:00:00Z,35.56781,-68.85098,0.3421,-0.5545
2005-06-27T12:00:00Z,35.54958,-68.83635,0.3608,-0.6116
2005-06-27T13:00:00Z,35.52937,-68.82376,0.3589,-0.6148
2005-06-27T14:00:00Z,35.51031,-68.82001,0.2419,-0.6138
2005-06-27T15:00:00Z,35.48902,-68.79535,0.3427,-0.6253
2005-06-27T16:00:00Z,35.47359,-68.78682,0.0928,-0.3048
2005-06-27T17:00:00Z,35.46424,-68.78911,0.2034,-0.2652
2005-06-27T18:00:00Z,35.45475,-68.78017,0.1961,-0.2713
2005-06-27T19:00:00Z,35.44687,-68.77141,0.2527,-0.1301
2005-06-27T20:00:00Z,35.44305,-68.76179,0.2523,-0.1305
2005-06-27T21:00:00Z,35.44007,-68.74992,0.3641,-0.0662
2005-06-27T22:00:00Z,35.44056,-68.73333,0.4614,0.0667
2005-06-27T23:00:00Z,35.44265,-68.7162,0.4537,0.0687
2005-06-28T00:00:00Z,35.44503,-68.69475,0.5067,0.0784
2005-06-28T01:00:00Z,35.44818,-68.67387,0.5059,0.0796
2005-06-28T02:00:00Z,35.44946,-68.65453,0.5065,0.0524
2005-06-28T03:00:00Z,35.4512,-68.63622,0.3642,0.0556
2005-06-28T04:00:00Z,35.45325,-68.62394,0.3751,0.0579
2005-06-28T05:00:00Z,35.45637,-68.60979,0.314,0.1216
2005-06-28T06:00:00Z,35.46169,-68.60207,0.0637,0.2176
2005-06-28T07:00:00Z,35.46698,-68.59884,0.0559,0.2038
2005-06-28T08:00:00Z,35.47982,-68.59666,0.0615,0.3056
2005-06-28T09:00:00Z,35.49155,-68.59458,0.0994,0.3978
2005-06-28T10:00:00Z,35.50133,-68.58991,0.0999,0.5484
2005-06-28T11:00:00Z,35.51933,-68.58648,0.0985,0.5525
2005-06-28T12:00:00Z,35.53714,-68.58309,0.078,0.5647
2005-06-28T13:00:00Z,35.55726,-68.57979,0.0793,0.5831
2005-06-28T14:00:00Z,35.57042,-68.57743,0.046,0.4651
2005-06-28T15:00:00Z,35.58561,-68.5747,0.0392,0.4647
2005-06-28T16:00:00Z,35.60008,-68.57392,-0.0082,0.4603
2005-06-28T17:00:00Z,35.61432,-68.57444,-0.1759,0.2907
2005-06-28T18:00:00Z,35.62233,-68.58119,-0.179,0.298
2005-06-28T19:00:00Z,35.63223,-68.59078,-0.2564,0.2965
2005-06-28T20:00:00Z,35.64245,-68.60174,-0.2677,0.2953
2005-06-28T21:00:00Z,35.6516,-68.62138,-0.3724,0.2942
2005-06-28T22:00:00Z,35.66089,-68.6338,-0.382,0.282
2005-06-28T23:00:00Z,35.66991,-68.6483,-0.4358,0.2872
2005-06-29T00:00:00Z,35.67943,-68.66682,-0.4438,0.2884
2005-06-29T01:00:00Z,35.68883,-68.6845,-0.4617,0.2864
2005-06-29T02:00:00Z,35.6978,-68.70787,-0.5095,0.2852
2005-06-29T03:00:00Z,35.7063,-68.71158,-0.309,0.2573
2005-06-29T04:00:00Z,35.71545,-68.72315,-0.3126,0.2594
2005-06-29T05:00:00Z,35.71812,-68.73482,-0.2666,0.0643
2005-06-29T06:00:00Z,35.71938,-68.74574,-0.2843,0.0127
2005-06-29T07:00:00Z,35.72087,-68.75715,-0.3032,-0.0763
2005-06-29T08:00:00Z,35.71748,-68.76908,-0.3031,-0.0778
2005-06-29T09:00:00Z,35.7137,-68.78322,-0.3629,-0.1351
2005-06-29T10:00:00Z,35.70578,-68.79819,-0.4006,-0.2598
2005-06-29T11:00:00Z,35.697,-68.81381,-0.4013,-0.2584
2005-06-29T12:00:00Z,35.68848,-68.82926,-0.4026,-0.2576
2005-06-29T13:00:00Z,35.68043,-68.84427,-0.3864,-0.2501
2005-06-29T14:00:00Z,35.67241,-68.8614,-0.3905,-0.2495
2005-06-29T15:00:00Z,35.66439,-68.8778,-0.2863,-0.2082
2005-06-29T16:00:00Z,35.65783,-68.88874,-0.2824,-0.205
2005-06-29T17:00:00Z,35.65158,-68.89585,-0.1696,-0.1873
2005-06-29T18:00:00Z,35.64891,-68.90008,-0.1636,-0.151
2005-06-29T19:00:00Z,35.63755,-68.89866,-0.0313,-0.2377
2005-06-29T20:00:00Z,35.62959,-68.91159,0.195,-0.3571
2005-06-29T21:00:00Z,35.61822,-68.89653,0.047,-0.4337
2005-06-29T22:00:00Z,35.60426,-68.89564,0.0527,-0.436
2005-06-29T23:00:00Z,35.59077,-68.89241,0.0558,-0.4363
2005-06-30T00:00:00Z,35.57566,-68.89021,0.1172,-0.4113
2005-06-30T01:00:00Z,35.55555,-68.88429,0.1103,-0.6424
2005-06-30T02:00:00Z,35.53329,-68.87892,0.0997,-0.6367
2005-06-30T03:00:00Z,35.52124,-68.87912,-0.0016,-0.3383
2005-06-30T04:00:00Z,35.51111,-68.8786,0.0226,-0.2778
2005-06-30T05:00:00Z,35.50407,-68.87744,0.0308,-0.2763
2005-06-30T06:00:00Z,35.49443,-68.87045,0.1393,-0.2526
2005-06-30T07:00:00Z,35.48617,-68.86145,0.4376,-0.2325
2005-06-30T08:00:00Z,35.47882,-68.84267,0.4271,-0.2317
2005-06-30T09:00:00Z,35.47192,-68.82509,0.4556,-0.1988
2005-06-30T10:00:00Z,35.46536,-68.80815,0.4522,-0.1983
2005-06-30T11:00:00Z,35.45936,-68.7902,0.4696,-0.1599
2005-06-30T12:00:00Z,35.45434,-68.7697,0.4636,-0.1592
2005-06-30T13:00:00Z,35.44977,-68.75209,0.4433,-0.126
2005-06-30T14:00:00Z,35.44542,-68.73457,0.4421,-0.125
2005-06-30T15:00:00Z,35.4426,-68.71803,0.4045,-0.0829
2005-06-30T16:00:00Z,35.44022,-68.70213,0.4032,-0.0798
2005-06-30T17:00:00Z,35.44133,-68.69094,0.2508,0.0396
2005-06-30T18:00:00Z,35.44236,-68.68044,0.247,0.0413
2005-06-30T19:00:00Z,35.4449,-68.67114,0.2305,0.0745
2005-06-30T20:00:00Z,35.44966,-68.66413,0.1534,0.2792
2005-06-30T21:00:00Z,35.45963,-68.65921,0.099,0.3537
2005-06-30T22:00:00Z,35.46948,-68.65621,0.1481,0.44
2005-06-30T23:00:00Z,35.48474,-68.64229,0.318,0.436
2005-07-01T00:00:00Z,35.49926,-68.6333,0.0891,0.4538
2005-07-01T01:00:00Z,35.51335,-68.6371,0.1553,0.4524
2005-07-01T02:00:00Z,35.52739,-68.63319,0.0234,0.4338
2005-07-01T03:00:00Z,35.5429,-68.62264,0.0897,0.4381
2005-07-01T04:00:00Z,35.55618,-68.62276,-0.0754,0.3948
2005-07-01T05:00:00Z,35.56848,-68.62605,-0.0763,0.394
2005-07-01T06:00:00Z,35.58134,-68.6289,-0.0775,0.393
2005-07-01T07:00:00Z,35.59347,-68.63556,-0.3107,0.3603
2005-07-01T08:00:00Z,35.60384,-68.64794,-0.3121,0.3585
2005-07-01T09:00:00Z,35.61647,-68.66174,-0.3489,0.3735
2005-07-01T10:00:00Z,35.62882,-68.6749,-0.3507,0.3731
2005-07-01T11:00:00Z,35.64103,-68.6901,-0.379,0.3937
2005-07-01T12:00:00Z,35.6532,-68.7062,-0.3507,0.3477
2005-07-01T13:00:00Z,35.66436,-68.7186,-0.3506,0.3452
2005-07-01T14:00:00Z,35.67785,-68.73123,-0.3604,0.3448
2005-07-01T15:00:00Z,35.6859,-68.74764,-0.3615,0.3215
2005-07-01T16:00:00Z,35.69511,-68.76403,-0.453,0.2731
2005-07-01T17:00:00Z,35.70208,-68.78248,-0.4681,0.2061
2005-07-01T18:00:00Z,35.70789,-68.80315,-0.4027,0.1419
2005-07-01T19:00:00Z,35.71328,-68.81604,-0.4273,0.1396
2005-07-01T20:00:00Z,35.71955,-68.83251,-0.4392,0.08
2005-07-01T21:00:00Z,35.7211,-68.85088,-0.4277,0.0936
2005-07-01T22:00:00Z,35.72319,-68.86828,-0.455,0.0313
2005-07-01T23:00:00Z,35.7257,-68.88614,-0.4534,0.0439
2005-07-02T00:00:00Z,35.72293,-68.90275,-0.4277,-0.0437
2005-07-02T01:00:00Z,35.7216,-68.92044,-0.4289,-0.0575
2005-07-02T02:00:00Z,35.71774,-68.93675,-0.3917,-0.2044
2005-07-02T03:00:00Z,35.71214,-68.95211,-0.3858,-0.2416
2005-07-02T04:00:00Z,35.70422,-68.96679,-0.3619,-0.231
2005-07-02T05:00:00Z,35.69637,-68.98195,-0.3647,-0.2307
2005-07-02T06:00:00Z,35.68832,-68.99781,-0.368,-0.23
2005-07-02T07:00:00Z,35.68079,-69.0102,-0.3209,-0.2398
2005-07-02T08:00:00Z,35.67509,-69.02074,-0.3334,-0.2293
2005-07-02T09:00:00Z,35.66294,-69.03056,-0.239,-0.2917
2005-07-02T10:00:00Z,35.65239,-69.04529,-0.1118,-0.2753
2005-07-02T11:00:00Z,35.64472,-69.04933,-0.1175,-0.2908
2005-07-02T12:00:00Z,35.63544,-69.05329,-0.079,-0.2627
2005-07-02T13:00:00Z,35.62676,-69.05414,-0.0545,-0.2644
2005-07-02T14:00:00Z,35.61735,-69.06025,-0.0942,-0.2854
2005-07-02T15:00:00Z,35.60813,-69.07762,-0.1878,-0.2856
2005-07-02T16:00:00Z,35.59791,-69.06965,0.3021,-0.3147
2005-07-02T17:00:00Z,35.58668,-69.05931,0.1432,-0.3772
2005-07-02T18:00:00Z,35.57421,-69.05371,0.187,-0.3298
2005-07-02T19:00:00Z,35.56348,-69.04663,0.1879,-0.3276
2005-07-02T20:00:00Z,35.55294,-69.03488,0.3162,-0.3048
2005-07-02T21:00:00Z,35.5435,-69.0203,0.2938,-0.3058
2005-07-02T22:00:00Z,35.53369,-69.00789,0.3513,-0.2919
2005-07-02T23:00:00Z,35.52396,-68.9964,0.391,-0.2608
2005-07-03T00:00:00Z,35.51605,-68.97784,0.3785,-0.2594
2005-07-03T01:00:00Z,35.50736,-68.96202,0.4,-0.2263
2005-07-03T02:00:00Z,35.50026,-68.94734,0.4003,-0.2245
2005-07-03T03:00:00Z,35.49286,-68.93224,0.4009,-0.2248
2005-07-03T04:00:00Z,35.48507,-68.91725,0.4018,-0.2266
2005-07-03T05:00:00Z,35.48426,-68.89986,0.4258,0.0497
2005-07-03T06:00:00Z,35.4861,-68.88242,0.4236,0.0481
2005-07-03T07:00:00Z,35.48865,-68.86435,0.4655,0.0844
2005-07-03T08:00:00Z,35.49094,-68.84644,0.4702,0.1498
2005-07-03T09:00:00Z,35.4966,-68.8267,0.4747,0.1541
2005-07-03T10:00:00Z,35.50355,-68.80998,0.3941,0.2408
2005-07-03T11:00:00Z,35.51109,-68.79428,0.3891,0.2424
2005-07-03T12:00:00Z,35.51918,-68.78125,0.3368,0.2539
2005-07-03T13:00:00Z,35.52764,-68.76683,0.4099,0.2676
2005-07-03T14:00:00Z,35.53668,-68.7503,0.4321,0.319
2005-07-03T15:00:00Z,35.54685,-68.73273,0.1409,0.4204
2005-07-03T16:00:00Z,35.56346,-68.72695,0.0996,0.4445
2005-07-03T17:00:00Z,35.57632,-68.72368,0.2005,0.4082
2005-07-03T18:00:00Z,35.58979,-68.71798,0.1623,0.3549
2005-07-03T19:00:00Z,35.60128,-68.7013,0.299,0.3495
2005-07-03T20:00:00Z,35.61231,-68.70662,0.108,0.3374
2005-07-03T21:00:00Z,35.62242,-68.70573,-0.1287,0.367
2005-07-03T22:00:00Z,35.63775,-68.69837,0.001,0.3772
2005-07-03T23:00:00Z,35.6527,-68.70674,-0.338,0.4672
2005-07-04T00:00:00Z,35.65879,-68.72231,-0.1426,0.3748
2005-07-04T01:00:00Z,35.67568,-68.73054,-0.2417,0.4588
2005-07-04T02:00:00Z,35.68996,-68.74113,-0.2348,0.4658
2005-07-04T03:00:00Z,35.70551,-68.74992,-0.2528,0.4245
2005-07-04T04:00:00Z,35.7197,-68.75954,-0.2612,0.4583
2005-07-04T05:00:00Z,35.73434,-68.77144,-0.2782,0.458
2005-07-04T06:00:00Z,35.74852,-68.78257,-0.3254,0.4639
2005-07-04T07:00:00Z,35.76324,-68.80699,-0.4062,0.4386
2005-07-04T08:00:00Z,35.77739,-68.82345,-0.3177,0.2565
2005-07-04T09:00:00Z,35.78602,-68.82779,-0.3809,0.2475
2005-07-04T10:00:00Z,35.79115,-68.84493,-0.4003,0.0662
2005-07-04T11:00:00Z,35.79265,-68.86521,-0.5303,-0.0064
2005-07-04T12:00:00Z,35.79005,-68.87652,-0.4156,-0.0073
2005-07-04T13:00:00Z,35.79039,-68.89945,-0.6667,0.0197
2005-07-04T14:00:00Z,35.79222,-68.92728,-0.6597,0.0114
2005-07-04T15:00:00Z,35.79222,-68.95317,-0.6484,0.0075
2005-07-04T16:00:00Z,35.79165,-68.97766,-0.6484,0.0072
2005-07-04T17:00:00Z,35.79246,-69.00344,-0.6222,0.0131
2005-07-04T18:00:00Z,35.79602,-69.01991,-0.2883,0.1366
2005-07-04T19:00:00Z,35.80136,-69.02605,-0.3891,0.1317
2005-07-04T20:00:00Z,35.80425,-69.04266,-0.2744,0.0994
2005-07-04T21:00:00Z,35.80337,-69.05255,-0.2597,-0.0594
2005-07-04T22:00:00Z,35.80118,-69.06047,-0.278,-0.0668
2005-07-04T23:00:00Z,35.78796,-69.07297,-0.2495,-0.3781
2005-07-05T00:00:00Z,35.77609,-69.08471,-0.2957,-0.3844
2005-07-05T01:00:00Z,35.76345,-69.09463,-0.2933,-0.3835
2005-07-05T02:00:00Z,35.75044,-69.10377,-0.3315,-0.3195
2005-07-05T03:00:00Z,35.73982,-69.11991,-0.3101,-0.3144
2005-07-05T04:00:00Z,35.72976,-69.13228,-0.2755,-0.2867
2005-07-05T05:00:00Z,35.72097,-69.14306,-0.2731,-0.2867
2005-07-05T06:00:00Z,35.71205,-69.15383,-0.2036,-0.2839
2005-07-05T07:00:00Z,35.7021,-69.15996,-0.1728,-0.2863
2005-07-05T08:00:00Z,35.69347,-69.1621,-0.0609,-0.2649
2005-07-05T09:00:00Z,35.68492,-69.16291,-0.0653,-0.2629
2005-07-05T10:00:00Z,35.67704,-69.16639,-0.04,-0.2477
2005-07-05T11:00:00Z,35.66857,-69.1566,0.3507,-0.2677
2005-07-05T12:00:00Z,35.6596,-69.14059,0.3703,-0.2772
2005-07-05T13:00:00Z,35.64953,-69.13026,0.2902,-0.3086
2005-07-05T14:00:00Z,35.64159,-69.11885,0.2897,-0.2908
2005-07-05T15:00:00Z,35.6267,-69.1086,0.2514,-0.3841
2005-07-05T16:00:00Z,35.61407,-69.09879,0.1424,-0.3766
2005-07-05T17:00:00Z,35.60214,-69.09364,0.1394,-0.3686
2005-07-05T18:00:00Z,35.59312,-69.08728,0.15,-0.273
2005-07-05T19:00:00Z,35.58322,-69.08361,0.1923,-0.1497
2005-07-05T20:00:00Z,35.57918,-69.07398,0.1813,-0.1426
2005-07-05T21:00:00Z,35.5779,-69.06634,0.209,0.0823
2005-07-05T22:00:00Z,35.58119,-69.05563,0.4248,0.1166
2005-07-05T23:00:00Z,35.58416,-69.035,0.3715,0.1137
2005-07-06T00:00:00Z,35.58724,-69.02081,0.4035,0.0942
2005-07-06T01:00:00Z,35.59219,-69.00587,0.4092,0.1085
2005-07-06T02:00:00Z,35.59477,-68.98924,0.3983,0.0128
2005-07-06T03:00:00Z,35.59433,-68.97293,0.3983,0.0271
2005-07-06T04:00:00Z,35.59595,-68.95802,0.384,0.0304
2005-07-06T05:00:00Z,35.59669,-68.94221,0.3872,0.0307
2005-07-06T06:00:00Z,35.59771,-68.92758,0.1725,0.1005
2005-07-06T07:00:00Z,35.6017,-68.92065,0.1685,0.1026
2005-07-06T08:00:00Z,35.60978,-68.91443,0.1518,0.2618
2005-07-06T09:00:00Z,35.61883,-68.90905,0.1518,0.285
2005-07-06T10:00:00Z,35.62738,-68.90207,0.1404,0.2948
2005-07-06T11:00:00Z,35.63714,-68.89676,0.1365,0.2985
2005-07-06T12:00:00Z,35.64921,-68.89182,0.1114,0.3957
2005-07-06T13:00:00Z,35.66538,-68.88937,0.097,0.41
2005-07-06T14:00:00Z,35.67602,-68.88333,0.069,0.3239
2005-07-06T15:00:00Z,35.6871,-68.88091,0.0679,0.3215
2005-07-06T16:00:00Z,35.69768,-68.87795,0.0671,0.3206
2005-07-06T17:00:00Z,35.70808,-68.87453,0.066,0.3208
2005-07-06T18:00:00Z,35.72024,-68.8754,0.0285,0.3663
2005-07-06T19:00:00Z,35.73183,-68.8756,0.0197,0.3992
2005-07-06T20:00:00Z,35.74851,-68.87349,0.0119,0.4194
2005-07-06T21:00:00Z,35.75848,-68.87342,0.0359,0.2792
2005-07-06T22:00:00Z,35.76781,-68.87196,0.0232,0.2616
2005-07-06T23:00:00Z,35.77684,-68.87124,-0.2124,0.2903
2005-07-07T00:00:00Z,35.7856,-68.88147,-0.2148,0.2866
2005-07-07T01:00:00Z,35.79371,-68.8938,-0.1396,0.2816
2005-07-07T02:00:00Z,35.80573,-68.8982,-0.2124,0.3332
2005-07-07T03:00:00Z,35.81669,-68.90755,-0.4324,0.3675
2005-07-07T04:00:00Z,35.82949,-68.93232,-0.3343,0.3727
2005-07-07T05:00:00Z,35.83954,-68.94493,-0.2955,0.3056
2005-07-07T06:00:00Z,35.84917,-68.95693,-0.3118,0.246
2005-07-07T07:00:00Z,35.85814,-68.96864,-0.3208,0.2404
2005-07-07T08:00:00Z,35.86417,-68.98301,-0.3456,0.2068
2005-07-07T09:00:00Z,35.87005,-68.99735,-0.3472,0.1517
2005-07-07T10:00:00Z,35.87399,-69.01048,-0.3539,0.0959
2005-07-07T11:00:00Z,35.87585,-69.02524,-0.3574,0.0881
2005-07-07T12:00:00Z,35.88117,-69.03978,-0.3803,0.1234
2005-07-07T13:00:00Z,35.8848,-69.05465,-0.3526,0.01
2005-07-07T14:00:00Z,35.88319,-69.06812,-0.2989,-0.1752
2005-07-07T15:00:00Z,35.87949,-69.08137,-0.2848,-0.1999
2005-07-07T16:00:00Z,35.87081,-69.09195,-0.2859,-0.2575
2005-07-07T17:00:00Z,35.86239,-69.10515,-0.4983,-0.2664
2005-07-07T18:00:00Z,35.85401,-69.12622,-0.4981,-0.2649
2005-07-07T19:00:00Z,35.84525,-69.14507,-0.4811,-0.2644
2005-07-07T20:00:00Z,35.8368,-69.16278,-0.469,-0.2642
2005-07-07T21:00:00Z,35.82691,-69.17855,-0.509,-0.2915
2005-07-07T22:00:00Z,35.81709,-69.1999,-0.5004,-0.2886
2005-07-07T23:00:00Z,35.80943,-69.21916,-0.4929,-0.1903
2005-07-08T00:00:00Z,35.80355,-69.23841,-0.4864,-0.1834
2005-07-08T01:00:00Z,35.8005,-69.2372,-0.0956,-0.1578
2005-07-08T02:00:00Z,35.79502,-69.24512,-0.0421,-0.1565
2005-07-08T03:00:00Z,35.78843,-69.24423,0.0626,-0.2316
2005-07-08T04:00:00Z,35.78282,-69.24124,0.0634,-0.2147
2005-07-08T05:00:00Z,35.76755,-69.23924,0.061,-0.4648
2005-07-08T06:00:00Z,35.75219,-69.23584,0.0954,-0.5019
2005-07-08T07:00:00Z,35.73571,-69.23469,0.145,-0.49
2005-07-08T08:00:00Z,35.72003,-69.22758,0.1403,-0.4896
2005-07-08T09:00:00Z,35.70594,-69.22552,-0.1122,-0.3854
2005-07-08T10:00:00Z,35.696,-69.22956,-0.1025,-0.2919
2005-07-08T11:00:00Z,35.68567,-69.23292,0.107,-0.2067
2005-07-08T12:00:00Z,35.67865,-69.22559,0.0752,-0.1978
2005-07-08T13:00:00Z,35.67385,-69.21987,0.1718,-0.0817
2005-07-08T14:00:00Z,35.6712,-69.22,0.0962,-0.079
2005-07-08T15:00:00Z,35.66926,-69.21392,0.3133,-0.0253
2005-07-08T16:00:00Z,35.66901,-69.19794,0.1932,-0.026
2005-07-08T17:00:00Z,35.66889,-69.18706,0.4964,-0.0103
2005-07-08T18:00:00Z,35.66846,-69.16681,0.4953,-0.011
2005-07-08T19:00:00Z,35.66931,-69.14615,0.5367,0.0152
2005-07-08T20:00:00Z,35.6691,-69.12498,0.5363,0.0101
2005-07-08T21:00:00Z,35.67198,-69.10812,0.3687,-0.0562
2005-07-08T22:00:00Z,35.66721,-69.09457,0.3651,-0.0266
2005-07-08T23:00:00Z,35.66937,-69.08132,0.3145,-0.0162
2005-07-09T00:00:00Z,35.66931,-69.06583,0.2436,0.0792
2005-07-09T01:00:00Z,35.67047,-69.05712,0.2525,0.0686
2005-07-09T02:00:00Z,35.67026,-69.04672,0.2213,0.1616
2005-07-09T03:00:00Z,35.67775,-69.03754,0.2203,0.1456
2005-07-09T04:00:00Z,35.68478,-69.0292,0.1911,0.2419
2005-07-09T05:00:00Z,35.68588,-69.02246,0.1885,0.1462
2005-07-09T06:00:00Z,35.70938,-69.01662,0.1425,0.4069
2005-07-09T07:00:00Z,35.72157,-69.00932,0.1055,0.4663
2005-07-09T08:00:00Z,35.73657,-69.00746,0.1133,0.4646
2005-07-09T09:00:00Z,35.75165,-69.003,0.1061,0.4552
2005-07-09T10:00:00Z,35.76586,-68.99607,0.1145,0.4539
2005-07-09T11:00:00Z,35.78024,-68.9935,0.0857,0.4426
2005-07-09T12:00:00Z,35.79679,-68.99168,0.0933,0.4567
2005-07-09T13:00:00Z,35.80769,-68.98871,0.0404,0.3446
2005-07-09T14:00:00Z,35.81928,-68.98539,0.0421,0.3379
2005-07-09T15:00:00Z,35.82957,-68.98546,-0.0083,0.312
2005-07-09T16:00:00Z,35.83867,-68.98651,-0.0807,0.2638
2005-07-09T17:00:00Z,35.8435,-68.99981,-0.3651,0.1083
2005-07-09T18:00:00Z,35.84672,-69.01415,-0.401,0.2422
2005-07-09T19:00:00Z,35.85498,-69.03071,-0.4256,0.295
2005-07-09T20:00:00Z,35.86424,-69.04914,-0.5728,0.3406
2005-07-09T21:00:00Z,35.87633,-69.0759,-0.5529,0.3583
2005-07-09T22:00:00Z,35.88944,-69.10037,-0.4592,0.4352
2005-07-09T23:00:00Z,35.90614,-69.11892,-0.4543,0.4377
2005-07-10T00:00:00Z,35.91965,-69.13621,-0.4088,0.3649
2005-07-10T01:00:00Z,35.9314,-69.1528,-0.4083,0.3605
2005-07-10T02:00:00Z,35.94084,-69.16709,-0.3257,0.1655
2005-07-10T03:00:00Z,35.94588,-69.17732,-0.3369,0.1606
2005-07-10T04:00:00Z,35.945,-69.19196,-0.3601,-0.0615
2005-07-10T05:00:00Z,35.94267,-69.20678,-0.3605,-0.0664
2005-07-10T06:00:00Z,35.94116,-69.22085,-0.3623,-0.0642
2005-07-10T07:00:00Z,35.93697,-69.23614,-0.3952,-0.238
2005-07-10T08:00:00Z,35.92894,-69.25271,-0.3977,-0.235
2005-07-10T09:00:00Z,35.92087,-69.27231,-0.4764,-0.2536
2005-07-10T10:00:00Z,35.91206,-69.29827,-0.4509,-0.2691
2005-07-10T11:00:00Z,35.90392,-69.31043,-0.4825,-0.2679
2005-07-10T12:00:00Z,35.89544,-69.32643,-0.3255,-0.3232
2005-07-10T13:00:00Z,35.88461,-69.34971,-0.4842,-0.324
2005-07-10T14:00:00Z,35.87413,-69.36894,-0.1697,-0.3555
2005-07-10T15:00:00Z,35.86202,-69.36533,-0.3142,-0.3588
2005-07-10T16:00:00Z,35.85046,-69.37951,-0.1545,-0.3623
2005-07-10T17:00:00Z,35.83796,-69.38708,-0.2909,-0.4025
2005-07-10T18:00:00Z,35.82373,-69.39869,-0.0757,-0.5149
2005-07-10T19:00:00Z,35.80733,-69.40183,-0.0713,-0.5157
2005-07-10T20:00:00Z,35.79009,-69.40343,0.0262,-0.5518
2005-07-10T21:00:00Z,35.77216,-69.40215,0.0303,-0.5539
2005-07-10T22:00:00Z,35.75329,-69.39959,0.0774,-0.5935
2005-07-10T23:00:00Z,35.73419,-69.39697,0.0756,-0.6136
2005-07-11T00:00:00Z,35.71427,-69.39362,0.0783,-0.6138
2005-07-11T01:00:00Z,35.69438,-69.38907,0.0875,-0.6139
2005-07-11T02:00:00Z,35.67502,-69.3882,0.065,-0.5983
2005-07-11T03:00:00Z,35.65583,-69.39065,0.1723,-0.4719
2005-07-11T04:00:00Z,35.64159,-69.38306,0.1736,-0.4696
2005-07-11T05:00:00Z,35.6266,-69.37605,0.1748,-0.4677
2005-07-11T06:00:00Z,35.61089,-69.36957,0.176,-0.4662
2005-07-11T07:00:00Z,35.59943,-69.35685,0.4002,-0.3169
2005-07-11T08:00:00Z,35.59037,-69.34038,0.395,-0.3464
2005-07-11T09:00:00Z,35.57919,-69.32462,0.4067,-0.3135
2005-07-11T10:00:00Z,35.56955,-69.30881,0.3951,-0.2933
2005-07-11T11:00:00Z,35.55992,-69.29258,0.3975,-0.2919
2005-07-11T12:00:00Z,35.5529,-69.27896,0.3619,-0.2325
2005-07-11T13:00:00Z,35.54607,-69.26358,0.3884,-0.2216
2005-07-11T14:00:00Z,35.53909,-69.24928,0.4346,-0.1739
2005-07-11T15:00:00Z,35.53243,-69.23093,0.4216,-0.1686
2005-07-11T16:00:00Z,35.52893,-69.21594,0.3709,-0.1257
2005-07-11T17:00:00Z,35.52413,-69.20258,0.3271,-0.0262
2005-07-11T18:00:00Z,35.5233,-69.18939,0.3204,0.0153
2005-07-11T19:00:00Z,35.52356,-69.17674,0.32,0.016
2005-07-11T20:00:00Z,35.5249,-69.16439,0.3012,0.0547
2005-07-11T21:00:00Z,35.52639,-69.15241,0.2837,0.093
2005-07-11T22:00:00Z,35.52988,-69.14111,0.2826,0.0977
2005-07-11T23:00:00Z,35.53632,-69.13157,0.2004,0.2917
2005-07-12T00:00:00Z,35.54673,-69.12456,0.1916,0.2924
2005-07-12T01:00:00Z,35.5574,-69.11663,0.1794,0.3392
2005-07-12T02:00:00Z,35.56759,-69.11142,0.1654,0.3339
2005-07-12T03:00:00Z,35.57946,-69.0987,0.3737,0.3829
2005-07-12T04:00:00Z,35.59392,-69.07681,0.3158,0.3761
2005-07-12T05:00:00Z,35.6047,-69.06503,0.2375,0.2953
2005-07-12T06:00:00Z,35.61517,-69.05493,0.2129,0.2715
2005-07-12T07:00:00Z,35.62133,-69.05407,-0.0317,0.1936
2005-07-12T08:00:00Z,35.62724,-69.05397,-0.0358,0.196
2005-07-12T09:00:00Z,35.63422,-69.05946,-0.0671,0.208
2005-07-12T10:00:00Z,35.64287,-69.06142,-0.0669,0.2959
2005-07-12T11:00:00Z,35.65371,-69.0639,-0.4003,0.5309
2005-07-12T12:00:00Z,35.67198,-69.09089,-0.2925,0.521
2005-07-12T13:00:00Z,35.68854,-69.10217,-0.2976,0.5299
2005-07-12T14:00:00Z,35.7056,-69.11368,-0.2991,0.5291
2005-07-12T15:00:00Z,35.72295,-69.125,-0.2515,0.5157
2005-07-12T16:00:00Z,35.73908,-69.13427,-0.2494,0.5142
2005-07-12T17:00:00Z,35.75472,-69.14666,-0.3421,0.421
2005-07-12T18:00:00Z,35.76759,-69.15726,-0.2182,0.3605
2005-07-12T19:00:00Z,35.77959,-69.15825,-0.1799,0.3607
2005-07-12T20:00:00Z,35.78845,-69.17463,-0.2261,0.2951
2005-07-12T21:00:00Z,35.79508,-69.1874,-0.43,0.0453
2005-07-12T22:00:00Z,35.79638,-69.20483,-0.4316,0.0444
2005-07-12T23:00:00Z,35.79794,-69.22235,-0.4326,0.0443
2005-07-13T00:00:00Z,35.8004,-69.24123,-0.4957,0.0754
2005-07-13T01:00:00Z,35.80331,-69.26174,-0.5665,0.1331
2005-07-13T02:00:00Z,35.80897,-69.28452,-0.5657,0.1236
2005-07-13T03:00:00Z,35.81185,-69.30675,-0.5554,0.0911
2005-07-13T04:00:00Z,35.8148,-69.32928,-0.5202,0.067
2005-07-13T05:00:00Z,35.81707,-69.34973,-0.5173,0.0668
2005-07-13T06:00:00Z,35.8195,-69.37083,-0.5176,0.0661
2005-07-13T07:00:00Z,35.82053,-69.38526,-0.3428,0.0367
2005-07-13T08:00:00Z,35.82145,-69.39883,-0.3652,-0.0355
2005-07-13T09:00:00Z,35.81929,-69.41392,-0.3729,-0.035
2005-07-13T10:00:00Z,35.81741,-69.42956,-0.3877,-0.0826
2005-07-13T11:00:00Z,35.81165,-69.44499,-0.3618,-0.2518
2005-07-13T12:00:00Z,35.80212,-69.45659,-0.3574,-0.2346
2005-07-13T13:00:00Z,35.79391,-69.47137,-0.3418,-0.2803
2005-07-13T14:00:00Z,35.78632,-69.48945,-0.3668,-0.2713
2005-07-13T15:00:00Z,35.77594,-69.50256,-0.3673,-0.3074
2005-07-13T16:00:00Z,35.76462,-69.51175,-0.355,-0.2992
2005-07-13T17:00:00Z,35.75605,-69.53054,-0.4097,-0.2816
2005-07-13T18:00:00Z,35.74692,-69.54682,-0.4098,-0.2523
2005-07-13T19:00:00Z,35.74037,-69.56229,-0.4014,-0.2348
2005-07-13T20:00:00Z,35.73124,-69.57159,-0.3044,-0.2422
2005-07-13T21:00:00Z,35.72304,-69.5813,-0.1455,-0.3314
2005-07-13T22:00:00Z,35.70957,-69.58179,-0.0086,-0.2991
2005-07-13T23:00:00Z,35.70214,-69.59362,-0.1776,-0.3189
2005-07-14T00:00:00Z,35.6914,-69.594,0.1488,-0.3336
2005-07-14T01:00:00Z,35.68014,-69.58734,0.1452,-0.3324
2005-07-14T02:00:00Z,35.66888,-69.58107,0.1561,-0.3842
2005-07-14T03:00:00Z,35.65629,-69.57604,0.1523,-0.3877
2005-07-14T04:00:00Z,35.64094,-69.56904,0.1834,-0.4881
2005-07-14T05:00:00Z,35.62451,-69.561,0.189,-0.4853
2005-07-14T06:00:00Z,35.60888,-69.55443,0.188,-0.4871
2005-07-14T07:00:00Z,35.59276,-69.53903,0.2718,-0.5057
2005-07-14T08:00:00Z,35.57658,-69.52865,0.1742,-0.4879
2005-07-14T09:00:00Z,35.56107,-69.52132,0.1675,-0.4879
2005-07-14T10:00:00Z,35.54572,-69.5166,0.1497,-0.4565
2005-07-14T11:00:00Z,35.53393,-69.50466,0.2595,-0.3509
2005-07-14T12:00:00Z,35.52308,-69.49256,0.2999,-0.2529
2005-07-14T13:00:00Z,35.51603,-69.4829,0.287,-0.2467
2005-07-14T14:00:00Z,35.50764,-69.47454,0.2725,-0.24
2005-07-14T15:00:00Z,35.50558,-69.45856,0.3801,-0.0908
2005-07-14T16:00:00Z,35.50287,-69.44308,0.4028,-0.0536
2005-07-14T17:00:00Z,35.50084,-69.42779,0.4003,-0.0535
2005-07-14T18:00:00Z,35.49938,-69.40694,0.6079,-0.0395
2005-07-14T19:00:00Z,35.49787,-69.38266,0.592,-0.0746
2005-07-14T20:00:00Z,35.49544,-69.36022,0.5579,-0.0748
2005-07-14T21:00:00Z,35.49389,-69.33777,0.5746,-0.0349
2005-07-14T22:00:00Z,35.49263,-69.31786,0.4171,-0.0407
2005-07-14T23:00:00Z,35.49097,-69.3014,0.4163,-0.0406
2005-07-15T00:00:00Z,35.49066,-69.28613,0.3877,-0.0314
2005-07-15T01:00:00Z,35.48895,-69.27009,0.3873,-0.0349
2005-07-15T02:00:00Z,35.49243,-69.25531,0.3105,0.2563
2005-07-15T03:00:00Z,35.49983,-69.2423,0.2831,0.2897
2005-07-15T04:00:00Z,35.51078,-69.23271,0.2547,0.3178
2005-07-15T05:00:00Z,35.52118,-69.22252,0.254,0.3181
2005-07-15T06:00:00Z,35.53156,-69.21209,0.2205,0.3588
2005-07-15T07:00:00Z,35.54344,-69.20417,0.2226,0.3627
2005-07-15T08:00:00Z,35.55704,-69.19535,0.208,0.4559
2005-07-15T09:00:00Z,35.57183,-69.18767,0.1797,0.4937
2005-07-15T10:00:00Z,35.58879,-69.18217,0.0488,0.501
2005-07-15T11:00:00Z,35.6041,-69.18088,0.0494,0.4981
2005-07-15T12:00:00Z,35.62062,-69.17973,0.0054,0.5015
2005-07-15T13:00:00Z,35.6381,-69.17961,0.0053,0.5047
2005-07-15T14:00:00Z,35.6508,-69.18193,-0.1427,0.3342
2005-07-15T15:00:00Z,35.6615,-69.18885,-0.1405,0.3344
2005-07-15T16:00:00Z,35.67369,-69.19527,-0.1721,0.3765
2005-07-15T17:00:00Z,35.68476,-69.20018,-0.1715,0.3753
2005-07-15T18:00:00Z,35.69928,-69.20862,-0.2839,0.5157
2005-07-15T19:00:00Z,35.71611,-69.22218,-0.4309,0.5437
2005-07-15T20:00:00Z,35.73561,-69.24067,-0.4535,0.5642
2005-07-15T21:00:00Z,35.75044,-69.26197,-0.3221,0.5933
2005-07-15T22:00:00Z,35.77113,-69.27353,-0.3039,0.5091
2005-07-15T23:00:00Z,35.78786,-69.28604,-0.3035,0.4097
2005-07-16T00:00:00Z,35.80068,-69.29801,-0.3028,0.4045
2005-07-16T01:00:00Z,35.81411,-69.30944,-0.4425,0.3434
2005-07-16T02:00:00Z,35.82375,-69.32955,-0.4281,0.3362
2005-07-16T03:00:00Z,35.83439,-69.34805,-0.4161,0.3346
2005-07-16T04:00:00Z,35.84625,-69.36351,-0.4377,0.3355
2005-07-16T05:00:00Z,35.85495,-69.38248,-0.5146,0.1549
2005-07-16T06:00:00Z,35.85997,-69.40297,-0.553,0.0984
2005-07-16T07:00:00Z,35.86329,-69.42498,-0.5542,0.0954
2005-07-16T08:00:00Z,35.86622,-69.44753,-0.5692,0.093
2005-07-16T09:00:00Z,35.8687,-69.4714,-0.6206,0.0913
2005-07-16T10:00:00Z,35.87252,-69.49739,-0.6265,0.0971
2005-07-16T11:00:00Z,35.87869,-69.5446,-0.2919,0.0093
2005-07-16T12:00:00Z,35.87731,-69.55545,-0.299,0.0319
2005-07-16T13:00:00Z,35.87855,-69.56748,-0.3065,-0.0122
2005-07-16T14:00:00Z,35.87836,-69.57967,-0.3073,-0.0127
2005-07-16T15:00:00Z,35.87792,-69.59196,-0.3823,-0.0451
2005-07-16T16:00:00Z,35.87464,-69.6092,-0.3884,-0.0754
2005-07-16T17:00:00Z,35.86502,-69.62528,-0.1268,-0.2414
2005-07-16T18:00:00Z,35.85693,-69.63103,-0.1395,-0.3142
2005-07-16T19:00:00Z,35.84608,-69.64326,-0.3029,-0.3787
2005-07-16T20:00:00Z,35.8337,-69.65549,-0.2751,-0.3778
2005-07-16T21:00:00Z,35.82004,-69.66651,-0.376,-0.4674
2005-07-16T22:00:00Z,35.80448,-69.68348,-0.3896,-0.4715
2005-07-16T23:00:00Z,35.78884,-69.70556,-0.4419,-0.4741
2005-07-17T00:00:00Z,35.77336,-69.72552,-0.1409,-0.4626
2005-07-17T01:00:00Z,35.7597,-69.72777,-0.1981,-0.465
2005-07-17T02:00:00Z,35.74494,-69.73668,-0.1841,-0.4706
2005-07-17T03:00:00Z,35.72842,-69.74339,-0.1809,-0.5434
2005-07-17T04:00:00Z,35.71157,-69.74977,0.0893,-0.5679
2005-07-17T05:00:00Z,35.69218,-69.74378,0.0595,-0.567
2005-07-17T06:00:00Z,35.67301,-69.74048,0.1083,-0.5878
2005-07-17T07:00:00Z,35.65402,-69.73598,0.2036,-0.728
2005-07-17T08:00:00Z,35.62988,-69.72508,0.0096,-0.765
2005-07-17T09:00:00Z,35.60528,-69.72427,-0.019,-0.7404
2005-07-17T10:00:00Z,35.58056,-69.72628,-0.0266,-0.7416
2005-07-17T11:00:00Z,35.55712,-69.7248,0.0982,-0.6992
2005-07-17T12:00:00Z,35.53517,-69.71207,0.0882,-0.6904
2005-07-17T13:00:00Z,35.5158,-69.70214,0.2679,-0.6104
2005-07-17T14:00:00Z,35.49634,-69.69458,0.2433,-0.608
2005-07-17T15:00:00Z,35.47736,-69.68179,0.2778,-0.5702
2005-07-17T16:00:00Z,35.45931,-69.66917,0.2748,-0.5699
2005-07-17T17:00:00Z,35.44147,-69.65912,0.2456,-0.4915
2005-07-17T18:00:00Z,35.42608,-69.64881,0.2418,-0.4946
2005-07-17T19:00:00Z,35.41237,-69.6364,0.376,-0.3564
2005-07-17T20:00:00Z,35.40128,-69.62073,0.4606,-0.2906
2005-07-17T21:00:00Z,35.3915,-69.60264,0.4605,-0.2918
2005-07-17T22:00:00Z,35.37958,-69.58748,0.5131,-0.1931
2005-07-17T23:00:00Z,35.37359,-69.56461,0.4903,-0.1916
2005-07-18T00:00:00Z,35.36727,-69.54559,0.4805,-0.1624
2005-07-18T01:00:00Z,35.36231,-69.52623,0.4797,-0.1632
2005-07-18T02:00:00Z,35.35764,-69.50658,0.3857,-0.1549
2005-07-18T03:00:00Z,35.3515,-69.49319,0.4004,-0.1642
2005-07-18T04:00:00Z,35.34938,-69.47881,0.3447,0.086
2005-07-18T05:00:00Z,35.3528,-69.46377,0.3556,0.0885
2005-07-18T06:00:00Z,35.35742,-69.45458,0.2773,0.1414
2005-07-18T07:00:00Z,35.36171,-69.44365,0.1739,0.1823
2005-07-18T08:00:00Z,35.36803,-69.43701,0.175,0.1811
2005-07-18T09:00:00Z,35.37716,-69.4277,0.283,0.3623
2005-07-18T10:00:00Z,35.39361,-69.41597,0.2806,0.4085
2005-07-18T11:00:00Z,35.40145,-69.4053,0.2601,0.3018
2005-07-18T12:00:00Z,35.41115,-69.39476,0.2315,0.2949
2005-07-18T13:00:00Z,35.42111,-69.38564,0.2303,0.2961
2005-07-18T14:00:00Z,35.4308,-69.37611,0.2316,0.2968
2005-07-18T15:00:00Z,35.44016,-69.37665,-0.0422,0.2976
2005-07-18T16:00:00Z,35.45041,-69.37833,-0.0367,0.3111
2005-07-18T17:00:00Z,35.45997,-69.37987,-0.0029,0.3944
2005-07-18T18:00:00Z,35.47287,-69.37994,-0.003,0.398
2005-07-18T19:00:00Z,35.48823,-69.38544,-0.2007,0.4955
2005-07-18T20:00:00Z,35.50311,-69.39649,-0.3547,0.4451
2005-07-18T21:00:00Z,35.51687,-69.41146,-0.3891,0.4479
2005-07-18T22:00:00Z,35.53176,-69.42416,-0.2711,0.4943
2005-07-18T23:00:00Z,35.54851,-69.43109,-0.2811,0.4888
2005-07-19T00:00:00Z,35.56328,-69.44481,-0.2936,0.4744
2005-07-19T01:00:00Z,35.57897,-69.45746,-0.2853,0.4737
2005-07-19T02:00:00Z,35.59317,-69.46918,-0.3306,0.3643
2005-07-19T03:00:00Z,35.60493,-69.48074,-0.3253,0.3544
2005-07-19T04:00:00Z,35.61236,-69.49674,-0.3892,0.2524
2005-07-19T05:00:00Z,35.62,-69.51255,-0.3906,0.2536
2005-07-19T06:00:00Z,35.62699,-69.53003,-0.4345,0.2099
2005-07-19T07:00:00Z,35.63172,-69.55085,-0.6371,0.084
2005-07-19T08:00:00Z,35.63504,-69.57545,-0.639,0.0795
2005-07-19T09:00:00Z,35.63884,-69.59993,-0.5514,0.1225
2005-07-19T10:00:00Z,35.64706,-69.62208,-0.5,6.0E-4
2005-07-19T11:00:00Z,35.64475,-69.64305,-0.503,0.0306
2005-07-19T12:00:00Z,35.64449,-69.66377,-0.525,-0.045
2005-07-19T13:00:00Z,35.64537,-69.68333,-0.5163,-0.0228
2005-07-19T14:00:00Z,35.64581,-69.70286,-0.5279,-0.1442
2005-07-19T15:00:00Z,35.63924,-69.726,-0.5325,-0.1323
2005-07-19T16:00:00Z,35.6338,-69.74825,-0.5343,-0.1063
2005-07-19T17:00:00Z,35.62728,-69.76771,-0.2807,-0.2083
2005-07-19T18:00:00Z,35.62086,-69.77901,-0.4061,-0.2428
2005-07-19T19:00:00Z,35.61198,-69.79631,-0.4076,-0.2412
2005-07-19T20:00:00Z,35.60387,-69.80927,-0.1912,-0.3842
2005-07-19T21:00:00Z,35.59177,-69.81428,-0.1959,-0.3946
2005-07-19T22:00:00Z,35.5779,-69.82422,-0.239,-0.4727
2005-07-19T23:00:00Z,35.56256,-69.83284,-0.0674,-0.559
2005-07-20T00:00:00Z,35.54374,-69.83423,-0.0635,-0.561
2005-07-20T01:00:00Z,35.52551,-69.83497,-0.109,-0.5624
2005-07-20T02:00:00Z,35.50686,-69.84137,-0.0973,-0.5772
2005-07-20T03:00:00Z,35.48704,-69.84655,-0.1505,-0.5919
2005-07-20T04:00:00Z,35.46947,-69.85621,-0.1858,-0.5863
2005-07-20T05:00:00Z,35.45059,-69.85736,0.135,-0.6146
2005-07-20T06:00:00Z,35.42962,-69.85142,0.1186,-0.6032
2005-07-20T07:00:00Z,35.41182,-69.8445,0.233,-0.5172
2005-07-20T08:00:00Z,35.39499,-69.83519,0.2626,-0.5304
2005-07-20T09:00:00Z,35.3774,-69.82297,0.3481,-0.5676
2005-07-20T10:00:00Z,35.35891,-69.80916,0.3703,-0.5981
2005-07-20T11:00:00Z,35.33921,-69.79405,0.3711,-0.5997
2005-07-20T12:00:00Z,35.31997,-69.7794,0.3716,-0.5999
2005-07-20T13:00:00Z,35.30133,-69.76365,0.4371,-0.5889
2005-07-20T14:00:00Z,35.28307,-69.74473,0.4887,-0.437
2005-07-20T15:00:00Z,35.26912,-69.72744,0.484,-0.4374
2005-07-20T16:00:00Z,35.25503,-69.70481,0.568,-0.4024
2005-07-20T17:00:00Z,35.24242,-69.68277,0.5484,-0.3896
2005-07-20T18:00:00Z,35.22984,-69.66312,0.4095,-0.3269
2005-07-20T19:00:00Z,35.21991,-69.64786,0.4084,-0.3248
2005-07-20T20:00:00Z,35.21393,-69.63147,0.512,-0.0238
2005-07-20T21:00:00Z,35.21277,-69.61067,0.5975,-0.0455
2005-07-20T22:00:00Z,35.21175,-69.58427,0.6333,-0.0446
2005-07-20T23:00:00Z,35.21035,-69.57183,0.4705,-0.0513
2005-07-21T00:00:00Z,35.20609,-69.55492,0.4782,-0.0728
2005-07-21T01:00:00Z,35.23015,-69.53297,0.6127,0.0917
2005-07-21T02:00:00Z,35.23204,-69.50826,0.6126,0.101
2005-07-21T03:00:00Z,35.23494,-69.48517,0.5813,0.0737
2005-07-21T04:00:00Z,35.23925,-69.46237,0.5788,0.0851
2005-07-21T05:00:00Z,35.23983,-69.44276,0.5218,0.0641
2005-07-21T06:00:00Z,35.24125,-69.42181,0.52,0.0673
2005-07-21T07:00:00Z,35.24678,-69.41193,0.0248,0.2387
2005-07-21T08:00:00Z,35.2543,-69.40963,0.0363,0.2393
2005-07-21T09:00:00Z,35.26297,-69.41395,-0.0308,0.2611
2005-07-21T10:00:00Z,35.27257,-69.41233,-0.0061,0.3262
2005-07-21T11:00:00Z,35.28583,-69.41022,-0.0781,0.5309
2005-07-21T12:00:00Z,35.30444,-69.41395,-0.0742,0.5171
2005-07-21T13:00:00Z,35.32124,-69.41719,-0.0983,0.5504
2005-07-21T14:00:00Z,35.3385,-69.42084,-0.0983,0.5503
2005-07-21T15:00:00Z,35.35556,-69.42481,-0.1114,0.5282
2005-07-21T16:00:00Z,35.37432,-69.42974,-0.1134,0.5394
2005-07-21T17:00:00Z,35.38583,-69.43671,-0.1706,0.2816
2005-07-21T18:00:00Z,35.39338,-69.44365,-0.0169,0.4478
2005-07-21T19:00:00Z,35.40811,-69.44078,-0.0011,0.4568
2005-07-21T20:00:00Z,35.42381,-69.45175,-0.403,0.5034
2005-07-21T21:00:00Z,35.43886,-69.46717,-0.3615,-0.0572
2005-07-21T22:00:00Z,35.43401,-69.48383,-0.4182,0.0916
2005-07-21T23:00:00Z,35.43707,-69.49883,-0.4122,0.0962
2005-07-22T00:00:00Z,35.44013,-69.50886,-0.5292,0.1405
2005-07-22T01:00:00Z,35.44512,-69.53144,-0.5115,0.1397
2005-07-22T02:00:00Z,35.44958,-69.55174,-0.5143,0.1407
2005-07-22T03:00:00Z,35.45528,-69.57263,-0.5415,0.1885
2005-07-22T04:00:00Z,35.45967,-69.59499,-0.5709,0.1499
2005-07-22T05:00:00Z,35.4646,-69.61802,-0.5721,0.1498
2005-07-22T06:00:00Z,35.47465,-69.63987,-0.5659,-0.0895
2005-07-22T07:00:00Z,35.4708,-69.66185,-0.5041,-0.0039
2005-07-22T08:00:00Z,35.47093,-69.68214,-0.484,0.0264
2005-07-22T09:00:00Z,35.47099,-69.69914,-0.4407,-0.0197
2005-07-22T10:00:00Z,35.46879,-69.71586,-0.381,-0.1016
2005-07-22T11:00:00Z,35.46324,-69.72687,-0.2872,-0.21
2005-07-22T12:00:00Z,35.45798,-69.7348,-0.3192,-0.3015
2005-07-22T13:00:00Z,35.44692,-69.74986,-0.3018,-0.295
2005-07-22T14:00:00Z,35.4373,-69.76254,-0.2971,-0.2993
2005-07-22T15:00:00Z,35.42314,-69.77353,-0.2895,-0.4476
2005-07-22T16:00:00Z,35.40654,-69.78591,-0.2892,-0.4626
2005-07-22T17:00:00Z,35.39358,-69.79474,-0.2621,-0.4594
2005-07-22T18:00:00Z,35.37955,-69.81212,-0.3717,-0.3529
2005-07-22T19:00:00Z,35.36818,-69.82687,-0.3597,-0.3496
2005-07-22T20:00:00Z,35.35685,-69.83806,-0.1531,-0.3252
2005-07-22T21:00:00Z,35.34609,-69.84216,-0.0373,-0.3714
2005-07-22T22:00:00Z,35.33384,-69.84317,-0.0035,-0.3907
2005-07-22T23:00:00Z,35.32147,-69.8443,-0.0073,-0.3912
2005-07-23T00:00:00Z,35.30762,-69.83808,0.1985,-0.4266
2005-07-23T01:00:00Z,35.29439,-69.82968,0.1957,-0.4226
2005-07-23T02:00:00Z,35.27997,-69.82174,0.2089,-0.5276
2005-07-23T03:00:00Z,35.26169,-69.81403,0.2088,-0.5115
2005-07-23T04:00:00Z,35.24526,-69.80531,0.2205,-0.5294
2005-07-23T05:00:00Z,35.22831,-69.79635,0.221,-0.5288
2005-07-23T06:00:00Z,35.21111,-69.78752,0.2212,-0.5285
2005-07-23T07:00:00Z,35.19521,-69.77736,0.2447,-0.504
2005-07-23T08:00:00Z,35.18056,-69.76721,0.1756,-0.3377
2005-07-23T09:00:00Z,35.16883,-69.76038,0.1688,-0.3412
2005-07-23T10:00:00Z,35.16267,-69.75486,0.1703,-0.1293
2005-07-23T11:00:00Z,35.15776,-69.74675,0.1747,-0.1334
2005-07-23T12:00:00Z,35.1543,-69.73851,0.2134,-0.0885
2005-07-23T13:00:00Z,35.15381,-69.73651,0.1415,-0.0737
2005-07-23T14:00:00Z,35.14989,-69.70699,0.6416,0.0691
2005-07-23T15:00:00Z,35.15402,-69.68208,0.6453,0.0401
2005-07-23T16:00:00Z,35.15589,-69.6604,0.365,0.0906
2005-07-23T17:00:00Z,35.15782,-69.64619,0.3612,0.0872
2005-07-23T18:00:00Z,35.16266,-69.6285,0.5547,0.1606
2005-07-23T19:00:00Z,35.16731,-69.60579,0.2844,0.0937
2005-07-23T20:00:00Z,35.16994,-69.59532,0.2497,0.0709
2005-07-23T21:00:00Z,35.17336,-69.58621,0.2037,0.1419
2005-07-23T22:00:00Z,35.18002,-69.58101,0.0964,0.2399
2005-07-23T23:00:00Z,35.18711,-69.5768,0.0358,0.3597
2005-07-24T00:00:00Z,35.19951,-69.57652,0.038,0.3699
2005-07-24T01:00:00Z,35.21058,-69.57603,0.0407,0.3727
2005-07-24T02:00:00Z,35.22545,-69.57332,0.0632,0.4919
2005-07-24T03:00:00Z,35.24155,-69.5708,0.0803,0.5424
2005-07-24T04:00:00Z,35.25978,-69.56701,0.0844,0.5454
2005-07-24T05:00:00Z,35.27689,-69.56244,-0.0841,0.5203
2005-07-24T06:00:00Z,35.2936,-69.56483,-0.1236,0.5182
2005-07-24T07:00:00Z,35.30906,-69.57144,-0.1599,0.4624
2005-07-24T08:00:00Z,35.32278,-69.57602,-0.0583,0.3948
2005-07-24T09:00:00Z,35.33571,-69.58073,-0.1107,0.404
2005-07-24T10:00:00Z,35.34891,-69.58066,-0.3477,0.4213
2005-07-24T11:00:00Z,35.36261,-69.5944,-0.3505,0.4215
2005-07-24T12:00:00Z,35.37658,-69.60898,-0.3745,0.4336
2005-07-24T13:00:00Z,35.38962,-69.62461,-0.4176,0.3817
2005-07-24T14:00:00Z,35.40102,-69.64099,-0.4189,0.2758
2005-07-24T15:00:00Z,35.40988,-69.65863,-0.4177,0.2739
2005-07-24T16:00:00Z,35.4182,-69.67425,-0.3864,0.2314
2005-07-24T17:00:00Z,35.42556,-69.68951,-0.4188,0.2092
2005-07-24T18:00:00Z,35.43311,-69.71195,-0.5959,0.2438
2005-07-24T19:00:00Z,35.44267,-69.73082,-0.488,0.3142
2005-07-24T20:00:00Z,35.45127,-69.75028,-0.4046,0.2703
2005-07-24T21:00:00Z,35.45677,-69.76591,-0.3827,0.0992
2005-07-24T22:00:00Z,35.46043,-69.78048,-0.3782,0.1005
2005-07-24T23:00:00Z,35.4623,-69.79838,-0.4556,0.0582
2005-07-25T00:00:00Z,35.4641,-69.81896,-0.4607,0.0537
2005-07-25T01:00:00Z,35.45901,-69.83573,-0.4198,-0.0691
2005-07-25T02:00:00Z,35.45693,-69.85407,-0.4183,-0.0659
2005-07-25T03:00:00Z,35.45372,-69.88515,-0.143,-0.07
2005-07-25T04:00:00Z,35.45364,-69.8879,-0.1987,-0.0562
2005-07-25T05:00:00Z,35.44662,-69.89722,-0.2547,-0.2774
2005-07-25T06:00:00Z,35.43744,-69.90675,-0.2947,-0.3287
2005-07-25T07:00:00Z,35.42639,-69.92148,-0.3018,-0.3318
2005-07-25T08:00:00Z,35.41313,-69.93354,-0.3621,-0.4291
2005-07-25T09:00:00Z,35.40023,-69.94965,-0.4567,-0.351
2005-07-25T10:00:00Z,35.39097,-69.96654,-0.4107,-0.2979
2005-07-25T11:00:00Z,35.38194,-69.98329,-0.2161,-0.345
2005-07-25T12:00:00Z,35.37062,-69.99145,-0.2191,-0.3459
2005-07-25T13:00:00Z,35.35827,-69.99951,-0.1918,-0.4032
2005-07-25T14:00:00Z,35.34551,-70.0076,-0.195,-0.4023
2005-07-25T15:00:00Z,35.33345,-70.01477,0.0506,-0.4959
2005-07-25T16:00:00Z,35.3162,-70.00692,-0.0742,-0.4705
2005-07-25T17:00:00Z,35.30036,-70.0095,0.0575,-0.5164
2005-07-25T18:00:00Z,35.28378,-70.00407,0.1298,-0.5127
2005-07-25T19:00:00Z,35.26622,-69.99927,0.0653,-0.5816
2005-07-25T20:00:00Z,35.24678,-69.99818,0.0579,-0.5798
2005-07-25T21:00:00Z,35.22994,-69.99411,0.0817,-0.5278
2005-07-25T22:00:00Z,35.21277,-69.98893,0.0931,-0.5268
2005-07-25T23:00:00Z,35.1988,-69.98697,0.0915,-0.4635
2005-07-26T00:00:00Z,35.1843,-69.98489,0.2093,-0.4286
2005-07-26T01:00:00Z,35.17179,-69.9762,0.1941,-0.4292
2005-07-26T02:00:00Z,35.15582,-69.96788,0.1832,-0.4136
2005-07-26T03:00:00Z,35.14451,-69.96049,0.1913,-0.3021
2005-07-26T04:00:00Z,35.13444,-69.95384,0.3247,-0.234
2005-07-26T05:00:00Z,35.12789,-69.94018,0.3175,-0.2395
2005-07-26T06:00:00Z,35.1199,-69.92688,0.3698,-0.2414
2005-07-26T07:00:00Z,35.11207,-69.91217,0.3966,-0.2369
2005-07-26T08:00:00Z,35.1056,-69.89696,0.3546,-0.1674
2005-07-26T09:00:00Z,35.1004,-69.88643,0.199,-0.1683
2005-07-26T10:00:00Z,35.09333,-69.87809,0.225,-0.1848
2005-07-26T11:00:00Z,35.08782,-69.86856,0.2652,-0.1
2005-07-26T12:00:00Z,35.08385,-69.85643,0.137,-0.0502
2005-07-26T13:00:00Z,35.08424,-69.85195,0.1441,-0.0052
2005-07-26T14:00:00Z,35.08385,-69.84759,0.1547,-0.0042
2005-07-26T15:00:00Z,35.08608,-69.84168,0.1319,0.0687
2005-07-26T16:00:00Z,35.08963,-69.83496,0.1351,0.0622
2005-07-26T17:00:00Z,35.09175,-69.83121,0.1385,0.1039
2005-07-26T18:00:00Z,35.0966,-69.82362,0.1745,0.1406
2005-07-26T19:00:00Z,35.10446,-69.81588,0.1255,0.2296
2005-07-26T20:00:00Z,35.11143,-69.81115,0.1136,0.252
2005-07-26T21:00:00Z,35.11968,-69.80622,0.1126,0.2542
2005-07-26T22:00:00Z,35.12826,-69.80231,0.0898,0.2933
2005-07-26T23:00:00Z,35.13819,-69.79847,0.089,0.2938
2005-07-27T00:00:00Z,35.14787,-69.79555,0.0661,0.3093
2005-07-27T01:00:00Z,35.1577,-69.79337,0.0667,0.3095
2005-07-27T02:00:00Z,35.16764,-69.7911,0.0564,0.3274
2005-07-27T03:00:00Z,35.17851,-69.78796,0.0596,0.3291
2005-07-27T04:00:00Z,35.18988,-69.78763,-0.0093,0.3589
2005-07-27T05:00:00Z,35.20177,-69.78905,-0.0192,0.3603
2005-07-27T06:00:00Z,35.2121,-69.79204,-0.0754,0.3348
2005-07-27T07:00:00Z,35.22004,-69.79712,-0.2431,0.228
2005-07-27T08:00:00Z,35.22886,-69.80836,-0.3009,0.2926
2005-07-27T09:00:00Z,35.24077,-69.81813,-0.1963,0.4087
2005-07-27T10:00:00Z,35.25312,-69.82295,-0.2305,0.4442
2005-07-27T11:00:00Z,35.26769,-69.83346,-0.2266,0.4477
2005-07-27T12:00:00Z,35.28138,-69.84086,-0.1454,0.4327
2005-07-27T13:00:00Z,35.30949,-69.84282,-0.1178,0.6285
2005-07-27T14:00:00Z,35.3037,-69.84827,-0.3551,0.307
2005-07-27T15:00:00Z,35.31368,-69.86164,-0.3609,0.1294
2005-07-27T16:00:00Z,35.31777,-69.87618,-0.3215,0.147
2005-07-27T17:00:00Z,35.32183,-69.88367,-0.1976,0.1067
2005-07-27T18:00:00Z,35.32578,-69.89213,-0.2858,0.1496
2005-07-27T19:00:00Z,35.3307,-69.90905,-0.4449,0.1266
2005-07-27T20:00:00Z,35.33454,-69.92655,-0.4504,0.0775
2005-07-27T21:00:00Z,35.3366,-69.94511,-0.4528,0.0756
2005-07-27T22:00:00Z,35.33933,-69.96271,-0.4548,0.0755
2005-07-27T23:00:00Z,35.34163,-69.98059,-0.3966,0.0851
2005-07-28T00:00:00Z,35.34443,-69.99629,-0.3957,0.085
2005-07-28T01:00:00Z,35.34733,-70.01289,-0.397,0.0848
2005-07-28T02:00:00Z,35.34949,-70.02704,-0.3509,0.0661
2005-07-28T03:00:00Z,35.35194,-70.04064,-0.3479,0.0658
2005-07-28T04:00:00Z,35.34579,-70.05015,-0.2389,-0.1956
2005-07-28T05:00:00Z,35.34022,-70.06007,-0.2383,-0.1959
2005-07-28T06:00:00Z,35.33148,-70.06743,-0.1837,-0.4178
2005-07-28T07:00:00Z,35.31695,-70.06961,-0.0018,-0.4859
2005-07-28T08:00:00Z,35.30141,-70.06818,0.0013,-0.488
2005-07-28T09:00:00Z,35.27934,-70.07649,-0.2331,-0.758
2005-07-28T10:00:00Z,35.25538,-70.0788,0.0119,-0.7366
2005-07-28T11:00:00Z,35.2304,-70.06568,0.1287,-0.7393
2005-07-28T12:00:00Z,35.21115,-70.07418,-0.3226,-0.5828
2005-07-28T13:00:00Z,35.19348,-70.08665,-0.3519,-0.5067
2005-07-28T14:00:00Z,35.17637,-70.10381,-0.3159,-0.4995
2005-07-28T15:00:00Z,35.16234,-70.11504,-0.3103,-0.4912
2005-07-28T16:00:00Z,35.14682,-70.10613,0.4657,-0.4882
2005-07-28T17:00:00Z,35.12708,-70.08394,0.246,-0.4929
2005-07-28T18:00:00Z,35.1174,-70.07552,0.1652,-0.3492
2005-07-28T19:00:00Z,35.10457,-70.06965,0.1374,-0.4381
2005-07-28T20:00:00Z,35.09196,-70.06143,0.2371,-0.3712
2005-07-28T21:00:00Z,35.08569,-70.04384,0.2395,-0.2205
2005-07-28T22:00:00Z,35.07831,-70.03544,0.2455,-0.2291
2005-07-28T23:00:00Z,35.07108,-70.02475,0.2642,-0.2463
2005-07-29T00:00:00Z,35.05672,-70.01362,0.2722,-0.3221
2005-07-29T01:00:00Z,35.06651,-69.99863,0.3254,-0.1207
2005-07-29T02:00:00Z,35.05947,-69.99021,0.2449,-0.2031
2005-07-29T03:00:00Z,35.05232,-69.98101,0.2466,-0.1981
2005-07-29T04:00:00Z,35.04403,-69.97144,0.2474,-0.1199
2005-07-29T05:00:00Z,35.04055,-69.96262,0.2049,-0.1785
2005-07-29T06:00:00Z,35.04524,-69.95368,0.2398,0.0738
2005-07-29T07:00:00Z,35.0464,-69.94169,0.3662,0.0371
2005-07-29T08:00:00Z,35.04809,-69.93565,0.1044,0.1353
2005-07-29T09:00:00Z,35.05371,-69.93545,-0.0533,0.2006
2005-07-29T10:00:00Z,35.05878,-69.9274,0.1666,0.2156
2005-07-29T11:00:00Z,35.06524,-69.9202,0.0721,0.3069
2005-07-29T12:00:00Z,35.07517,-69.92708,0.1277,0.3082
2005-07-29T13:00:00Z,35.08537,-69.92302,0.1552,0.33
2005-07-29T14:00:00Z,35.09614,-69.91184,0.0856,0.3304
2005-07-29T15:00:00Z,35.10656,-69.90851,0.1577,0.3458
2005-07-29T16:00:00Z,35.11936,-69.90508,0.1192,0.3806
2005-07-29T17:00:00Z,35.132,-69.90157,0.0769,0.4057
2005-07-29T18:00:00Z,35.14307,-69.90019,0.0222,0.2593
2005-07-29T19:00:00Z,35.15218,-69.90054,-0.044,0.2687
2005-07-29T20:00:00Z,35.16356,-69.90808,-0.4142,0.3729
2005-07-29T21:00:00Z,35.1731,-69.9238,-0.3893,0.2498
2005-07-29T22:00:00Z,35.17771,-69.94148,-0.4158,0.208
2005-07-29T23:00:00Z,35.19119,-69.94898,-0.3052,0.308
2005-07-30T00:00:00Z,35.20277,-69.95979,-0.4591,0.4945
2005-07-30T01:00:00Z,35.21868,-69.97745,-0.4767,0.6365
2005-07-30T02:00:00Z,35.23953,-69.99736,-0.4767,0.6358
2005-07-30T03:00:00Z,35.25963,-70.0054,-0.0929,0.6366
2005-07-30T04:00:00Z,35.2805,-70.00875,-0.1108,0.4924
2005-07-30T05:00:00Z,35.2928,-70.01455,-0.1261,0.5143
2005-07-30T06:00:00Z,35.3073,-70.02272,-0.1906,0.3828
2005-07-30T07:00:00Z,35.31653,-70.03433,-0.4472,0.2494
2005-07-30T08:00:00Z,35.32399,-70.0524,-0.461,0.2079
2005-07-30T09:00:00Z,35.33022,-70.06952,-0.3893,0.1766
2005-07-30T10:00:00Z,35.33604,-70.08492,-0.3971,0.1704
2005-07-30T11:00:00Z,35.34148,-70.10068,-0.4559,0.1359
2005-07-30T12:00:00Z,35.34516,-70.11856,-0.4601,0.1426
2005-07-30T13:00:00Z,35.34896,-70.13654,-0.4598,0.0953
2005-07-30T14:00:00Z,35.35375,-70.1553,-0.46,0.1095
2005-07-30T15:00:00Z,35.35604,-70.17419,-0.4635,-0.0549
2005-07-30T16:00:00Z,35.35388,-70.19006,-0.4472,-0.0522
2005-07-30T17:00:00Z,35.35237,-70.2135,-0.6369,-0.0557
2005-07-30T18:00:00Z,35.35385,-70.23927,-0.6567,0.0583
2005-07-30T19:00:00Z,35.35769,-70.23347,-0.0903,0.1272
2005-07-30T20:00:00Z,35.35578,-70.27061,-0.3737,-0.1766
2005-07-30T21:00:00Z,35.34954,-70.28502,-0.3342,-0.1377
2005-07-30T22:00:00Z,35.34508,-70.29856,-0.2504,-0.1471
2005-07-30T23:00:00Z,35.34062,-70.30886,-0.2474,-0.1451
2005-07-31T00:00:00Z,35.33106,-70.31891,-0.2363,-0.3903
2005-07-31T01:00:00Z,35.31828,-70.32736,-0.2349,-0.3901
2005-07-31T02:00:00Z,35.30596,-70.33543,-0.2315,-0.4412
2005-07-31T03:00:00Z,35.29155,-70.34685,-0.2338,-0.446
2005-07-31T04:00:00Z,35.27586,-70.35671,-0.2071,-0.5293
2005-07-31T05:00:00Z,35.2581,-70.36393,-0.2109,-0.5284
2005-07-31T06:00:00Z,35.2409,-70.37181,-0.2135,-0.5289
2005-07-31T07:00:00Z,35.22192,-70.37889,-0.1692,-0.6005
2005-07-31T08:00:00Z,35.20048,-70.37884,-0.0398,-0.6673
2005-07-31T09:00:00Z,35.18223,-70.38479,-0.2407,-0.5177
2005-07-31T10:00:00Z,35.16735,-70.39801,-0.3031,-0.4686
2005-07-31T11:00:00Z,35.15131,-70.39765,0.0471,-0.4746
2005-07-31T12:00:00Z,35.13611,-70.39588,0.0937,-0.449
2005-07-31T13:00:00Z,35.12184,-70.3916,0.0976,-0.4482
2005-07-31T14:00:00Z,35.10684,-70.38809,0.0976,-0.446
2005-07-31T15:00:00Z,35.09382,-70.37473,0.416,-0.4063
2005-07-31T16:00:00Z,35.0805,-70.35814,0.4543,-0.4187
2005-07-31T17:00:00Z,35.06415,-70.34061,0.3741,-0.5326
2005-07-31T18:00:00Z,35.04694,-70.33336,0.2893,-0.5285
2005-07-31T19:00:00Z,35.03,-70.32151,0.388,-0.5748
2005-07-31T20:00:00Z,35.01097,-70.30281,0.2532,-0.6193
2005-07-31T21:00:00Z,34.99129,-70.29322,0.2216,-0.5844
2005-07-31T22:00:00Z,34.97345,-70.28448,0.2181,-0.5167
2005-07-31T23:00:00Z,34.95646,-70.27738,0.2245,-0.5171
2005-08-01T00:00:00Z,34.94993,-70.26686,0.2307,-0.2063
2005-08-01T01:00:00Z,34.94297,-70.2576,0.2312,-0.2017
2005-08-01T02:00:00Z,34.93728,-70.24759,0.2872,-0.1415
2005-08-01T03:00:00Z,34.93346,-70.23658,0.2869,-0.1326
2005-08-01T04:00:00Z,34.9365,-70.22019,0.3923,0.0876
2005-08-01T05:00:00Z,34.93982,-70.20417,0.3918,0.0831
2005-08-01T06:00:00Z,34.94222,-70.18924,0.3978,0.0907
2005-08-01T07:00:00Z,34.94698,-70.1704,0.5148,0.1607
2005-08-01T08:00:00Z,34.95369,-70.14971,0.5261,0.1955
2005-08-01T09:00:00Z,34.95457,-70.12934,0.5224,0.0465
2005-08-01T10:00:00Z,34.95332,-70.10451,0.3074,0.0875
2005-08-01T11:00:00Z,34.95627,-70.09217,0.2828,0.0952
2005-08-01T12:00:00Z,34.96155,-70.0844,0.1528,0.208
2005-08-01T13:00:00Z,34.96793,-70.0787,0.0781,0.2587
2005-08-01T14:00:00Z,34.97721,-70.07725,0.0802,0.2608
2005-08-01T15:00:00Z,34.98572,-70.07465,0.0807,0.2614
2005-08-01T16:00:00Z,34.99345,-70.07217,0.0815,0.2621
2005-08-01T17:00:00Z,35.00518,-70.06932,0.0393,0.3549
2005-08-01T18:00:00Z,35.021,-70.07637,-0.0752,0.5793
2005-08-01T19:00:00Z,35.04016,-70.07611,0.0923,0.6525
2005-08-01T20:00:00Z,35.06065,-70.081,-0.1208,0.6282
2005-08-01T21:00:00Z,35.08062,-70.08817,-0.0778,0.6967
2005-08-01T22:00:00Z,35.10452,-70.08635,0.0105,0.7
2005-08-01T23:00:00Z,35.12723,-70.08791,-0.1171,0.6744
2005-08-02T00:00:00Z,35.1481,-70.09545,-0.1033,0.6749
2005-08-02T01:00:00Z,35.16922,-70.10206,-0.089,0.676
2005-08-02T02:00:00Z,35.19132,-70.10379,-0.1233,0.6571
2005-08-02T03:00:00Z,35.21266,-70.10819,-0.3633,0.5692
2005-08-02T04:00:00Z,35.23076,-70.13267,-0.2649,0.5601
2005-08-02T05:00:00Z,35.24884,-70.13902,-0.3625,0.5248
2005-08-02T06:00:00Z,35.26496,-70.15203,-0.375,0.5304
2005-08-02T07:00:00Z,35.28322,-70.16774,-0.3527,0.5452
2005-08-02T08:00:00Z,35.29961,-70.18008,-0.2592,0.4376
2005-08-02T09:00:00Z,35.3137,-70.19062,-0.2711,0.4312
2005-08-02T10:00:00Z,35.3277,-70.20117,-0.2699,0.4316
2005-08-02T11:00:00Z,35.34118,-70.21188,-0.4812,0.4102
2005-08-02T12:00:00Z,35.35519,-70.23687,-0.427,0.4155
2005-08-02T13:00:00Z,35.3672,-70.25367,-0.4125,0.2797
2005-08-02T14:00:00Z,35.376,-70.2697,-0.4133,0.2764
2005-08-02T15:00:00Z,35.386,-70.28669,-0.4069,0.2704
2005-08-02T16:00:00Z,35.39224,-70.30293,-0.4065,0.2196
2005-08-02T17:00:00Z,35.39899,-70.32,-0.6523,0.1904
2005-08-02T18:00:00Z,35.40555,-70.34614,-0.5872,0.2046
2005-08-02T19:00:00Z,35.41097,-70.36388,-0.3794,0.1527
2005-08-02T20:00:00Z,35.4158,-70.3791,-0.363,0.1477
2005-08-02T21:00:00Z,35.41893,-70.4001,-0.4223,-0.0071
2005-08-02T22:00:00Z,35.4184,-70.41646,-0.4238,-0.0074
2005-08-02T23:00:00Z,35.41843,-70.43362,-0.4199,-0.0093
2005-08-03T00:00:00Z,35.41783,-70.45022,-0.3405,-0.2848
2005-08-03T01:00:00Z,35.40681,-70.45687,-0.4358,-0.2732
2005-08-03T02:00:00Z,35.39934,-70.47561,-0.4184,-0.2747
2005-08-03T03:00:00Z,35.38978,-70.49179,-0.4349,-0.2917
2005-08-03T04:00:00Z,35.38015,-70.50942,-0.4334,-0.2932
2005-08-03T05:00:00Z,35.36957,-70.52388,-0.3698,-0.3335
2005-08-03T06:00:00Z,35.35909,-70.53969,-0.3227,-0.346
2005-08-03T07:00:00Z,35.34666,-70.54909,-0.1457,-0.4646
2005-08-03T08:00:00Z,35.33159,-70.55397,-0.1366,-0.4756
2005-08-03T09:00:00Z,35.31432,-70.56297,-0.2669,-0.5442
2005-08-03T10:00:00Z,35.29585,-70.57439,-0.3004,-0.6488
2005-08-03T11:00:00Z,35.27499,-70.58318,-0.1303,-0.7288
2005-08-03T12:00:00Z,35.25109,-70.57729,-0.2017,-0.7255
2005-08-03T13:00:00Z,35.22752,-70.58468,-0.0841,-0.7243
2005-08-03T14:00:00Z,35.20455,-70.59871,-0.1304,-0.7231
2005-08-03T15:00:00Z,35.18115,-70.60357,-0.0249,-0.7772
2005-08-03T16:00:00Z,35.15516,-70.59674,-0.1233,-0.7725
2005-08-03T17:00:00Z,35.13035,-70.60506,-0.0397,-0.7781
2005-08-03T18:00:00Z,35.10685,-70.60617,-0.0287,-0.6931
2005-08-03T19:00:00Z,35.08617,-70.60387,0.0596,-0.6315
2005-08-03T20:00:00Z,35.06536,-70.6009,0.1202,-0.6483
2005-08-03T21:00:00Z,35.04367,-70.59124,0.2158,-0.6776
2005-08-03T22:00:00Z,35.02186,-70.58129,0.251,-0.6792
2005-08-03T23:00:00Z,34.99971,-70.57483,0.2192,-0.6791
2005-08-04T00:00:00Z,34.97817,-70.56247,0.3908,-0.657
2005-08-04T01:00:00Z,34.95686,-70.53987,0.3535,-0.6565
2005-08-04T02:00:00Z,34.93503,-70.52321,0.3556,-0.6564
2005-08-04T03:00:00Z,34.91591,-70.51292,0.3139,-0.6048
2005-08-04T04:00:00Z,34.89691,-70.5014,0.3585,-0.5447
2005-08-04T05:00:00Z,34.87944,-70.4864,0.3618,-0.5422
2005-08-04T06:00:00Z,34.86203,-70.47185,0.5382,-0.4584
2005-08-04T07:00:00Z,34.84856,-70.45064,0.5376,-0.3978
2005-08-04T08:00:00Z,34.83613,-70.43152,0.3536,-0.3529
2005-08-04T09:00:00Z,34.82554,-70.41723,0.3447,-0.2904
2005-08-04T10:00:00Z,34.81554,-70.40452,0.3439,-0.2898
2005-08-04T11:00:00Z,34.80832,-70.39075,0.3341,-0.215
2005-08-04T12:00:00Z,34.80189,-70.37507,0.2923,-0.0948
2005-08-04T13:00:00Z,34.79951,-70.36522,0.302,-0.0948
2005-08-04T14:00:00Z,34.79627,-70.3542,0.3092,-0.0909
2005-08-04T15:00:00Z,34.7973,-70.34102,0.3375,0.1267
2005-08-04T16:00:00Z,34.80109,-70.3277,0.3411,0.1326
2005-08-04T17:00:00Z,34.80752,-70.31348,0.3558,0.176
2005-08-04T18:00:00Z,34.81345,-70.29904,0.4328,0.1861
2005-08-04T19:00:00Z,34.82049,-70.28026,0.2949,0.2608
2005-08-04T20:00:00Z,34.82898,-70.26871,0.2229,0.3016
2005-08-04T21:00:00Z,34.83825,-70.26083,0.2255,0.3038
2005-08-04T22:00:00Z,34.84853,-70.25196,0.2228,0.3378
2005-08-04T23:00:00Z,34.86036,-70.24175,0.2297,0.335
2005-08-05T00:00:00Z,34.87183,-70.2411,0.0054,0.365
2005-08-05T01:00:00Z,34.88212,-70.24155,0.0107,0.3533
2005-08-05T02:00:00Z,34.89359,-70.24156,-0.0112,0.5171
2005-08-05T03:00:00Z,34.91011,-70.24078,-0.0041,0.5237
2005-08-05T04:00:00Z,34.92947,-70.24531,-0.1511,0.6078
2005-08-05T05:00:00Z,34.94989,-70.25231,-0.1414,0.6142
2005-08-05T06:00:00Z,34.97131,-70.25847,-0.1757,0.6681
2005-08-05T07:00:00Z,34.99367,-70.26529,-0.1744,0.6695
2005-08-05T08:00:00Z,35.01629,-70.27349,-0.2316,0.5996
2005-08-05T09:00:00Z,35.03732,-70.28744,-0.3142,0.7196
2005-08-05T10:00:00Z,35.06575,-70.27836,-0.2564,0.8518
2005-08-05T11:00:00Z,35.0921,-70.28921,-0.2417,0.8561
2005-08-05T12:00:00Z,35.11792,-70.29862,-0.2542,0.774
2005-08-05T13:00:00Z,35.14942,-70.30891,-0.2548,0.8583
2005-08-05T14:00:00Z,35.16168,-70.2939,-0.0029,0.7037
2005-08-05T15:00:00Z,35.19062,-70.31508,-0.5143,0.8553
2005-08-05T16:00:00Z,35.21912,-70.35008,-0.3479,0.8451
2005-08-05T17:00:00Z,35.24756,-70.37346,-0.3906,0.7961
2005-08-05T18:00:00Z,35.27435,-70.37588,-0.093,0.933
2005-08-05T19:00:00Z,35.30594,-70.3842,-0.3665,1.0143
2005-08-05T20:00:00Z,35.33708,-70.39931,-0.3921,0.9697
2005-08-05T21:00:00Z,35.37435,-70.42488,-0.5182,1.0495
2005-08-05T22:00:00Z,35.3996,-70.43066,-0.3946,0.8919
2005-08-05T23:00:00Z,35.4289,-70.44473,-0.4492,0.889
2005-08-06T00:00:00Z,35.45783,-70.46548,-0.459,0.8893
2005-08-06T01:00:00Z,35.48623,-70.48756,-0.3771,0.8931
2005-08-06T02:00:00Z,35.5156,-70.5022,-0.3975,0.9097
2005-08-06T03:00:00Z,35.54592,-70.51458,-0.3454,0.9133
2005-08-06T04:00:00Z,35.5746,-70.52798,-0.3249,0.9091
2005-08-06T05:00:00Z,35.60415,-70.53881,-0.2856,0.913
2005-08-06T06:00:00Z,35.6343,-70.54992,-0.281,0.9453
2005-08-06T07:00:00Z,35.66481,-70.56037,-0.2669,0.9338
2005-08-06T08:00:00Z,35.69428,-70.56599,-0.1723,0.9177
2005-08-06T09:00:00Z,35.72131,-70.57945,-0.3059,0.829
2005-08-06T10:00:00Z,35.74843,-70.58893,-0.1572,0.7611
2005-08-06T11:00:00Z,35.77346,-70.5798,-0.3573,0.7269
2005-08-06T12:00:00Z,35.79733,-70.6016,-0.1559,0.7265
2005-08-06T13:00:00Z,35.82107,-70.60843,-0.236,0.7348
2005-08-06T14:00:00Z,35.84469,-70.61706,-0.2368,0.7348
2005-08-06T15:00:00Z,35.86812,-70.62439,-0.2475,0.7351
2005-08-06T16:00:00Z,35.89174,-70.63706,-0.2641,0.7279
2005-08-06T17:00:00Z,35.91611,-70.64737,-0.3824,0.722
2005-08-06T18:00:00Z,35.93871,-70.66027,0.1603,0.732
2005-08-06T19:00:00Z,35.96255,-70.65366,0.1064,0.7225
2005-08-06T20:00:00Z,35.98627,-70.65847,-0.1743,0.7233
2005-08-06T21:00:00Z,36.01239,-70.67097,0.0677,0.7882
2005-08-06T22:00:00Z,36.03432,-70.67123,0.0413,0.6897
2005-08-06T23:00:00Z,36.05653,-70.6695,0.0397,0.6897
2005-08-07T00:00:00Z,36.08054,-70.66548,-0.0378,0.5939
2005-08-07T01:00:00Z,36.09835,-70.66877,-0.05,0.4326
2005-08-07T02:00:00Z,36.1117,-70.67175,-0.0567,0.4329
2005-08-07T03:00:00Z,36.12517,-70.67723,0.0432,0.4014
2005-08-07T04:00:00Z,36.13876,-70.6724,-0.016,0.4006
2005-08-07T05:00:00Z,36.15078,-70.67403,-0.0426,0.3808
2005-08-07T06:00:00Z,36.16315,-70.67754,-0.1032,0.3608
2005-08-07T07:00:00Z,36.17272,-70.68401,-0.1619,0.3275
2005-08-07T08:00:00Z,36.18404,-70.69429,-0.3091,0.3573
2005-08-07T09:00:00Z,36.1955,-70.70797,-0.068,0.3313
2005-08-07T10:00:00Z,36.20629,-70.71016,-0.0235,0.3331
2005-08-07T11:00:00Z,36.21665,-70.70832,0.0409,0.3165
2005-08-07T12:00:00Z,36.22788,-70.72075,-0.1164,0.3273
2005-08-07T13:00:00Z,36.23373,-70.72119,-0.0228,0.2097
2005-08-07T14:00:00Z,36.239,-70.71716,-0.053,0.2179
2005-08-07T15:00:00Z,36.24582,-70.70066,-0.1747,0.2065
2005-08-07T16:00:00Z,36.25358,-70.72132,0.0121,0.1998
2005-08-07T17:00:00Z,36.26013,-70.72092,0.1856,0.2247
2005-08-07T18:00:00Z,36.26716,-70.7136,0.1938,0.2097
2005-08-07T19:00:00Z,36.27373,-70.70739,0.1514,0.2008
2005-08-07T20:00:00Z,36.28,-70.70125,0.1132,0.1894
2005-08-07T21:00:00Z,36.28483,-70.69672,0.0634,0.0981
2005-08-07T22:00:00Z,36.28624,-70.69467,0.0503,0.1077
2005-08-07T23:00:00Z,36.29092,-70.69217,0.0508,0.1098
2005-08-08T00:00:00Z,36.29641,-70.69259,-0.1218,0.1858
2005-08-08T01:00:00Z,36.30135,-70.69695,-0.1349,0.2752
2005-08-08T02:00:00Z,36.31062,-70.70384,-0.138,0.2705
2005-08-08T03:00:00Z,36.32006,-70.70214,0.0947,0.3306
2005-08-08T04:00:00Z,36.33059,-70.69803,0.0969,0.5908
2005-08-08T05:00:00Z,36.35073,-70.69513,0.0881,0.6243
2005-08-08T06:00:00Z,36.37527,-70.68863,0.3576,-0.2786
2005-08-08T07:00:00Z,36.35611,-70.66826,0.1,0.2694
2005-08-08T08:00:00Z,36.36459,-70.66277,0.1844,0.26
2005-08-08T09:00:00Z,36.37215,-70.65239,0.291,0.2059
2005-08-08T10:00:00Z,36.37891,-70.64116,0.268,0.2181
2005-08-08T11:00:00Z,36.38849,-70.63078,0.2561,0.315
2005-08-08T12:00:00Z,36.3983,-70.62239,0.2546,0.3505
2005-08-08T13:00:00Z,36.40991,-70.61007,0.2656,0.3522
2005-08-08T14:00:00Z,36.42111,-70.59842,0.2674,0.3521
2005-08-08T15:00:00Z,36.43266,-70.59041,0.1096,0.3689
2005-08-08T16:00:00Z,36.44593,-70.58626,0.1054,0.3768
2005-08-08T17:00:00Z,36.46094,-70.57911,0.3184,0.6738
2005-08-08T18:00:00Z,36.48079,-70.56417,0.4046,0.465
2005-08-08T19:00:00Z,36.49513,-70.54761,0.4052,0.4675
2005-08-08T20:00:00Z,36.50976,-70.49626,0.0565,0.5398
2005-08-08T21:00:00Z,36.52764,-70.51212,0.6624,0.5499
2005-08-08T22:00:00Z,36.54563,-70.48358,0.5245,0.5231
2005-08-08T23:00:00Z,36.56173,-70.46151,0.516,0.5256
2005-08-09T00:00:00Z,36.57941,-70.44032,0.5191,0.5354
2005-08-09T01:00:00Z,36.59691,-70.42051,0.5158,0.535
2005-08-09T02:00:00Z,36.61395,-70.40072,0.6073,0.536
2005-08-09T03:00:00Z,36.63146,-70.37571,0.6083,0.5358
2005-08-09T04:00:00Z,36.64937,-70.34919,0.6657,0.5444
2005-08-09T05:00:00Z,36.65991,-70.32272,0.6556,0.7741
2005-08-09T06:00:00Z,36.68857,-70.29926,0.4613,0.6834
2005-08-09T07:00:00Z,36.71058,-70.28169,0.5685,0.7591
2005-08-09T08:00:00Z,36.73546,-70.25774,0.6121,0.7806
2005-08-09T09:00:00Z,36.75785,-70.22773,0.8635,0.6487
2005-08-09T10:00:00Z,36.77744,-70.19091,0.7986,0.77
2005-08-09T11:00:00Z,36.80285,-70.15942,0.7878,0.7777
2005-08-09T12:00:00Z,36.82674,-70.12327,0.863,0.7647
2005-08-09T13:00:00Z,36.85506,-70.10665,0.681,0.8005
2005-08-09T14:00:00Z,36.87481,-70.05084,0.8965,0.7561
2005-08-09T15:00:00Z,36.90112,-70.01497,0.8926,0.8255
2005-08-09T16:00:00Z,36.92853,-69.97791,0.9426,0.8745
2005-08-09T17:00:00Z,36.95709,-69.93553,1.0297,0.8678
2005-08-09T18:00:00Z,36.97231,-69.90219,0.819,0.4841
2005-08-09T19:00:00Z,36.98805,-69.86996,0.8381,0.4919
2005-08-09T20:00:00Z,37.00621,-69.82921,0.5223,0.6203
2005-08-09T21:00:00Z,37.02686,-69.80836,0.5237,0.6662
2005-08-09T22:00:00Z,37.04887,-69.77649,0.7826,0.6977
2005-08-09T23:00:00Z,37.07024,-69.74293,0.7893,0.686
2005-08-10T00:00:00Z,37.09366,-69.71294,0.7863,0.693
2005-08-10T01:00:00Z,37.11719,-69.68228,0.785,0.697
2005-08-10T02:00:00Z,37.13848,-69.64957,0.8192,0.6003
2005-08-10T03:00:00Z,37.1573,-69.61458,0.8107,0.6029
2005-08-10T04:00:00Z,37.17653,-69.58279,0.8121,0.5843
2005-08-10T05:00:00Z,37.19556,-69.5501,0.812,0.5843
2005-08-10T06:00:00Z,37.21464,-69.51712,0.8116,0.5843
2005-08-10T07:00:00Z,37.23306,-69.48464,0.7881,0.574
2005-08-10T08:00:00Z,37.24917,-69.45284,0.7778,0.4625
2005-08-10T09:00:00Z,37.25985,-69.42104,0.7429,0.2242
2005-08-10T10:00:00Z,37.26334,-69.39062,0.7178,0.3154
2005-08-10T11:00:00Z,37.27626,-69.362,0.7154,0.2857
2005-08-10T12:00:00Z,37.28577,-69.33345,0.7135,0.2844
2005-08-10T13:00:00Z,37.29471,-69.30367,0.6355,0.3431
2005-08-10T14:00:00Z,37.30516,-69.27484,0.6232,0.3349
2005-08-10T15:00:00Z,37.31628,-69.25062,0.626,0.335
2005-08-10T16:00:00Z,37.32728,-69.22532,0.6259,0.335
2005-08-10T17:00:00Z,37.33838,-69.19931,0.6217,0.3348
2005-08-10T18:00:00Z,37.34882,-69.17461,0.7862,0.3251
2005-08-10T19:00:00Z,37.35824,-69.143,0.7815,0.1872
2005-08-10T20:00:00Z,37.36454,-69.11115,0.7005,0.1427
2005-08-10T21:00:00Z,37.37382,-69.08339,0.6697,0.1235
2005-08-10T22:00:00Z,37.37809,-69.05596,0.6679,0.0898
2005-08-10T23:00:00Z,37.38146,-69.02978,0.6167,0.0712
2005-08-11T00:00:00Z,37.3792,-69.00487,0.6165,0.0243
2005-08-11T01:00:00Z,37.38879,-68.98041,0.59,0.1309
2005-08-11T02:00:00Z,37.39332,-68.96488,0.4,0.1944
2005-08-11T03:00:00Z,37.39966,-68.9482,0.4148,0.1978
2005-08-11T04:00:00Z,37.4065,-68.93046,0.4258,0.1985
2005-08-11T05:00:00Z,37.4129,-68.90849,0.5505,0.2186
2005-08-11T06:00:00Z,37.41999,-68.88425,0.5372,0.2184
2005-08-11T07:00:00Z,37.42669,-68.86524,0.4007,0.2009
2005-08-11T08:00:00Z,37.43156,-68.84786,0.6725,0.0356
2005-08-11T09:00:00Z,37.43126,-68.81103,0.6174,-0.0879
2005-08-11T10:00:00Z,37.42865,-68.79022,0.6613,-0.0882
2005-08-11T11:00:00Z,37.42603,-68.76397,0.5705,-0.1598
2005-08-11T12:00:00Z,37.42003,-68.73651,0.594,-0.1547
2005-08-11T13:00:00Z,37.4155,-68.71459,0.4948,-0.1613
2005-08-11T14:00:00Z,37.41025,-68.69479,0.4957,-0.1605
2005-08-11T15:00:00Z,37.40428,-68.67458,0.4947,-0.1617
2005-08-11T16:00:00Z,37.40081,-68.65473,0.4872,-0.1519
2005-08-11T17:00:00Z,37.3883,-68.63532,0.4399,-0.2297
2005-08-11T18:00:00Z,37.38086,-68.61984,0.3627,-0.2272
2005-08-11T19:00:00Z,37.37342,-68.60552,0.197,-0.245
2005-08-11T20:00:00Z,37.3674,-68.59795,0.18,-0.1509
2005-08-11T21:00:00Z,37.36489,-68.59131,0.1657,-0.0715
2005-08-11T22:00:00Z,37.36176,-68.58151,0.1128,0.0094
2005-08-11T23:00:00Z,37.363,-68.58088,0.1179,0.0147
2005-08-12T00:00:00Z,37.36495,-68.57693,0.2426,0.1711
2005-08-12T01:00:00Z,37.37016,-68.56639,0.2949,0.1883
2005-08-12T02:00:00Z,37.3771,-68.55588,0.2911,0.1844
2005-08-12T03:00:00Z,37.3819,-68.5376,0.5735,0.103
2005-08-12T04:00:00Z,37.38576,-68.51499,0.581,0.0973
2005-08-12T05:00:00Z,37.38175,-68.49175,0.5672,-0.105
2005-08-12T06:00:00Z,37.37881,-68.46739,0.569,-0.1172
2005-08-12T07:00:00Z,37.37108,-68.44694,0.625,-0.283
2005-08-12T08:00:00Z,37.36227,-68.42069,0.6501,-0.2884
2005-08-12T09:00:00Z,37.35279,-68.40359,0.244,-0.2892
2005-08-12T10:00:00Z,37.34345,-68.39651,0.2711,-0.2887
2005-08-12T11:00:00Z,37.33461,-68.38438,0.2388,-0.2635
2005-08-12T12:00:00Z,37.32578,-68.37327,-0.0488,-0.0939
2005-08-12T13:00:00Z,37.32339,-68.37563,-0.0478,-0.0916
2005-08-12T14:00:00Z,37.32036,-68.37771,-0.0474,-0.0892
2005-08-12T15:00:00Z,37.31938,-68.37936,-0.0474,0.1254
2005-08-12T16:00:00Z,37.32346,-68.38075,-0.0105,0.1436
2005-08-12T17:00:00Z,37.32888,-68.37384,0.2125,0.1716
2005-08-12T18:00:00Z,37.33398,-68.36481,0.2256,0.155
2005-08-12T19:00:00Z,37.33683,-68.354,0.2912,0.0527
2005-08-12T20:00:00Z,37.32901,-68.33523,0.4237,-0.0579
2005-08-12T21:00:00Z,37.33137,-68.32357,0.4022,-0.1055
2005-08-12T22:00:00Z,37.33005,-68.30807,0.3868,0.0301
2005-08-12T23:00:00Z,37.32367,-68.28405,0.5178,-0.0849
2005-08-13T00:00:00Z,37.32431,-68.27515,0.1246,-0.0632
2005-08-13T01:00:00Z,37.32105,-68.26964,0.1285,-0.0622
2005-08-13T02:00:00Z,37.31888,-68.26493,0.1897,-0.0662
2005-08-13T03:00:00Z,37.31709,-68.25819,0.1916,-0.0686
2005-08-13T04:00:00Z,37.31456,-68.25034,0.2574,-0.0671
2005-08-13T05:00:00Z,37.31246,-68.23934,0.2585,-0.0673
2005-08-13T06:00:00Z,37.31076,-68.22914,0.2861,-0.0767
2005-08-13T07:00:00Z,37.30565,-68.21491,0.3401,-0.1639
2005-08-13T08:00:00Z,37.30021,-68.20394,0.2497,-0.1854
2005-08-13T09:00:00Z,37.29391,-68.19329,0.1387,-0.2067
2005-08-13T10:00:00Z,37.28761,-68.18769,0.1295,-0.1889
2005-08-13T11:00:00Z,37.28079,-68.18189,0.1304,-0.193
2005-08-13T12:00:00Z,37.27533,-68.17732,0.1147,-0.1542
2005-08-13T13:00:00Z,37.27906,-68.17213,0.1166,-0.0738
2005-08-13T14:00:00Z,37.26638,-68.16966,0.0909,-0.1303
2005-08-13T15:00:00Z,37.26468,-68.16258,0.1633,-0.059
2005-08-13T16:00:00Z,37.26419,-68.14747,0.094,-0.0785
2005-08-13T17:00:00Z,37.26012,-68.14889,0.1826,-0.0616
2005-08-13T18:00:00Z,37.25862,-68.13995,0.1162,-0.0696
2005-08-13T19:00:00Z,37.2575,-68.13047,0.2736,-0.0283
2005-08-13T20:00:00Z,37.25646,-68.11718,0.3066,-0.0415
2005-08-13T21:00:00Z,37.25585,-68.10423,0.3003,-0.0431
2005-08-13T22:00:00Z,37.25268,-68.09354,0.2733,-0.0975
2005-08-13T23:00:00Z,37.24943,-68.08442,0.2348,-0.1466
2005-08-14T00:00:00Z,37.24412,-68.07395,0.2387,-0.1533
2005-08-14T01:00:00Z,37.23978,-68.06075,0.26,-0.1497
2005-08-14T02:00:00Z,37.23312,-68.05073,0.1147,-0.3081
2005-08-14T03:00:00Z,37.22237,-68.04635,0.1165,-0.2984
2005-08-14T04:00:00Z,37.21252,-68.04194,0.1023,-0.3182
2005-08-14T05:00:00Z,37.20243,-68.03773,0.1023,-0.3177
2005-08-14T06:00:00Z,37.19172,-68.03322,0.1104,-0.3355
2005-08-14T07:00:00Z,37.17904,-68.02703,0.1956,-0.4322
2005-08-14T08:00:00Z,37.1636,-68.01749,0.252,-0.5214
2005-08-14T09:00:00Z,37.14505,-68.02049,0.031,-0.5696
2005-08-14T10:00:00Z,37.132,-68.01892,-0.0724,-0.5223
2005-08-14T11:00:00Z,37.11554,-68.02042,-0.0704,-0.5276
2005-08-14T12:00:00Z,37.09815,-68.02749,-0.1745,-0.5405
2005-08-14T13:00:00Z,37.08,-68.03509,-0.1625,-0.5524
2005-08-14T14:00:00Z,37.06384,-68.04064,-0.1776,-0.5227
2005-08-14T15:00:00Z,37.04501,-68.04817,-0.1828,-0.5357
2005-08-14T16:00:00Z,37.02682,-68.05596,-0.2214,-0.5425
2005-08-14T17:00:00Z,37.01221,-68.06575,-0.2194,-0.534
2005-08-14T18:00:00Z,36.99121,-68.0734,-0.1614,-0.6628
2005-08-14T19:00:00Z,36.96993,-68.07939,-0.1348,-0.6211
2005-08-14T20:00:00Z,36.94945,-68.08552,-0.1327,-0.6686
2005-08-14T21:00:00Z,36.92778,-68.08937,-0.1806,-0.8012
2005-08-14T22:00:00Z,36.90132,-68.09899,-0.1753,-0.8103
2005-08-14T23:00:00Z,36.87421,-68.10591,-0.1888,-0.8609
2005-08-15T00:00:00Z,36.84605,-68.11262,-0.187,-0.8623
2005-08-15T01:00:00Z,36.81828,-68.11962,-0.1863,-0.8624
2005-08-15T02:00:00Z,36.78837,-68.12886,-0.2168,-0.9186
2005-08-15T03:00:00Z,36.75693,-68.1374,-0.2519,-1.0611
2005-08-15T04:00:00Z,36.72101,-68.14812,-0.2524,-1.0532
2005-08-15T05:00:00Z,36.68659,-68.15842,-0.2528,-1.0524
2005-08-15T06:00:00Z,36.65091,-68.16808,-0.2385,-1.1682
2005-08-15T07:00:00Z,36.60888,-68.17243,-0.0981,-1.3087
2005-08-15T08:00:00Z,36.56841,-68.17508,-0.7819,-0.9569
2005-08-15T09:00:00Z,36.53898,-68.23492,-0.9132,-0.9216
2005-08-15T10:00:00Z,36.51912,-68.24719,-1.1168,-1.4018
2005-08-15T11:00:00Z,36.47099,-68.29445,-1.0932,-1.3655
2005-08-15T12:00:00Z,36.42907,-68.33646,-1.0968,-1.379
2005-08-15T13:00:00Z,36.38584,-68.37798,-1.0188,-1.3045
2005-08-15T14:00:00Z,36.34875,-68.42248,-0.8236,-1.1563
2005-08-15T15:00:00Z,36.313,-68.45652,-0.7763,-1.1725
2005-08-15T16:00:00Z,36.27435,-68.48686,-0.7649,-1.1458
2005-08-15T17:00:00Z,36.23716,-68.51486,-1.0107,-1.1153
2005-08-15T18:00:00Z,36.20169,-68.55532,-1.0051,-1.0631
2005-08-15T19:00:00Z,36.16718,-68.59533,-0.9433,-1.0992
2005-08-15T20:00:00Z,36.13136,-68.62166,-0.5005,-1.1084
2005-08-15T21:00:00Z,36.10666,-68.64115,-0.4706,-0.8463
2005-08-15T22:00:00Z,36.08211,-68.65958,-0.4676,-0.8337
2005-08-15T23:00:00Z,36.05469,-68.70609,-0.7721,-0.754
2005-08-16T00:00:00Z,36.02665,-68.75289,-0.5343,-0.5241
2005-08-16T01:00:00Z,36.01146,-68.76665,-0.5721,-0.4403
2005-08-16T02:00:00Z,35.99547,-68.79522,-0.5278,-0.4464
2005-08-16T03:00:00Z,35.98123,-68.81725,-0.4116,-0.4036
2005-08-16T04:00:00Z,35.96986,-68.83491,-0.3838,-0.4217
2005-08-16T05:00:00Z,35.95496,-68.84774,-0.3169,-0.4304
2005-08-16T06:00:00Z,35.94182,-68.8588,-0.2409,-0.3796
2005-08-16T07:00:00Z,35.93476,-68.86666,-0.2117,-0.2461
2005-08-16T08:00:00Z,35.92495,-68.88039,-0.3226,-0.2801
2005-08-16T09:00:00Z,35.91526,-68.89248,-0.3219,-0.3246
2005-08-16T10:00:00Z,35.90338,-68.89928,-0.0911,-0.4758
2005-08-16T11:00:00Z,35.88746,-68.90316,-0.0985,-0.551
2005-08-16T12:00:00Z,35.8686,-68.90696,-0.1022,-0.5409
2005-08-16T13:00:00Z,35.85216,-68.9231,-0.4085,-0.5248
2005-08-16T14:00:00Z,35.83512,-68.93939,-0.4094,-0.5235
2005-08-16T15:00:00Z,35.81867,-68.95603,-0.4353,-0.3863
2005-08-16T16:00:00Z,35.80686,-68.97408,-0.4368,-0.393
2005-08-16T17:00:00Z,35.79586,-68.99346,-0.5774,-0.219
2005-08-16T18:00:00Z,35.79607,-69.00756,-0.3174,0.0681
2005-08-16T19:00:00Z,35.79861,-69.01636,-0.136,0.14
2005-08-16T20:00:00Z,35.80221,-69.01584,-0.2484,0.0611
2005-08-16T21:00:00Z,35.80586,-69.02622,-0.1384,-0.0197
2005-08-16T22:00:00Z,35.8047,-69.03253,-0.0678,0.0278
2005-08-16T23:00:00Z,35.80606,-69.03428,-0.0569,0.0374
2005-08-17T00:00:00Z,35.80874,-69.03349,0.01,0.0743
2005-08-17T01:00:00Z,35.80551,-69.03292,0.057,-0.3208
2005-08-17T02:00:00Z,35.79463,-69.0309,0.0594,-0.312
2005-08-17T03:00:00Z,35.78538,-69.02842,0.058,-0.2906
2005-08-17T04:00:00Z,35.77502,-69.02627,0.0381,-0.2864
2005-08-17T05:00:00Z,35.76841,-69.02519,0.0336,-0.2572
2005-08-17T06:00:00Z,35.75119,-69.0368,-0.0528,-0.3978
2005-08-17T07:00:00Z,35.74117,-69.0346,-0.114,-0.4317
2005-08-17T08:00:00Z,35.72619,-69.03927,-0.0087,-0.4053
2005-08-17T09:00:00Z,35.71323,-69.04088,-0.1062,-0.4016
2005-08-17T10:00:00Z,35.70219,-69.0553,-0.34,-0.3213
2005-08-17T11:00:00Z,35.68574,-69.06424,-0.3452,-0.4261
2005-08-17T12:00:00Z,35.67369,-69.07645,-0.3278,-0.1955
2005-08-17T13:00:00Z,35.66746,-69.09299,-0.3606,-0.1942
2005-08-17T14:00:00Z,35.66076,-69.10934,-0.3443,-0.1922
2005-08-17T15:00:00Z,35.65664,-69.1214,-0.3094,-0.1066
2005-08-17T16:00:00Z,35.6536,-69.12898,-0.3294,-0.0986
2005-08-17T17:00:00Z,35.65488,-69.14361,-0.1345,0.1029
2005-08-17T18:00:00Z,35.65937,-69.14838,-0.1062,0.1713
2005-08-17T19:00:00Z,35.66447,-69.15134,-0.0853,0.1745
2005-08-17T20:00:00Z,35.67051,-69.15713,-0.1025,0.1748
2005-08-17T21:00:00Z,35.67312,-69.15448,0.1038,0.0365
2005-08-17T22:00:00Z,35.67239,-69.14969,0.1172,-0.04
2005-08-17T23:00:00Z,35.67465,-69.14798,0.0961,-0.1286
2005-08-18T00:00:00Z,35.66884,-69.14204,0.1066,-0.1162
2005-08-18T01:00:00Z,35.66511,-69.13545,0.1177,-0.1191
2005-08-18T02:00:00Z,35.66115,-69.13077,-0.0259,-0.1969
2005-08-18T03:00:00Z,35.65455,-69.13233,-0.0239,-0.1995
2005-08-18T04:00:00Z,35.64675,-69.13464,-0.0638,-0.2487
2005-08-18T05:00:00Z,35.63826,-69.13606,-0.0551,-0.2494
2005-08-18T06:00:00Z,35.63034,-69.15169,-0.1982,-0.2575
2005-08-18T07:00:00Z,35.62235,-69.16198,-0.1966,-0.2019
2005-08-18T08:00:00Z,35.61776,-69.1705,-0.3817,-0.0879
2005-08-18T09:00:00Z,35.6169,-69.18691,-0.4163,-1.0E-4
2005-08-18T10:00:00Z,35.62179,-69.19701,-0.2909,0.2248
2005-08-18T11:00:00Z,35.62854,-69.20878,-0.2925,0.2249
2005-08-18T12:00:00Z,35.63947,-69.21934,-0.2822,0.3343
2005-08-18T13:00:00Z,35.65033,-69.2307,-0.2301,0.344
2005-08-18T14:00:00Z,35.66174,-69.23802,-0.233,0.3419
2005-08-18T15:00:00Z,35.6718,-69.24667,-0.1801,0.3129
2005-08-18T16:00:00Z,35.68227,-69.25361,-0.1562,0.3315
2005-08-18T17:00:00Z,35.69415,-69.25629,-0.0166,0.3826
2005-08-18T18:00:00Z,35.7046,-69.25383,0.0434,0.3206
2005-08-18T19:00:00Z,35.71107,-69.25855,0.003,0.1166
2005-08-18T20:00:00Z,35.71511,-69.25833,0.0097,0.1138
2005-08-18T21:00:00Z,35.71799,-69.25665,-0.1219,0.0438
2005-08-18T22:00:00Z,35.71957,-69.26177,-0.1231,0.0444
2005-08-18T23:00:00Z,35.72078,-69.26708,-0.1588,0.0429
2005-08-19T00:00:00Z,35.72213,-69.27345,-0.1597,0.0427
2005-08-19T01:00:00Z,35.72363,-69.27895,-0.1557,0.0427
2005-08-19T02:00:00Z,35.725,-69.28909,-0.286,0.0412
2005-08-19T03:00:00Z,35.7258,-69.30145,-0.2721,0.0404
2005-08-19T04:00:00Z,35.73013,-69.31312,-0.3064,0.1114
2005-08-19T05:00:00Z,35.73239,-69.32526,-0.323,0.1814
2005-08-19T06:00:00Z,35.73929,-69.33852,-0.3227,0.1714
2005-08-19T07:00:00Z,35.74564,-69.35191,-0.3641,0.2589
2005-08-19T08:00:00Z,35.75437,-69.36416,-0.2962,0.2737
2005-08-19T09:00:00Z,35.76341,-69.37409,-0.2256,0.3131
2005-08-19T10:00:00Z,35.77375,-69.38328,-0.2276,0.3142
2005-08-19T11:00:00Z,35.78393,-69.3912,-0.2251,0.317
2005-08-19T12:00:00Z,35.79406,-69.40154,-0.2324,0.3165
2005-08-19T13:00:00Z,35.80405,-69.40896,-0.1548,0.3012
2005-08-19T14:00:00Z,35.81343,-69.41456,-0.1598,0.2787
2005-08-19T15:00:00Z,35.82246,-69.42178,-0.1585,0.278
2005-08-19T16:00:00Z,35.83011,-69.42774,-0.178,0.2213
2005-08-19T17:00:00Z,35.83102,-69.43302,-0.0767,0.2211
2005-08-19T18:00:00Z,35.83894,-69.43677,-0.0772,0.2806
2005-08-19T19:00:00Z,35.84924,-69.43927,-0.0938,0.2451
2005-08-19T20:00:00Z,35.85624,-69.44332,-0.1075,0.1671
2005-08-19T21:00:00Z,35.86128,-69.45472,-0.3226,0.1264
2005-08-19T22:00:00Z,35.86492,-69.4683,-0.3205,0.1263
2005-08-19T23:00:00Z,35.86858,-69.48155,-0.3187,0.1265
2005-08-20T00:00:00Z,35.87115,-69.49472,-0.3502,0.2669
2005-08-20T01:00:00Z,35.87896,-69.50666,-0.3669,0.3156
2005-08-20T02:00:00Z,35.88947,-69.52198,-0.3659,0.3186
2005-08-20T03:00:00Z,35.89955,-69.53699,-0.3649,0.318
2005-08-20T04:00:00Z,35.90916,-69.55204,-0.3632,0.3159
2005-08-20T05:00:00Z,35.92407,-69.5658,-0.3581,0.5131
2005-08-20T06:00:00Z,35.94107,-69.5797,-0.358,0.5085
2005-08-20T07:00:00Z,35.95754,-69.593,-0.318,0.5125
2005-08-20T08:00:00Z,35.97314,-69.60288,-0.2381,0.4825
2005-08-20T09:00:00Z,35.98723,-69.60743,-0.0615,0.3861
2005-08-20T10:00:00Z,35.99952,-69.60725,-0.0343,0.3865
2005-08-20T11:00:00Z,36.01168,-69.61009,-0.1447,0.3543
2005-08-20T12:00:00Z,36.02408,-69.61702,-0.1306,0.3557
2005-08-20T13:00:00Z,36.03354,-69.62323,-0.1729,0.2988
2005-08-20T14:00:00Z,36.04293,-69.62926,-0.1684,0.2986
2005-08-20T15:00:00Z,36.05283,-69.63445,-0.2674,0.2853
2005-08-20T16:00:00Z,36.06188,-69.64704,-0.2088,0.285
2005-08-20T17:00:00Z,36.07231,-69.66009,-0.3672,0.3459
2005-08-20T18:00:00Z,36.08363,-69.67719,-0.0529,0.4377
2005-08-20T19:00:00Z,36.09915,-69.67923,-0.0856,0.5087
2005-08-20T20:00:00Z,36.11482,-69.68555,-0.2164,0.4838
2005-08-20T21:00:00Z,36.13186,-69.6939,-0.2106,0.5377
2005-08-20T22:00:00Z,36.14865,-69.70243,-0.0643,0.6331
2005-08-20T23:00:00Z,36.16995,-69.70365,-0.0728,0.6312
2005-08-21T00:00:00Z,36.18957,-69.70821,-0.1214,0.6091
2005-08-21T01:00:00Z,36.20893,-69.71302,-0.1416,0.5642
2005-08-21T02:00:00Z,36.22685,-69.71984,-0.1466,0.5649
2005-08-21T03:00:00Z,36.24534,-69.71752,0.0295,0.5631
2005-08-21T04:00:00Z,36.2636,-69.71293,0.0148,0.5692
2005-08-21T05:00:00Z,36.28199,-69.71437,0.0216,0.5692
2005-08-21T06:00:00Z,36.30038,-69.7151,0.0294,0.5692
2005-08-21T07:00:00Z,36.32003,-69.71446,-0.1619,0.6794
2005-08-21T08:00:00Z,36.34197,-69.72277,-0.0605,0.705
2005-08-21T09:00:00Z,36.36551,-69.7242,0.0072,0.7478
2005-08-21T10:00:00Z,36.38843,-69.72502,0.0108,0.7482
2005-08-21T11:00:00Z,36.41479,-69.72265,0.0556,0.7942
2005-08-21T12:00:00Z,36.44097,-69.71705,0.2888,0.816
2005-08-21T13:00:00Z,36.46689,-69.70445,0.2886,0.8128
2005-08-21T14:00:00Z,36.49265,-69.69207,0.2843,0.8102
2005-08-21T15:00:00Z,36.51907,-69.67933,0.3216,0.8136
2005-08-21T16:00:00Z,36.54712,-69.6678,0.3156,0.8183
2005-08-21T17:00:00Z,36.57204,-69.65302,0.3387,0.8087
2005-08-21T18:00:00Z,36.59834,-69.63906,0.3832,0.82
2005-08-21T19:00:00Z,36.62441,-69.6125,0.674,0.8038
2005-08-21T20:00:00Z,36.64923,-69.5873,0.4653,0.8511
2005-08-21T21:00:00Z,36.67704,-69.56939,0.4592,0.8551
2005-08-21T22:00:00Z,36.70617,-69.55042,0.468,0.9276
2005-08-21T23:00:00Z,36.73525,-69.52535,0.5171,0.9195
2005-08-22T00:00:00Z,36.76942,-69.50201,0.5761,1.0129
2005-08-22T01:00:00Z,36.80252,-69.47965,0.5729,1.0137
2005-08-22T02:00:00Z,36.83613,-69.4749,0.8591,1.2988
2005-08-22T03:00:00Z,36.87877,-69.43873,0.8529,1.2948
2005-08-22T04:00:00Z,36.92046,-69.40311,0.8698,1.2875
2005-08-22T05:00:00Z,36.96191,-69.37007,0.8497,1.2865
2005-08-22T06:00:00Z,37.00367,-69.33671,0.8457,1.2861
2005-08-22T07:00:00Z,37.04104,-69.29104,1.1323,1.1042
2005-08-22T08:00:00Z,37.07614,-69.24613,1.3304,1.0294
2005-08-22T09:00:00Z,37.10709,-69.19098,1.383,0.9033
2005-08-22T10:00:00Z,37.13643,-69.13462,1.4103,0.8755
2005-08-22T11:00:00Z,37.16459,-69.0774,1.4108,0.8748
2005-08-22T12:00:00Z,37.19227,-69.01645,1.5148,0.8527
2005-08-22T13:00:00Z,37.21959,-68.95614,1.5426,0.2429
2005-08-22T14:00:00Z,37.21899,-68.8918,1.535,0.4303
2005-08-22T15:00:00Z,37.23278,-68.83049,1.4944,0.3791
2005-08-22T16:00:00Z,37.24452,-68.77086,1.4218,0.3505
2005-08-22T17:00:00Z,37.25507,-68.71479,1.4185,0.3409
2005-08-22T18:00:00Z,37.2638,-68.65681,1.3942,0.2572
2005-08-22T19:00:00Z,37.2681,-68.60257,1.339,0.1018
2005-08-22T20:00:00Z,37.27118,-68.54998,1.2183,0.0593
2005-08-22T21:00:00Z,37.27664,-68.50009,1.2095,-0.0186
2005-08-22T22:00:00Z,37.27479,-68.4516,1.1873,0.047
2005-08-22T23:00:00Z,37.2743,-68.40323,1.1683,-0.0095
2005-08-23T00:00:00Z,37.2754,-68.35596,1.1681,-0.003
2005-08-23T01:00:00Z,37.28152,-68.30848,1.1679,0.044
2005-08-23T02:00:00Z,37.27996,-68.26092,1.1632,-0.2105
2005-08-23T03:00:00Z,37.27336,-68.21379,1.1634,-0.2136
2005-08-23T04:00:00Z,37.26005,-68.16642,1.1647,-0.429
2005-08-23T05:00:00Z,37.24584,-68.11893,1.1651,-0.43
2005-08-23T06:00:00Z,37.23236,-68.07133,1.166,-0.456
2005-08-23T07:00:00Z,37.20841,-68.0294,1.0145,-0.7538
2005-08-23T08:00:00Z,37.1831,-67.98778,1.0225,-0.8249
2005-08-23T09:00:00Z,37.15533,-67.96656,0.6334,-0.8689
2005-08-23T10:00:00Z,37.12619,-67.93648,0.6072,-1.0354
2005-08-23T11:00:00Z,37.09249,-67.91255,0.6143,-1.0369
2005-08-23T12:00:00Z,37.05947,-67.8873,0.6061,-1.0413
2005-08-23T13:00:00Z,37.02344,-67.86369,0.5571,-1.2392
2005-08-23T14:00:00Z,36.98303,-67.86178,0.4744,-1.2011
2005-08-23T15:00:00Z,36.94537,-67.8334,0.4054,-1.1759
2005-08-23T16:00:00Z,36.9092,-67.80459,0.0899,-1.0978
2005-08-23T17:00:00Z,36.87471,-67.80046,0.0773,-1.1003
2005-08-23T18:00:00Z,36.83648,-67.79636,0.4963,-1.2639
2005-08-23T19:00:00Z,36.79536,-67.77493,0.4476,-1.263
2005-08-23T20:00:00Z,36.75552,-67.75462,0.5131,-1.253
2005-08-23T21:00:00Z,36.7153,-67.73403,0.4947,-1.2805
2005-08-23T22:00:00Z,36.67272,-67.7142,0.4925,-1.2841
2005-08-23T23:00:00Z,36.63133,-67.69833,0.4161,-1.294
2005-08-24T00:00:00Z,36.59102,-67.70137,0.293,-1.2967
2005-08-24T01:00:00Z,36.54668,-67.66528,0.3944,-1.2936
2005-08-24T02:00:00Z,36.50602,-67.67617,0.3165,-1.2425
2005-08-24T03:00:00Z,36.4664,-67.66401,0.3154,-1.1062
2005-08-24T04:00:00Z,36.43136,-67.65083,0.3137,-1.1096
2005-08-24T05:00:00Z,36.39583,-67.63789,0.3116,-1.1125
2005-08-24T06:00:00Z,36.36068,-67.62447,0.3458,-1.0629
2005-08-24T07:00:00Z,36.32846,-67.60292,0.5436,-0.9817
2005-08-24T08:00:00Z,36.29667,-67.58029,0.2203,-0.9952
2005-08-24T09:00:00Z,36.26482,-67.57258,0.2298,-0.9954
2005-08-24T10:00:00Z,36.23299,-67.56311,0.1973,-0.9773
2005-08-24T11:00:00Z,36.20191,-67.55523,0.2026,-0.8508
2005-08-24T12:00:00Z,36.17385,-67.54694,0.2024,-0.8484
2005-08-24T13:00:00Z,36.15046,-67.53852,0.214,-0.7402
2005-08-24T14:00:00Z,36.13271,-67.52758,0.291,-0.4915
2005-08-24T15:00:00Z,36.11634,-67.51586,0.2957,-0.4847
2005-08-24T16:00:00Z,36.10271,-67.48961,0.487,-0.4355
2005-08-24T17:00:00Z,36.08822,-67.46847,0.6703,-0.45
2005-08-24T18:00:00Z,36.07279,-67.44254,0.5862,-0.4573
2005-08-24T19:00:00Z,36.05826,-67.41962,0.6127,-0.4177
2005-08-24T20:00:00Z,36.04397,-67.38518,0.9271,-0.4774
2005-08-24T21:00:00Z,36.02556,-67.35749,0.7411,-0.5788
2005-08-24T22:00:00Z,36.00693,-67.33103,0.407,-0.7056
2005-08-24T23:00:00Z,35.9829,-67.32011,0.465,-0.6981
2005-08-25T00:00:00Z,35.9607,-67.30205,0.5298,-0.6818
2005-08-25T01:00:00Z,35.939,-67.28057,0.5495,-0.6109
2005-08-25T02:00:00Z,35.91976,-67.25878,0.5466,-0.6092
2005-08-25T03:00:00Z,35.90131,-67.27257,0.1354,-0.566
2005-08-25T04:00:00Z,35.881,-67.27011,0.1345,-0.5827
2005-08-25T05:00:00Z,35.87306,-67.26172,0.2638,-0.2717
2005-08-25T06:00:00Z,35.86515,-67.25127,0.1989,-0.1938
2005-08-25T07:00:00Z,35.85986,-67.24569,0.15,-0.1415
2005-08-25T08:00:00Z,35.85571,-67.23913,0.1447,-0.1181
2005-08-25T09:00:00Z,35.85448,-67.23294,0.1675,-0.0821
2005-08-25T10:00:00Z,35.84702,-67.21971,0.3389,-0.1955
2005-08-25T11:00:00Z,35.83982,-67.207,0.33,-0.2195
2005-08-25T12:00:00Z,35.83324,-67.19395,0.343,-0.2635
2005-08-25T13:00:00Z,35.82395,-67.17947,0.3463,-0.2641
2005-08-25T14:00:00Z,35.81526,-67.16572,0.3468,-0.2646
2005-08-25T15:00:00Z,35.80708,-67.15153,0.3921,-0.2759
2005-08-25T16:00:00Z,35.79784,-67.13477,0.3939,-0.2765
2005-08-25T17:00:00Z,35.78915,-67.11856,0.4159,-0.2787
2005-08-25T18:00:00Z,35.7791,-67.10702,0.2385,-0.3004
2005-08-25T19:00:00Z,35.76974,-67.0979,0.2059,-0.2527
2005-08-25T20:00:00Z,35.75973,-67.08974,0.2024,-0.3096
2005-08-25T21:00:00Z,35.75007,-67.08298,0.1796,-0.3968
2005-08-25T22:00:00Z,35.7369,-67.0748,0.1344,-0.383
2005-08-25T23:00:00Z,35.72403,-67.07022,0.1402,-0.3779
2005-08-26T00:00:00Z,35.71628,-67.06578,0.0936,-0.2985
2005-08-26T01:00:00Z,35.70647,-67.0635,0.0291,-0.2783
2005-08-26T02:00:00Z,35.69608,-67.06108,0.0131,-0.2658
2005-08-26T03:00:00Z,35.68862,-67.0623,-0.0036,-0.2714
2005-08-26T04:00:00Z,35.67986,-67.06224,0.0623,-0.2708
2005-08-26T05:00:00Z,35.67055,-67.05712,0.0605,-0.2728
2005-08-26T06:00:00Z,35.66114,-67.05543,0.0197,-0.2805
2005-08-26T07:00:00Z,35.65178,-67.04509,0.1575,-0.2759
2005-08-26T08:00:00Z,35.64345,-67.04167,0.1008,-0.2751
2005-08-26T09:00:00Z,35.63429,-67.03947,0.2148,-0.3251
2005-08-26T10:00:00Z,35.62483,-67.03665,0.0578,-0.2425
2005-08-26T11:00:00Z,35.61691,-67.03234,0.0674,-0.242
2005-08-26T12:00:00Z,35.60917,-67.0306,0.0266,-0.2334
2005-08-26T13:00:00Z,35.60165,-67.03047,0.0279,-0.2332
2005-08-26T14:00:00Z,35.59407,-67.03029,0.0313,-0.2332
2005-08-26T15:00:00Z,35.58606,-67.02845,0.0224,-0.2409
2005-08-26T16:00:00Z,35.57923,-67.027,0.0068,-0.22
2005-08-26T17:00:00Z,35.57038,-67.02692,0.042,-0.2652
2005-08-26T18:00:00Z,35.56236,-67.02428,0.1038,-0.3722
2005-08-26T19:00:00Z,35.55012,-67.02452,-0.1594,-0.4132
2005-08-26T20:00:00Z,35.53695,-67.03142,-0.1572,-0.4126
2005-08-26T21:00:00Z,35.52371,-67.03828,-0.1964,-0.3988
2005-08-26T22:00:00Z,35.5116,-67.04695,-0.2109,-0.3505
2005-08-26T23:00:00Z,35.50012,-67.05602,-0.2226,-0.3137
2005-08-27T00:00:00Z,35.49037,-67.06424,-0.2206,-0.3103
2005-08-27T01:00:00Z,35.47999,-67.07214,-0.2182,-0.3107
2005-08-27T02:00:00Z,35.47078,-67.08099,-0.2372,-0.2223
2005-08-27T03:00:00Z,35.4644,-67.09227,-0.2348,-0.2308
2005-08-27T04:00:00Z,35.45658,-67.10043,-0.2225,-0.2225
2005-08-27T05:00:00Z,35.44926,-67.1084,-0.2176,-0.2243
2005-08-27T06:00:00Z,35.43679,-67.11334,-0.1452,-0.406
2005-08-27T07:00:00Z,35.42302,-67.11356,-0.2064,-0.3613
2005-08-27T08:00:00Z,35.41047,-67.1271,-0.1853,-0.4234
2005-08-27T09:00:00Z,35.39602,-67.13444,-0.1545,-0.4781
2005-08-27T10:00:00Z,35.38031,-67.14026,-0.1672,-0.4827
2005-08-27T11:00:00Z,35.36378,-67.14642,-0.4444,-0.3559
2005-08-27T12:00:00Z,35.35331,-67.16488,-0.4443,-0.3591
2005-08-27T13:00:00Z,35.34295,-67.18897,-0.3696,-0.3696
2005-08-27T14:00:00Z,35.33178,-67.20354,-0.4124,-0.3914
2005-08-27T15:00:00Z,35.31793,-67.21747,-0.4355,-0.3776
2005-08-27T16:00:00Z,35.30484,-67.23488,-0.4362,-0.4416
2005-08-27T17:00:00Z,35.29037,-67.25369,-0.4877,-0.4376
2005-08-27T18:00:00Z,35.27633,-67.27303,-0.4907,-0.4434
2005-08-27T19:00:00Z,35.26033,-67.29267,-0.4824,-0.5322
2005-08-27T20:00:00Z,35.24433,-67.3121,-0.4823,-0.5273
2005-08-27T21:00:00Z,35.22685,-67.33076,-0.4514,-0.5374
2005-08-27T22:00:00Z,35.20803,-67.34826,-0.4503,-0.537
2005-08-27T23:00:00Z,35.18893,-67.36131,-0.3209,-0.6
2005-08-28T00:00:00Z,35.17401,-67.38141,-0.1203,-0.7027
2005-08-28T01:00:00Z,35.14882,-67.38453,-0.3017,-0.6373
2005-08-28T02:00:00Z,35.12821,-67.39791,-0.3477,-0.6773
2005-08-28T03:00:00Z,35.10665,-67.4121,-0.1652,-0.6903
2005-08-28T04:00:00Z,35.08291,-67.41782,-0.1526,-0.7108
2005-08-28T05:00:00Z,35.06013,-67.42512,-0.1586,-0.7105
2005-08-28T06:00:00Z,35.02803,-67.4276,-0.111,-0.8577
2005-08-28T07:00:00Z,34.99984,-67.43172,-0.1091,-0.857
2005-08-28T08:00:00Z,34.96791,-67.42814,0.0773,-0.9979
2005-08-28T09:00:00Z,34.93539,-67.42725,-0.2044,-0.9629
2005-08-28T10:00:00Z,34.90448,-67.43575,-0.206,-0.9635
2005-08-28T11:00:00Z,34.8739,-67.44143,-0.0736,-0.9371
2005-08-28T12:00:00Z,34.84258,-67.43547,-0.0686,-0.9465
2005-08-28T13:00:00Z,34.81944,-67.44618,-0.094,-0.833
2005-08-28T14:00:00Z,34.79259,-67.45001,-0.1672,-0.9647
2005-08-28T15:00:00Z,34.76128,-67.45529,-0.1469,-0.9685
2005-08-28T16:00:00Z,34.72942,-67.44613,0.0708,-0.9932
2005-08-28T17:00:00Z,34.69785,-67.4338,0.0962,-0.9255
2005-08-28T18:00:00Z,34.66753,-67.43127,0.1486,-0.9243
2005-08-28T19:00:00Z,34.63526,-67.43348,-0.1809,-1.0585
2005-08-28T20:00:00Z,34.601,-67.44082,-0.1961,-1.0489
2005-08-28T21:00:00Z,34.56875,-67.44666,-0.1127,-0.9534
2005-08-28T22:00:00Z,34.53701,-67.45404,0.0631,-0.8173
2005-08-28T23:00:00Z,34.51488,-67.45109,0.0679,-0.8532
2005-08-29T00:00:00Z,34.48744,-67.4477,0.112,-0.8699
2005-08-29T01:00:00Z,34.45823,-67.44379,-0.2843,-0.8657
2005-08-29T02:00:00Z,34.4315,-67.45601,-0.2891,-0.8529
2005-08-29T03:00:00Z,34.40433,-67.47421,-0.1941,-0.8487
2005-08-29T04:00:00Z,34.37599,-67.48293,-0.1938,-0.8528
2005-08-29T05:00:00Z,34.35856,-67.48873,-0.2136,-0.5246
2005-08-29T06:00:00Z,34.34104,-67.49837,-0.2052,-0.5225
2005-08-29T07:00:00Z,34.32317,-67.50577,-0.0219,-0.6997
2005-08-29T08:00:00Z,34.30043,-67.50699,-0.0211,-0.6979
2005-08-29T09:00:00Z,34.28016,-67.5089,-0.0562,-0.5676
2005-08-29T10:00:00Z,34.26214,-67.51278,-0.0666,-0.5684
2005-08-29T11:00:00Z,34.24285,-67.51391,-0.0543,-0.6036
2005-08-29T12:00:00Z,34.22382,-67.51379,-0.0952,-0.6195
2005-08-29T13:00:00Z,34.20354,-67.51825,-0.095,-0.6201
2005-08-29T14:00:00Z,34.18324,-67.52216,-0.0953,-0.6205
2005-08-29T15:00:00Z,34.16329,-67.52636,-0.1327,-0.5937
2005-08-29T16:00:00Z,34.14508,-67.53397,-0.163,-0.5891
2005-08-29T17:00:00Z,34.12733,-67.54797,-0.3135,-0.5386
2005-08-29T18:00:00Z,34.10922,-67.55996,-0.3219,-0.5387
2005-08-29T19:00:00Z,34.09247,-67.57535,-0.4421,-0.4937
2005-08-29T20:00:00Z,34.07691,-67.59312,-0.4374,-0.4969
2005-08-29T21:00:00Z,34.06066,-67.61038,-0.4539,-0.4898
2005-08-29T22:00:00Z,34.04513,-67.62772,-0.4418,-0.4804
2005-08-29T23:00:00Z,34.02924,-67.6457,-0.4449,-0.4811
2005-08-30T00:00:00Z,34.0142,-67.661,-0.4153,-0.4774
2005-08-30T01:00:00Z,33.9999,-67.67742,-0.4244,-0.472
2005-08-30T02:00:00Z,33.98037,-67.69491,-0.4224,-0.4942
2005-08-30T03:00:00Z,33.96704,-67.71043,-0.4134,-0.4442
2005-08-30T04:00:00Z,33.95473,-67.72608,-0.3695,-0.4148
2005-08-30T05:00:00Z,33.93578,-67.73592,-0.2816,-0.3737
2005-08-30T06:00:00Z,33.92705,-67.75359,-0.3444,-0.416
2005-08-30T07:00:00Z,33.9134,-67.76645,-0.2257,-0.3907
2005-08-30T08:00:00Z,33.89983,-67.76937,-0.2944,-0.3799
2005-08-30T09:00:00Z,33.88713,-67.77994,-0.2169,-0.4143
2005-08-30T10:00:00Z,33.87452,-67.79511,-0.3467,-0.4357
2005-08-30T11:00:00Z,33.859,-67.79555,-0.1968,-0.4412
2005-08-30T12:00:00Z,33.84566,-67.80806,-0.5036,-0.4074
2005-08-30T13:00:00Z,33.83384,-67.828,-0.5026,-0.3902
2005-08-30T14:00:00Z,33.8199,-67.84758,-0.5032,-0.3969
2005-08-30T15:00:00Z,33.80765,-67.86768,-0.5314,-0.2336
2005-08-30T16:00:00Z,33.7998,-67.88785,-0.5353,-0.1733
2005-08-30T17:00:00Z,33.79778,-67.91034,-0.5721,-0.0382
2005-08-30T18:00:00Z,33.79583,-67.93416,-0.5755,-0.0385
2005-08-30T19:00:00Z,33.79793,-67.95739,-0.6022,0.0271
2005-08-30T20:00:00Z,33.79955,-67.97631,-0.5811,0.0961
2005-08-30T21:00:00Z,33.8011,-68.0063,-0.6056,0.0911
2005-08-30T22:00:00Z,33.80662,-68.02509,-0.4779,0.1609
2005-08-30T23:00:00Z,33.81198,-68.04309,-0.4616,0.1675
2005-08-31T00:00:00Z,33.81705,-68.06175,-0.4644,0.167
2005-08-31T01:00:00Z,33.82231,-68.08051,-0.4663,0.1668
2005-08-31T02:00:00Z,33.82724,-68.09873,-0.4363,0.1377
2005-08-31T03:00:00Z,33.83206,-68.11419,-0.4404,0.1383
2005-08-31T04:00:00Z,33.83588,-68.13173,-0.4416,0.0997
2005-08-31T05:00:00Z,33.8388,-68.14921,-0.4415,0.1002
2005-08-31T06:00:00Z,33.84208,-68.16624,-0.4424,0.0997
2005-08-31T07:00:00Z,33.84554,-68.18394,-0.4695,0.0938
2005-08-31T08:00:00Z,33.84825,-68.20246,-0.4699,0.0939
2005-08-31T09:00:00Z,33.85287,-68.22218,-0.5103,0.1335
2005-08-31T10:00:00Z,33.85862,-68.24457,-0.5765,0.1962
2005-08-31T11:00:00Z,33.86303,-68.26923,-0.5834,0.1773
2005-08-31T12:00:00Z,33.87394,-68.2901,-0.5836,0.255
2005-08-31T13:00:00Z,33.88336,-68.31127,-0.5542,0.2258
2005-08-31T14:00:00Z,33.88442,-68.33681,-0.5599,0.237
2005-08-31T15:00:00Z,33.89544,-68.35533,-0.5621,0.3135
2005-08-31T16:00:00Z,33.90595,-68.37703,-0.6071,0.3711
2005-08-31T17:00:00Z,33.91765,-68.40142,-0.6077,0.37
2005-08-31T18:00:00Z,33.93057,-68.42399,-0.2008,0.5615
2005-08-31T19:00:00Z,33.94805,-68.43196,-0.2508,0.5208
2005-08-31T20:00:00Z,33.9646,-68.44541,-0.3065,0.5083
2005-08-31T21:00:00Z,33.98019,-68.4629,-0.3087,0.4882
2005-08-31T22:00:00Z,33.99765,-68.46839,-0.3224,0.5043
2005-08-31T23:00:00Z,34.01279,-68.48332,-0.4486,0.4793
2005-09-01T00:00:00Z,34.00831,-68.50116,-0.4486,0.3015
2005-09-01T01:00:00Z,34.04414,-68.51781,-0.4249,0.5137
2005-09-01T02:00:00Z,34.06047,-68.53233,-0.3646,0.5591
2005-09-01T03:00:00Z,34.07878,-68.54335,-0.3849,0.5559
2005-09-01T04:00:00Z,34.09718,-68.55975,-0.3942,0.5656
2005-09-01T05:00:00Z,34.11515,-68.5761,-0.3888,0.5649
2005-09-01T06:00:00Z,34.13257,-68.59222,-0.3791,0.5634
2005-09-01T07:00:00Z,34.15322,-68.6058,-0.3792,0.6241
2005-09-01T08:00:00Z,34.17497,-68.61808,-0.2554,0.7279
2005-09-01T09:00:00Z,34.19968,-68.62358,-0.2436,0.7416
2005-09-01T10:00:00Z,34.22263,-68.63506,-0.2274,0.5875
2005-09-01T11:00:00Z,34.24109,-68.64222,-0.1199,0.6447
2005-09-01T12:00:00Z,34.26223,-68.63593,0.0294,0.6487
2005-09-01T13:00:00Z,34.28485,-68.64515,-0.4233,0.7128
2005-09-01T14:00:00Z,34.30804,-68.66156,-0.4382,0.7452
2005-09-01T15:00:00Z,34.33376,-68.68039,-0.4555,0.7658
2005-09-01T16:00:00Z,34.35862,-68.6973,0.2215,0.2573
2005-09-01T17:00:00Z,34.36232,-68.68097,-0.1746,0.5562
2005-09-01T18:00:00Z,34.38055,-68.68379,-0.0347,0.5926
2005-09-01T19:00:00Z,34.40108,-68.68388,-0.0385,0.5907
2005-09-01T20:00:00Z,34.41907,-68.68733,-0.1198,0.598
2005-09-01T21:00:00Z,34.44004,-68.69279,-0.1593,0.6994
2005-09-01T22:00:00Z,34.46324,-68.69894,-0.1589,0.6976
2005-09-01T23:00:00Z,34.48471,-68.70748,-0.1953,0.6902
2005-09-02T00:00:00Z,34.50743,-68.71484,-0.2166,0.6698
2005-09-02T01:00:00Z,34.52706,-68.72533,-0.2257,0.6619
2005-09-02T02:00:00Z,34.55185,-68.72673,-0.1047,0.7241
2005-09-02T03:00:00Z,34.57522,-68.72187,-0.2437,0.7242
2005-09-02T04:00:00Z,34.59817,-68.739,-0.1313,0.7239
2005-09-02T05:00:00Z,34.62226,-68.74265,-0.2394,0.7409
2005-09-02T06:00:00Z,34.64505,-68.75056,-0.2491,0.7931
2005-09-02T07:00:00Z,34.67232,-68.76062,-0.2048,0.8289
2005-09-02T08:00:00Z,34.69823,-68.76856,-0.0908,0.8116
2005-09-02T09:00:00Z,34.72502,-68.77023,-0.1232,0.8137
2005-09-02T10:00:00Z,34.74967,-68.77515,-0.0863,0.7676
2005-09-02T11:00:00Z,34.77472,-68.77913,-0.122,0.8067
2005-09-02T12:00:00Z,34.80049,-68.78254,-0.1276,0.8288
2005-09-02T13:00:00Z,34.82845,-68.78838,-0.1259,0.8524
2005-09-02T14:00:00Z,34.8558,-68.79471,-0.1322,0.8513
2005-09-02T15:00:00Z,34.88226,-68.80207,-0.1516,0.8663
2005-09-02T16:00:00Z,34.9128,-68.80468,-0.1349,0.8792
2005-09-02T17:00:00Z,34.94117,-68.80929,-0.0924,0.8728
2005-09-02T18:00:00Z,34.9696,-68.81216,0.0015,0.8908
2005-09-02T19:00:00Z,34.99804,-68.81123,-0.0041,0.8902
2005-09-02T20:00:00Z,35.03334,-68.80867,0.061,1.025
2005-09-02T21:00:00Z,35.06747,-68.81054,0.0251,1.0172
2005-09-02T22:00:00Z,35.10053,-68.80768,0.195,1.0543
2005-09-02T23:00:00Z,35.13364,-68.79704,0.101,1.0525
2005-09-03T00:00:00Z,35.16621,-68.79512,0.055,0.9976
2005-09-03T01:00:00Z,35.19945,-68.79318,0.052,0.8739
2005-09-03T02:00:00Z,35.22543,-68.79038,0.0568,0.9171
2005-09-03T03:00:00Z,35.25528,-68.77348,0.5179,0.8615
2005-09-03T04:00:00Z,35.28349,-68.74941,0.431,0.8619
2005-09-03T05:00:00Z,35.31102,-68.73345,0.4268,0.8611
2005-09-03T06:00:00Z,35.33917,-68.71876,0.2408,0.8623
2005-09-03T07:00:00Z,35.36673,-68.71505,0.2625,0.8605
2005-09-03T08:00:00Z,35.39419,-68.70342,0.3424,0.8569
2005-09-03T09:00:00Z,35.43702,-68.68901,0.3347,1.0187
2005-09-03T10:00:00Z,35.44888,-68.6756,0.3301,0.783
2005-09-03T11:00:00Z,35.47491,-68.66386,0.3338,0.7776
2005-09-03T12:00:00Z,35.50001,-68.651,0.3483,0.7845
2005-09-03T13:00:00Z,35.52523,-68.63644,0.3479,0.7845
2005-09-03T14:00:00Z,35.55052,-68.62201,0.3469,0.7845
2005-09-03T15:00:00Z,35.57551,-68.60816,0.3521,0.7709
2005-09-03T16:00:00Z,35.60068,-68.59514,0.3509,0.7708
2005-09-03T17:00:00Z,35.62418,-68.57973,0.3905,0.7208
2005-09-03T18:00:00Z,35.64735,-68.56295,0.4275,0.7104
2005-09-03T19:00:00Z,35.66936,-68.54429,0.2987,0.7639
2005-09-03T20:00:00Z,35.69559,-68.53451,0.3243,0.7589
2005-09-03T21:00:00Z,35.72097,-68.5219,0.296,0.8308
2005-09-03T22:00:00Z,35.7481,-68.5085,0.4178,0.844
2005-09-03T23:00:00Z,35.77558,-68.49192,0.4629,0.8231
2005-09-04T00:00:00Z,35.8019,-68.47374,0.4601,0.821
2005-09-04T01:00:00Z,35.8286,-68.45634,0.4535,0.8208
2005-09-04T02:00:00Z,35.85551,-68.43902,0.519,0.7728
2005-09-04T03:00:00Z,35.87937,-68.41467,0.4977,0.7745
2005-09-04T04:00:00Z,35.90477,-68.39467,0.4725,0.7709
2005-09-04T05:00:00Z,35.92928,-68.37618,0.4643,0.7691
2005-09-04T06:00:00Z,35.95395,-68.35893,0.403,0.7867
2005-09-04T07:00:00Z,35.98346,-68.34553,0.3948,0.8205
2005-09-04T08:00:00Z,36.00683,-68.32483,0.5899,0.7383
2005-09-04T09:00:00Z,36.02848,-68.30373,0.6102,0.6863
2005-09-04T10:00:00Z,36.05261,-68.27795,0.3845,0.6971
2005-09-04T11:00:00Z,36.07421,-68.26387,0.4166,0.7067
2005-09-04T12:00:00Z,36.09591,-68.24421,0.4965,0.6535
2005-09-04T13:00:00Z,36.11967,-68.22521,0.4959,0.5689
2005-09-04T14:00:00Z,36.13659,-68.20378,0.4965,0.602
2005-09-04T15:00:00Z,36.15561,-68.18637,0.3905,0.5473
2005-09-04T16:00:00Z,36.17388,-68.17013,0.339,0.5698
2005-09-04T17:00:00Z,36.19151,-68.15887,0.3349,0.5634
2005-09-04T18:00:00Z,36.21518,-68.13938,0.4888,0.5654
2005-09-04T19:00:00Z,36.23421,-68.11495,0.479,0.4782
2005-09-04T20:00:00Z,36.25046,-68.10002,0.4641,0.4783
2005-09-04T21:00:00Z,36.26696,-68.08307,0.573,0.4368
2005-09-04T22:00:00Z,36.27968,-68.05836,0.5633,0.4433
2005-09-04T23:00:00Z,36.29304,-68.03517,0.5805,0.4037
2005-09-05T00:00:00Z,36.30788,-68.01281,0.5764,0.4241
2005-09-05T01:00:00Z,36.32258,-67.9906,0.5739,0.4291
2005-09-05T02:00:00Z,36.33441,-67.96684,0.5933,0.2938
2005-09-05T03:00:00Z,36.34008,-67.94053,0.5958,0.3573
2005-09-05T04:00:00Z,36.35314,-67.91802,0.5917,0.3603
2005-09-05T05:00:00Z,36.36534,-67.89528,0.5831,0.3646
2005-09-05T06:00:00Z,36.37884,-67.87587,0.5037,0.4303
2005-09-05T07:00:00Z,36.39346,-67.85837,0.4966,0.4318
2005-09-05T08:00:00Z,36.40582,-67.83459,0.5562,0.4106
2005-09-05T09:00:00Z,36.41721,-67.8012,0.7832,0.2916
2005-09-05T10:00:00Z,36.4259,-67.76929,0.7073,0.2139
2005-09-05T11:00:00Z,36.43357,-67.73977,0.6915,0.1533
2005-09-05T12:00:00Z,36.43795,-67.71309,0.6859,0.1538
2005-09-05T13:00:00Z,36.44183,-67.68307,0.7438,0.1035
2005-09-05T14:00:00Z,36.44522,-67.65199,0.7111,0.0937
2005-09-05T15:00:00Z,36.44804,-67.62456,0.7125,0.0939
2005-09-05T16:00:00Z,36.45032,-67.59626,0.6304,0.0549
2005-09-05T17:00:00Z,36.45354,-67.57055,0.6089,-0.0701
2005-09-05T18:00:00Z,36.45092,-67.54625,0.6088,-0.0768
2005-09-05T19:00:00Z,36.44876,-67.52261,0.5826,-0.0841
2005-09-05T20:00:00Z,36.44264,-67.49855,0.5862,-0.1236
2005-09-05T21:00:00Z,36.44412,-67.47539,0.5758,0.0167
2005-09-05T22:00:00Z,36.44721,-67.45551,0.5584,-0.012
2005-09-05T23:00:00Z,36.44549,-67.42854,0.6198,0.004
2005-09-06T00:00:00Z,36.44556,-67.40328,0.6355,-0.0465
2005-09-06T01:00:00Z,36.44433,-67.37854,0.6419,-0.0489
2005-09-06T02:00:00Z,36.44174,-67.35314,0.6091,-0.0902
2005-09-06T03:00:00Z,36.43937,-67.32657,0.653,-0.1017
2005-09-06T04:00:00Z,36.43011,-67.30744,0.5678,-0.1788
2005-09-06T05:00:00Z,36.43312,-67.26486,0.804,-0.0659
2005-09-06T06:00:00Z,36.43042,-67.23111,0.9766,-0.0307
2005-09-06T07:00:00Z,36.42955,-67.1929,0.6146,-0.1091
2005-09-06T08:00:00Z,36.42624,-67.17718,0.6961,-0.11
2005-09-06T09:00:00Z,36.41931,-67.14997,0.6762,-0.3503
2005-09-06T10:00:00Z,36.40517,-67.11932,0.6287,-0.3002
2005-09-06T11:00:00Z,36.39526,-67.09462,0.6012,-0.3596
2005-09-06T12:00:00Z,36.38537,-67.07025,0.5949,-0.3597
2005-09-06T13:00:00Z,36.37258,-67.05044,0.5368,-0.344
2005-09-06T14:00:00Z,36.36397,-67.02807,0.5476,-0.1554
2005-09-06T15:00:00Z,36.35981,-67.0052,0.546,-0.1721
2005-09-06T16:00:00Z,36.35444,-66.98391,0.5537,-0.1269
2005-09-06T17:00:00Z,36.35039,-66.9613,0.5581,-0.1265
2005-09-06T18:00:00Z,36.34626,-66.93946,0.5569,-0.1259
2005-09-06T19:00:00Z,36.34251,-66.91563,0.5876,-0.1138
2005-09-06T20:00:00Z,36.33897,-66.88924,0.5891,-0.1138
2005-09-06T21:00:00Z,36.33499,-66.86775,0.6037,-0.1202
2005-09-06T22:00:00Z,36.33097,-66.84337,0.7662,-0.16
2005-09-06T23:00:00Z,36.32585,-66.81212,0.7673,-0.1614
2005-09-07T00:00:00Z,36.31887,-66.78122,0.7722,-0.2187
2005-09-07T01:00:00Z,36.30978,-66.75394,0.5344,-0.3159
2005-09-07T02:00:00Z,36.29883,-66.73675,0.5552,-0.3191
2005-09-07T03:00:00Z,36.28799,-66.71537,0.5577,-0.3211
2005-09-07T04:00:00Z,36.27691,-66.69306,0.5576,-0.3234
2005-09-07T05:00:00Z,36.26509,-66.6702,0.5552,-0.3275
2005-09-07T06:00:00Z,36.25776,-66.64985,0.4984,-0.2338
2005-09-07T07:00:00Z,36.25083,-66.62928,0.4907,-0.1647
2005-09-07T08:00:00Z,36.24526,-66.61033,0.4947,-0.1619
2005-09-07T09:00:00Z,36.2398,-66.59049,0.5377,-0.1581
2005-09-07T10:00:00Z,36.23599,-66.56946,0.5401,-0.2236
2005-09-07T11:00:00Z,36.22869,-66.54704,0.5443,-0.225
2005-09-07T12:00:00Z,36.22171,-66.52685,0.4031,-0.2344
2005-09-07T13:00:00Z,36.21385,-66.51144,0.4064,-0.2351
2005-09-07T14:00:00Z,36.20596,-66.49548,0.4088,-0.2355
2005-09-07T15:00:00Z,36.19858,-66.47926,0.3874,-0.2035
2005-09-07T16:00:00Z,36.1928,-66.46366,0.3874,-0.1914
2005-09-07T17:00:00Z,36.1891,-66.44876,0.3702,-0.1123
2005-09-07T18:00:00Z,36.18609,-66.4337,0.3704,-0.1106
2005-09-07T19:00:00Z,36.18381,-66.4183,0.3794,-0.0606
2005-09-07T20:00:00Z,36.18115,-66.40548,0.4241,-0.0286
2005-09-07T21:00:00Z,36.18083,-66.38668,0.4077,-0.0289
2005-09-07T22:00:00Z,36.17996,-66.36913,0.4693,-0.0195
2005-09-07T23:00:00Z,36.17998,-66.35168,0.4708,-0.0204
2005-09-08T00:00:00Z,36.17862,-66.33179,0.4691,-0.0294
2005-09-08T01:00:00Z,36.17752,-66.3126,0.4692,-0.0295
2005-09-08T02:00:00Z,36.17649,-66.2934,0.4691,-0.0295
2005-09-08T03:00:00Z,36.1744,-66.27675,0.4236,-0.0642
2005-09-08T04:00:00Z,36.17211,-66.26073,0.3937,-0.0888
2005-09-08T05:00:00Z,36.16703,-66.24603,0.3702,-0.0441
2005-09-08T06:00:00Z,36.16655,-66.23033,0.3709,-0.0442
2005-09-08T07:00:00Z,36.16409,-66.21498,0.3746,-0.0529
2005-09-08T08:00:00Z,36.16358,-66.20091,0.3781,-0.0515
2005-09-08T09:00:00Z,36.16138,-66.18484,0.4146,-0.0449
2005-09-08T10:00:00Z,36.15849,-66.16847,0.4095,0.0386
2005-09-08T11:00:00Z,36.16081,-66.15124,0.4084,0.0273
2005-09-08T12:00:00Z,36.16156,-66.13844,0.2892,0.0402
2005-09-08T13:00:00Z,36.16255,-66.12689,0.2882,0.0404
2005-09-08T14:00:00Z,36.16352,-66.11453,0.2875,0.0408
2005-09-08T15:00:00Z,36.16536,-66.10361,0.2751,0.0458
2005-09-08T16:00:00Z,36.16701,-66.09425,0.2692,0.0462
2005-09-08T17:00:00Z,36.16957,-66.07878,0.4351,0.0945
2005-09-08T18:00:00Z,36.17208,-66.05656,0.3682,0.0941
2005-09-08T19:00:00Z,36.1774,-66.04461,0.3974,0.1367
2005-09-08T20:00:00Z,36.18168,-66.02845,0.3831,0.1275
2005-09-08T21:00:00Z,36.18597,-66.01308,0.4501,0.0509
2005-09-08T22:00:00Z,36.18754,-65.99377,0.45,0.0484
2005-09-08T23:00:00Z,36.18928,-65.9757,0.4401,0.0266
2005-09-09T00:00:00Z,36.18987,-65.95853,0.4405,0.0265
2005-09-09T01:00:00Z,36.19048,-65.94102,0.4405,0.0266
2005-09-09T02:00:00Z,36.19116,-65.92357,0.4219,0.0217
2005-09-09T03:00:00Z,36.19246,-65.9065,0.4219,0.0231
2005-09-09T04:00:00Z,36.19114,-65.89103,0.3866,-0.055
2005-09-09T05:00:00Z,36.18863,-65.87563,0.371,-0.1363
2005-09-09T06:00:00Z,36.18276,-65.86071,0.371,-0.1333
2005-09-09T07:00:00Z,36.1791,-65.84625,0.3534,-0.0824
2005-09-09T08:00:00Z,36.17644,-65.83166,0.3512,-0.0783
2005-09-09T09:00:00Z,36.17507,-65.81841,0.3496,-0.0523
2005-09-09T10:00:00Z,36.17333,-65.80362,0.3544,-0.0448
2005-09-09T11:00:00Z,36.17147,-65.78656,0.2979,-0.011
2005-09-09T12:00:00Z,36.17229,-65.78366,0.2873,-0.0075
2005-09-09T13:00:00Z,36.17205,-65.77185,0.3642,0.0179
2005-09-09T14:00:00Z,36.17338,-65.75435,0.3587,0.007
2005-09-09T15:00:00Z,36.17316,-65.74179,0.3766,0.0092
2005-09-09T16:00:00Z,36.17297,-65.72692,0.334,-0.0348
2005-09-09T17:00:00Z,36.16945,-65.71585,0.2897,-0.0909
2005-09-09T18:00:00Z,36.16857,-65.70323,0.3879,0.0046
2005-09-09T19:00:00Z,36.16817,-65.68745,0.3872,0.0039
2005-09-09T20:00:00Z,36.1681,-65.6726,0.3548,-0.0242
2005-09-09T21:00:00Z,36.16705,-65.65865,0.3226,-0.0425
2005-09-09T22:00:00Z,36.16621,-65.64543,0.3225,-0.0397
2005-09-09T23:00:00Z,36.16169,-65.63521,0.2666,-0.1023
2005-09-10T00:00:00Z,36.13678,-65.62352,0.2182,0.1648
2005-09-10T01:00:00Z,36.15542,-65.61559,0.2227,-0.0958
2005-09-10T02:00:00Z,36.15232,-65.60649,0.2238,-0.0794
2005-09-10T03:00:00Z,36.15012,-65.59825,0.2197,-0.0862
2005-09-10T04:00:00Z,36.14715,-65.58905,0.2212,-0.0863
2005-09-10T05:00:00Z,36.14425,-65.57975,0.2223,-0.0863
2005-09-10T06:00:00Z,36.14132,-65.57011,0.2237,-0.0863
2005-09-10T07:00:00Z,36.1381,-65.56245,0.2043,-0.0986
2005-09-10T08:00:00Z,36.1356,-65.55655,0.181,-0.1057
2005-09-10T09:00:00Z,36.12696,-65.54727,0.1285,-0.1354
2005-09-10T10:00:00Z,36.12486,-65.5419,0.0872,-0.2442
2005-09-10T11:00:00Z,36.11745,-65.53677,0.2039,-0.2103
2005-09-10T12:00:00Z,36.10959,-65.52725,0.1986,-0.2189
2005-09-10T13:00:00Z,36.10903,-65.51993,0.2132,-0.0377
2005-09-10T14:00:00Z,36.10999,-65.51127,0.2355,0.0722
2005-09-10T15:00:00Z,36.11161,-65.4997,0.2362,0.0675
2005-09-10T16:00:00Z,36.11925,-65.49132,0.2641,0.3851
2005-09-10T17:00:00Z,36.13101,-65.46724,-0.062,-0.3644
2005-09-10T18:00:00Z,36.10267,-65.50311,0.5688,-0.0624
2005-09-10T19:00:00Z,36.10762,-65.48079,0.5769,-0.3072
2005-09-10T20:00:00Z,36.09799,-65.45699,0.578,-0.1311
2005-09-10T21:00:00Z,36.09138,-65.44643,0.2201,-0.2326
2005-09-10T22:00:00Z,36.08423,-65.44114,-0.0046,-0.2729
2005-09-10T23:00:00Z,36.07405,-65.44716,0.0421,-0.27
2005-09-11T00:00:00Z,36.06569,-65.44608,-0.0595,-0.2671
2005-09-11T01:00:00Z,36.05695,-65.4431,-0.1384,-0.2404
2005-09-11T02:00:00Z,36.04914,-65.45088,-0.1329,-0.2403
2005-09-11T03:00:00Z,36.04236,-65.45621,-0.1283,-0.1961
2005-09-11T04:00:00Z,36.03513,-65.45935,-0.1291,-0.2041
2005-09-11T05:00:00Z,36.03493,-65.46492,-0.1055,-0.0516
2005-09-11T06:00:00Z,36.03377,-65.47056,-0.1034,-0.0581
2005-09-11T07:00:00Z,36.03179,-65.47269,-0.0454,-0.0354
2005-09-11T08:00:00Z,36.03051,-65.47451,-0.0197,-0.0692
2005-09-11T09:00:00Z,36.02776,-65.47446,-0.0165,-0.0708
2005-09-11T10:00:00Z,36.02483,-65.47584,-0.0155,-0.1177
2005-09-11T11:00:00Z,36.01961,-65.476,-0.0229,-0.1741
2005-09-11T12:00:00Z,36.0143,-65.47678,-0.0223,-0.1712
2005-09-11T13:00:00Z,36.00879,-65.47806,-0.0225,-0.1708
2005-09-11T14:00:00Z,36.00311,-65.4791,-0.0225,-0.1708
2005-09-11T15:00:00Z,35.99764,-65.47992,-0.0256,-0.1406
2005-09-11T16:00:00Z,35.99407,-65.48138,-0.0542,-0.1322
2005-09-11T17:00:00Z,35.98951,-65.48682,-0.2198,-0.1415
2005-09-11T18:00:00Z,35.98515,-65.48979,0.1088,-0.1196
2005-09-11T19:00:00Z,35.98141,-65.48302,0.0017,-0.1186
2005-09-11T20:00:00Z,35.97638,-65.48675,-0.1878,-0.21
2005-09-11T21:00:00Z,35.96971,-65.49473,-0.1845,-0.212
2005-09-11T22:00:00Z,35.96282,-65.50181,-0.1808,-0.228
2005-09-11T23:00:00Z,35.95523,-65.50909,-0.1794,-0.2278
2005-09-12T00:00:00Z,35.94873,-65.51553,-0.1681,-0.2114
2005-09-12T01:00:00Z,35.94342,-65.51999,-0.1276,-0.1589
2005-09-12T02:00:00Z,35.93767,-65.52844,-0.1507,-0.1598
2005-09-12T03:00:00Z,35.93432,-65.53143,0.0046,-0.0695
2005-09-12T04:00:00Z,35.9317,-65.53153,0.0314,-0.0335
2005-09-12T05:00:00Z,35.93138,-65.52986,0.0315,-0.0317
2005-09-12T06:00:00Z,35.93275,-65.52749,0.0269,-0.13
2005-09-12T07:00:00Z,35.9279,-65.52763,0.0288,-0.1306
2005-09-12T08:00:00Z,35.92302,-65.52637,0.0479,-0.2142
2005-09-12T09:00:00Z,35.91568,-65.52414,0.0475,-0.213
2005-09-12T10:00:00Z,35.90637,-65.51978,0.1556,-0.3477
2005-09-12T11:00:00Z,35.89409,-65.51292,0.1608,-0.3495
2005-09-12T12:00:00Z,35.88329,-65.51346,-0.0835,-0.3248
2005-09-12T13:00:00Z,35.87328,-65.51826,-0.0836,-0.3248
2005-09-12T14:00:00Z,35.86296,-65.52419,-0.0252,-0.3247
2005-09-12T15:00:00Z,35.85241,-65.52385,0.0327,-0.3111
2005-09-12T16:00:00Z,35.84273,-65.52268,-0.0209,-0.2658
2005-09-12T17:00:00Z,35.83557,-65.52842,-0.195,-0.2225
2005-09-12T18:00:00Z,35.82652,-65.53369,-0.1476,-0.2757
2005-09-12T19:00:00Z,35.8171,-65.55133,-0.2654,-0.2766
2005-09-12T20:00:00Z,35.80747,-65.54469,-0.1211,-0.3189
2005-09-12T21:00:00Z,35.79802,-65.54847,-0.1228,-0.3397
2005-09-12T22:00:00Z,35.78532,-65.55453,-0.1045,-0.4084
2005-09-12T23:00:00Z,35.77272,-65.55926,-0.1152,-0.4358
2005-09-13T00:00:00Z,35.75799,-65.56309,-0.1137,-0.4357
2005-09-13T01:00:00Z,35.74354,-65.56709,-0.1134,-0.4353
2005-09-13T02:00:00Z,35.72867,-65.57179,-0.1982,-0.4737
2005-09-13T03:00:00Z,35.71454,-65.58028,-0.2,-0.461
2005-09-13T04:00:00Z,35.69754,-65.58793,-0.2014,-0.6149
2005-09-13T05:00:00Z,35.67727,-65.59631,-0.2018,-0.614
2005-09-13T06:00:00Z,35.65726,-65.60468,-0.1538,-0.7246
2005-09-13T07:00:00Z,35.63378,-65.6103,-0.1555,-0.7285
2005-09-13T08:00:00Z,35.60905,-65.61719,-0.1731,-0.7846
2005-09-13T09:00:00Z,35.5834,-65.62315,-0.1712,-0.7852
2005-09-13T10:00:00Z,35.55857,-65.63375,-0.2599,-0.7756
2005-09-13T11:00:00Z,35.53245,-65.64389,-0.514,-0.7509
2005-09-13T12:00:00Z,35.50947,-65.66402,-0.5232,-0.7518
2005-09-13T13:00:00Z,35.48552,-65.68471,-0.6563,-0.7515
2005-09-13T14:00:00Z,35.45985,-65.71056,-0.6647,-0.7446
2005-09-13T15:00:00Z,35.43706,-65.73759,-0.6755,-0.696
2005-09-13T16:00:00Z,35.41471,-65.76485,-0.6675,-0.6447
2005-09-13T17:00:00Z,35.39455,-65.79072,-0.6647,-0.6388
2005-09-13T18:00:00Z,35.37402,-65.81674,-0.6636,-0.6374
2005-09-13T19:00:00Z,35.35425,-65.84235,-0.6429,-0.4093
2005-09-13T20:00:00Z,35.34228,-65.86849,-0.647,-0.4142
2005-09-13T21:00:00Z,35.32807,-65.89055,-0.4061,-0.4587
2005-09-13T22:00:00Z,35.31372,-65.90763,-0.397,-0.4652
2005-09-13T23:00:00Z,35.2974,-65.92404,-0.3984,-0.5371
2005-09-14T00:00:00Z,35.27997,-65.93897,-0.3984,-0.5377
2005-09-14T01:00:00Z,35.26306,-65.95351,-0.4,-0.541
2005-09-14T02:00:00Z,35.2446,-65.97064,-0.486,-0.6038
2005-09-14T03:00:00Z,35.22478,-65.99041,-0.4829,-0.6035
2005-09-14T04:00:00Z,35.20383,-66.01046,-0.512,-0.649
2005-09-14T05:00:00Z,35.18358,-66.02992,-0.5077,-0.645
2005-09-14T06:00:00Z,35.16174,-66.05259,-0.6535,-0.7256
2005-09-14T07:00:00Z,35.13675,-66.08285,-0.5976,-0.71
2005-09-14T08:00:00Z,35.11446,-66.10595,-0.6526,-0.7091
2005-09-14T09:00:00Z,35.09212,-66.13005,-0.7589,-0.5636
2005-09-14T10:00:00Z,35.07527,-66.16817,-0.7427,-0.5559
2005-09-14T11:00:00Z,35.05892,-66.20032,-0.6529,-0.4724
2005-09-14T12:00:00Z,35.04343,-66.22126,-0.7465,-0.4704
2005-09-14T13:00:00Z,35.02917,-66.25135,-0.6503,-0.4306
2005-09-14T14:00:00Z,35.01558,-66.27748,-0.6733,-0.4066
2005-09-14T15:00:00Z,35.00181,-66.30315,-0.6722,-0.4073
2005-09-14T16:00:00Z,34.99031,-66.33134,-0.7137,-0.3453
2005-09-14T17:00:00Z,34.97958,-66.35954,-0.7109,-0.2702
2005-09-14T18:00:00Z,34.97133,-66.38749,-0.7081,-0.2687
2005-09-14T19:00:00Z,34.96242,-66.41594,-0.6465,-0.2495
2005-09-14T20:00:00Z,34.95475,-66.44074,-0.6514,-0.251
2005-09-14T21:00:00Z,34.94445,-66.46812,-0.6941,-0.3304
2005-09-14T22:00:00Z,34.9348,-66.49302,-0.6689,-0.3633
2005-09-14T23:00:00Z,34.92143,-66.52364,-0.7036,-0.3615
2005-09-15T00:00:00Z,34.90989,-66.55072,-0.659,-0.3315
2005-09-15T01:00:00Z,34.89985,-66.56974,-0.6524,-0.3366
2005-09-15T02:00:00Z,34.88993,-66.60138,-0.8414,-0.2825
2005-09-15T03:00:00Z,34.87999,-66.63388,-0.844,-0.2634
2005-09-15T04:00:00Z,34.87228,-66.66776,-0.845,-0.2648
2005-09-15T05:00:00Z,34.86431,-66.70181,-0.8454,-0.2665
2005-09-15T06:00:00Z,34.85554,-66.73383,-0.7978,-0.2597
2005-09-15T07:00:00Z,34.84583,-66.76443,-0.8014,-0.2609
2005-09-15T08:00:00Z,34.83995,-66.79674,-0.8012,-0.2038
2005-09-15T09:00:00Z,34.83337,-66.82779,-0.804,-0.1483
2005-09-15T10:00:00Z,34.82965,-66.86064,-0.8059,-0.1502
2005-09-15T11:00:00Z,34.82431,-66.89148,-0.8004,-0.1465
2005-09-15T12:00:00Z,34.81862,-66.91905,-0.7381,-0.1558
2005-09-15T13:00:00Z,34.81435,-66.94904,-0.7424,-0.1538
2005-09-15T14:00:00Z,34.80991,-66.99059,-0.832,-0.1527
2005-09-15T15:00:00Z,34.80589,-67.02463,-0.8341,-0.1513
2005-09-15T16:00:00Z,34.79967,-67.03773,-0.7504,-0.1503
2005-09-15T17:00:00Z,34.79451,-67.06609,-0.8269,-0.1279
2005-09-15T18:00:00Z,34.79113,-67.09909,-0.8248,-0.13
2005-09-15T19:00:00Z,34.78648,-67.13195,-0.8444,-0.1311
2005-09-15T20:00:00Z,34.78243,-67.165,-0.8448,-0.1328
2005-09-15T21:00:00Z,34.77793,-67.19732,-0.8116,-0.1302
2005-09-15T22:00:00Z,34.77339,-67.22754,-0.6697,-0.1225
2005-09-15T23:00:00Z,34.77124,-67.25354,-0.6712,-0.1139
2005-09-16T00:00:00Z,34.76651,-67.28256,-0.7278,-0.111
2005-09-16T01:00:00Z,34.75711,-67.3109,-0.761,0.045
2005-09-16T02:00:00Z,34.75913,-67.34252,-0.7581,0.0347
2005-09-16T03:00:00Z,34.7597,-67.37194,-0.7487,0.0244
2005-09-16T04:00:00Z,34.7616,-67.40037,-0.7564,0.032
2005-09-16T05:00:00Z,34.75456,-67.43178,-0.7678,-0.0734
2005-09-16T06:00:00Z,34.75313,-67.46198,-0.7766,-0.0697
2005-09-16T07:00:00Z,34.75159,-67.49339,-0.7588,0.0053
2005-09-16T08:00:00Z,34.75104,-67.5223,-0.7603,0.002
2005-09-16T09:00:00Z,34.7521,-67.55259,-0.7859,0.0948
2005-09-16T10:00:00Z,34.75604,-67.58345,-0.7789,0.1619
2005-09-16T11:00:00Z,34.75958,-67.61487,-0.7848,0.1382
2005-09-16T12:00:00Z,34.76701,-67.64368,-0.7132,0.292
2005-09-16T13:00:00Z,34.77741,-67.67083,-0.71,0.2846
2005-09-16T14:00:00Z,34.78686,-67.69898,-0.7087,0.2822
2005-09-16T15:00:00Z,34.79542,-67.72595,-0.6545,0.2977
2005-09-16T16:00:00Z,34.80511,-67.75011,-0.6583,0.2968
2005-09-16T17:00:00Z,34.81533,-67.77534,-0.5301,0.4338
2005-09-16T18:00:00Z,34.82914,-67.79628,-0.5235,0.4386
2005-09-16T19:00:00Z,34.84403,-67.81279,-0.4366,0.4677
2005-09-16T20:00:00Z,34.86004,-67.82484,-0.3632,0.4718
2005-09-16T21:00:00Z,34.87397,-67.84753,-0.4164,0.4718
2005-09-16T22:00:00Z,34.88975,-67.85746,-0.2697,0.4589
2005-09-16T23:00:00Z,34.90546,-67.86735,-0.2323,0.4802
2005-09-17T00:00:00Z,34.92027,-67.87731,-0.238,0.4752
2005-09-17T01:00:00Z,34.93457,-67.88811,-0.2463,0.4689
2005-09-17T02:00:00Z,34.94829,-67.89969,-0.1115,0.5411
2005-09-17T03:00:00Z,34.96814,-67.9036,-0.113,0.5087
2005-09-17T04:00:00Z,34.98505,-67.90811,-0.1028,0.5531
2005-09-17T05:00:00Z,35.002,-67.91125,-0.099,0.5514
2005-09-17T06:00:00Z,35.02073,-67.91971,-0.1934,0.5575
2005-09-17T07:00:00Z,35.03913,-67.92696,-0.2127,0.5798
2005-09-17T08:00:00Z,35.0575,-67.93601,-0.2148,0.5797
2005-09-17T09:00:00Z,35.07709,-67.93725,-0.0409,0.6032
2005-09-17T10:00:00Z,35.09572,-67.9383,-0.0153,0.5728
2005-09-17T11:00:00Z,35.11508,-67.94247,-0.0256,0.5745
2005-09-17T12:00:00Z,35.12997,-67.93936,0.0698,0.478
2005-09-17T13:00:00Z,35.14554,-67.93736,0.0565,0.4395
2005-09-17T14:00:00Z,35.15973,-67.9339,0.0455,0.4395
2005-09-17T15:00:00Z,35.17282,-67.93254,0.0257,0.3941
2005-09-17T16:00:00Z,35.18707,-67.9324,-0.0173,0.4162
2005-09-17T17:00:00Z,35.19909,-67.93191,-0.0106,0.5248
2005-09-17T18:00:00Z,35.2171,-67.93859,-0.0834,0.509
2005-09-17T19:00:00Z,35.23243,-67.93224,0.0039,0.5196
2005-09-17T20:00:00Z,35.24897,-67.93086,0.0972,0.471
2005-09-17T21:00:00Z,35.26345,-67.93163,-0.0061,0.447
2005-09-17T22:00:00Z,35.27886,-67.92266,0.1033,0.446
2005-09-17T23:00:00Z,35.29333,-67.92283,-0.0432,0.4434
2005-09-18T00:00:00Z,35.3072,-67.93081,-0.0026,0.4445
2005-09-18T01:00:00Z,35.32114,-67.93247,0.0023,0.4459
2005-09-18T02:00:00Z,35.33591,-67.93213,0.0777,0.4666
2005-09-18T03:00:00Z,35.35149,-67.92876,0.0777,0.4678
2005-09-18T04:00:00Z,35.36857,-67.92703,0.0522,0.526
2005-09-18T05:00:00Z,35.38578,-67.92433,0.0091,0.5661
2005-09-18T06:00:00Z,35.40445,-67.92628,0.0051,0.5704
2005-09-18T07:00:00Z,35.42493,-67.92536,0.0249,0.6799
2005-09-18T08:00:00Z,35.44717,-67.92392,0.0339,0.6835
2005-09-18T09:00:00Z,35.47044,-67.90701,0.2384,0.6019
2005-09-18T10:00:00Z,35.48838,-67.89947,0.3219,0.5782
2005-09-18T11:00:00Z,35.50724,-67.88742,0.3656,0.5451
2005-09-18T12:00:00Z,35.52512,-67.87263,0.3645,0.5436
2005-09-18T13:00:00Z,35.54208,-67.85757,0.3882,0.5199
2005-09-18T14:00:00Z,35.55876,-67.84267,0.3715,0.4962
2005-09-18T15:00:00Z,35.5744,-67.82803,0.369,0.4929
2005-09-18T16:00:00Z,35.58993,-67.81865,0.2528,0.4743
2005-09-18T17:00:00Z,35.60334,-67.81652,0.0194,0.3805
2005-09-18T18:00:00Z,35.61435,-67.78959,0.468,0.3543
2005-09-18T19:00:00Z,35.62587,-67.77131,0.4706,0.3558
2005-09-18T20:00:00Z,35.63821,-67.75354,0.4193,0.4007
2005-09-18T21:00:00Z,35.65129,-67.74229,0.2934,0.4079
2005-09-18T22:00:00Z,35.66449,-67.73236,0.33,0.3634
2005-09-18T23:00:00Z,35.67581,-67.71706,0.3188,0.3614
2005-09-19T00:00:00Z,35.68825,-67.70485,0.3511,0.3658
2005-09-19T01:00:00Z,35.69864,-67.69071,0.3491,0.3681
2005-09-19T02:00:00Z,35.71247,-67.67726,0.3316,0.4129
2005-09-19T03:00:00Z,35.727,-67.66418,0.3208,0.4482
2005-09-19T04:00:00Z,35.74048,-67.65144,0.3205,0.4436
2005-09-19T05:00:00Z,35.754,-67.63853,0.3186,0.4881
2005-09-19T06:00:00Z,35.77122,-67.62605,0.3185,0.478
2005-09-19T07:00:00Z,35.7868,-67.61178,0.3669,0.5068
2005-09-19T08:00:00Z,35.80272,-67.59763,0.4238,0.4573
2005-09-19T09:00:00Z,35.81717,-67.57899,0.4383,0.4502
2005-09-19T10:00:00Z,35.82784,-67.55816,0.5858,0.2514
2005-09-19T11:00:00Z,35.83621,-67.53487,0.5885,0.2566
2005-09-19T12:00:00Z,35.84469,-67.51248,0.5494,0.2835
2005-09-19T13:00:00Z,35.85363,-67.48951,0.5541,0.2824
2005-09-19T14:00:00Z,35.86302,-67.46484,0.5963,0.2887
2005-09-19T15:00:00Z,35.87226,-67.44624,0.5575,0.2897
2005-09-19T16:00:00Z,35.8832,-67.41446,0.6724,0.3468
2005-09-19T17:00:00Z,35.89052,-67.38999,0.5836,0.0189
2005-09-19T18:00:00Z,35.89075,-67.36547,0.6104,-0.0131
2005-09-19T19:00:00Z,35.89109,-67.34277,0.5986,-0.0176
2005-09-19T20:00:00Z,35.89133,-67.30565,0.3518,0.0724
2005-09-19T21:00:00Z,35.89401,-67.29294,0.3727,0.0713
2005-09-19T22:00:00Z,35.8965,-67.27769,0.3706,0.0982
2005-09-19T23:00:00Z,35.89931,-67.26299,0.3722,0.0985
2005-09-20T00:00:00Z,35.90283,-67.2478,0.3762,0.1008
2005-09-20T01:00:00Z,35.9065,-67.23211,0.3611,0.0965
2005-09-20T02:00:00Z,35.90917,-67.21911,0.3517,0.0948
2005-09-20T03:00:00Z,35.91198,-67.20719,0.3396,0.0941
2005-09-20T04:00:00Z,35.91472,-67.19657,0.3268,0.0934
2005-09-20T05:00:00Z,35.9178,-67.17836,0.4434,0.0854
2005-09-20T06:00:00Z,35.92103,-67.15967,0.4294,0.0853
2005-09-20T07:00:00Z,35.92234,-67.14283,0.4455,0.0388
2005-09-20T08:00:00Z,35.9247,-67.12443,0.4424,-0.1119
2005-09-20T09:00:00Z,35.92052,-67.10702,0.4443,-0.1107
2005-09-20T10:00:00Z,35.91641,-67.08896,0.3711,0.018
2005-09-20T11:00:00Z,35.91689,-67.07355,0.3693,0.0205
2005-09-20T12:00:00Z,35.9172,-67.05825,0.3576,0.034
2005-09-20T13:00:00Z,35.91849,-67.04474,0.3537,0.0344
2005-09-20T14:00:00Z,35.91981,-67.03139,0.3511,0.0346
2005-09-20T15:00:00Z,35.92088,-67.01767,0.3547,0.0265
2005-09-20T16:00:00Z,35.92088,-67.00017,0.3649,0.0235
2005-09-20T17:00:00Z,35.92001,-66.98645,0.3765,-0.025
2005-09-20T18:00:00Z,35.91968,-66.97265,0.3429,0.0131
2005-09-20T19:00:00Z,35.91995,-66.95696,0.356,0.0153
2005-09-20T20:00:00Z,35.92122,-66.94642,0.258,0.0512
2005-09-20T21:00:00Z,35.92256,-66.93622,0.2549,0.0518
2005-09-20T22:00:00Z,35.92721,-66.92715,0.2276,0.1374
2005-09-20T23:00:00Z,35.93395,-66.91923,0.4154,0.2268
2005-09-21T00:00:00Z,35.94511,-66.89853,0.3465,0.2507
2005-09-21T01:00:00Z,35.95371,-66.8843,0.4812,0.0811
2005-09-21T02:00:00Z,35.95611,-66.86649,0.4946,0.0839
2005-09-21T03:00:00Z,35.95902,-66.84525,0.5475,0.0884
2005-09-21T04:00:00Z,35.96125,-66.8221,0.6643,0.0821
2005-09-21T05:00:00Z,35.96457,-66.79508,0.6667,0.0853
2005-09-21T06:00:00Z,35.97121,-66.76965,0.6756,-0.0151
2005-09-21T07:00:00Z,35.96845,-66.74085,0.6833,0.0452
2005-09-21T08:00:00Z,35.96819,-66.71526,0.5775,-0.0907
2005-09-21T09:00:00Z,35.96609,-66.69446,0.5884,-0.09
2005-09-21T10:00:00Z,35.962,-66.66994,0.5714,-0.1154
2005-09-21T11:00:00Z,35.95788,-66.64596,0.5734,-0.1153
2005-09-21T12:00:00Z,35.95308,-66.63057,0.3826,-0.1643
2005-09-21T13:00:00Z,35.94808,-66.61587,0.3987,-0.1757
2005-09-21T14:00:00Z,35.94181,-66.599,0.4003,-0.1764
2005-09-21T15:00:00Z,35.9375,-66.58186,0.4519,-0.1158
2005-09-21T16:00:00Z,35.93315,-66.56204,0.3881,-0.0661
2005-09-21T17:00:00Z,35.93197,-66.54738,0.396,-0.0698
2005-09-21T18:00:00Z,35.92964,-66.53314,0.3178,-0.0538
2005-09-21T19:00:00Z,35.92776,-66.52055,0.3177,-0.0547
2005-09-21T20:00:00Z,35.9254,-66.50789,0.3154,-0.0722
2005-09-21T21:00:00Z,35.92336,-66.49479,0.3343,-0.0486
2005-09-21T22:00:00Z,35.92107,-66.4825,0.3333,-0.0479
2005-09-21T23:00:00Z,35.91979,-66.46825,0.3962,-0.0131
2005-09-22T00:00:00Z,35.91989,-66.45206,0.3959,-0.0123
2005-09-22T01:00:00Z,35.92014,-66.43603,0.3956,-0.0119
2005-09-22T02:00:00Z,35.91989,-66.41953,0.4201,-0.0604
2005-09-22T03:00:00Z,35.91705,-66.40324,0.4199,-0.053
2005-09-22T04:00:00Z,35.91447,-66.38712,0.4163,-0.1068
2005-09-22T05:00:00Z,35.91165,-66.36867,0.4272,-0.1035
2005-09-22T06:00:00Z,35.90964,-66.34998,0.3243,-0.2516
2005-09-22T07:00:00Z,35.90116,-66.33883,0.343,-0.2503
2005-09-22T08:00:00Z,35.89306,-66.32507,0.3285,-0.2557
2005-09-22T09:00:00Z,35.8842,-66.3109,0.3334,-0.2591
2005-09-22T10:00:00Z,35.88076,-66.30303,0.2502,-0.1789
2005-09-22T11:00:00Z,35.87843,-66.30042,0.1357,-0.1484
2005-09-22T12:00:00Z,35.86954,-66.28796,0.1811,-0.1483
2005-09-22T13:00:00Z,35.86506,-66.2831,-0.0227,-0.086
2005-09-22T14:00:00Z,35.86302,-66.28472,-0.0566,-0.0491
2005-09-22T15:00:00Z,35.86046,-66.28597,-0.0539,-0.0493
2005-09-22T16:00:00Z,35.8589,-66.28641,-0.0281,0.0249
2005-09-22T17:00:00Z,35.85986,-66.29299,-0.0649,0.0279
2005-09-22T18:00:00Z,35.86196,-66.2904,0.0315,0.0785
2005-09-22T19:00:00Z,35.86388,-66.28815,0.0068,0.0799
2005-09-22T20:00:00Z,35.86881,-66.288,0.0353,0.1223
2005-09-22T21:00:00Z,35.87283,-66.28605,0.0416,0.1327
2005-09-22T22:00:00Z,35.87626,-66.28506,0.037,0.1282
2005-09-22T23:00:00Z,35.87947,-66.27433,0.2606,0.0886
2005-09-23T00:00:00Z,35.88363,-66.26515,0.303,-0.0454
2005-09-23T01:00:00Z,35.88275,-66.25121,0.2904,-0.0605
2005-09-23T02:00:00Z,35.88004,-66.2401,0.2713,-0.1197
2005-09-23T03:00:00Z,35.87638,-66.22968,0.2673,-0.1322
2005-09-23T04:00:00Z,35.87207,-66.21962,0.2457,-0.1322
2005-09-23T05:00:00Z,35.86778,-66.20863,0.2529,-0.1322
2005-09-23T06:00:00Z,35.86359,-66.19888,0.0855,-0.1279
2005-09-23T07:00:00Z,35.85941,-66.1963,0.0907,-0.1277
2005-09-23T08:00:00Z,35.86405,-66.19377,0.0604,0.1427
2005-09-23T09:00:00Z,35.87113,-66.19359,0.0035,-0.2908
2005-09-23T10:00:00Z,35.86189,-66.19389,0.0041,-0.2603
2005-09-23T11:00:00Z,35.86145,-66.19255,0.0704,0.06
2005-09-23T12:00:00Z,35.86591,-66.18959,0.0942,0.1101
2005-09-23T13:00:00Z,35.86422,-66.17744,0.213,0.0023
2005-09-23T14:00:00Z,35.8638,-66.16682,0.2083,0.0027
2005-09-23T15:00:00Z,35.86444,-66.15642,0.2107,-0.002
2005-09-23T16:00:00Z,35.86238,-66.14898,0.1324,-0.0661
2005-09-23T17:00:00Z,35.86047,-66.14357,0.1267,-0.076
2005-09-23T18:00:00Z,35.85631,-66.14042,0.0633,-0.1168
2005-09-23T19:00:00Z,35.85234,-66.13853,-0.0182,-0.0923
2005-09-23T20:00:00Z,35.85012,-66.14168,-0.0122,-0.0907
2005-09-23T21:00:00Z,35.84737,-66.14197,-0.0377,-0.0725
2005-09-23T22:00:00Z,35.84536,-66.14223,0.0022,-0.0554
2005-09-23T23:00:00Z,35.84294,-66.1444,-0.0029,-0.0542
2005-09-24T00:00:00Z,35.84163,-66.14359,0.0598,-0.0197
2005-09-24T01:00:00Z,35.84108,-66.14121,0.0611,-0.0196
2005-09-24T02:00:00Z,35.84032,-66.13937,0.0609,-0.0191
2005-09-24T03:00:00Z,35.83922,-66.13586,0.1351,-0.0225
2005-09-24T04:00:00Z,35.83867,-66.12908,0.1279,-0.0222
2005-09-24T05:00:00Z,35.83845,-66.12281,0.1187,-0.0214
2005-09-24T06:00:00Z,35.83709,-66.11853,0.0989,-0.0785
2005-09-24T07:00:00Z,35.83379,-66.11477,0.0908,-0.0736
2005-09-24T08:00:00Z,35.83006,-66.11395,0.0243,-0.1306
2005-09-24T09:00:00Z,35.82484,-66.11279,0.0177,-0.206
2005-09-24T10:00:00Z,35.8176,-66.11487,-0.0123,-0.2569
2005-09-24T11:00:00Z,35.8092,-66.1124,-9.0E-4,-0.257
2005-09-24T12:00:00Z,35.80114,-66.106,-0.0927,-0.244
2005-09-24T13:00:00Z,35.79314,-66.11086,-0.0847,-0.2437
2005-09-24T14:00:00Z,35.78492,-66.11487,-0.0772,-0.2434
2005-09-24T15:00:00Z,35.77641,-66.11791,-0.095,-0.2265
2005-09-24T16:00:00Z,35.77003,-66.1213,-0.0946,-0.2252
2005-09-24T17:00:00Z,35.76258,-66.12533,-0.2419,-0.1246
2005-09-24T18:00:00Z,35.75911,-66.13452,-0.2406,-0.1276
2005-09-24T19:00:00Z,35.75686,-66.14732,-0.2723,-0.009
2005-09-24T20:00:00Z,35.75695,-66.15641,-0.2985,-0.0098
2005-09-24T21:00:00Z,35.75587,-66.16822,-0.2251,-0.0213
2005-09-24T22:00:00Z,35.75508,-66.17505,-0.1609,-0.0327
2005-09-24T23:00:00Z,35.75428,-66.18095,-0.1075,-0.0272
2005-09-25T00:00:00Z,35.75308,-66.18531,-0.1072,-0.0288
2005-09-25T01:00:00Z,35.7517,-66.19032,-0.1168,-0.0421
2005-09-25T02:00:00Z,35.75106,-66.19314,-0.1068,-0.04
2005-09-25T03:00:00Z,35.7507,-66.19833,-0.1097,-0.0055
2005-09-25T04:00:00Z,35.74779,-66.20652,-0.032,0.0403
2005-09-25T05:00:00Z,35.7517,-66.20617,-0.0548,0.0182
2005-09-25T06:00:00Z,35.75197,-66.20889,-0.0675,0.0142
2005-09-25T07:00:00Z,35.75184,-66.21085,-0.098,0.0441
2005-09-25T08:00:00Z,35.75394,-66.21574,-0.0983,0.0512
2005-09-25T09:00:00Z,35.75634,-66.2197,-0.1071,0.0889
2005-09-25T10:00:00Z,35.75967,-66.22353,-0.0968,0.0758
2005-09-25T11:00:00Z,35.76058,-66.22838,-0.1034,0.0652
2005-09-25T12:00:00Z,35.7598,-66.23302,-0.1217,-0.0189
2005-09-25T13:00:00Z,35.76046,-66.23655,-0.1293,-0.0226
2005-09-25T14:00:00Z,35.75852,-66.24288,-0.1224,-0.0167
2005-09-25T15:00:00Z,35.75821,-66.24754,-0.1015,0.0414
2005-09-25T16:00:00Z,35.75955,-66.25159,-0.1002,0.0426
2005-09-25T17:00:00Z,35.76137,-66.25499,-0.0832,0.056
2005-09-25T18:00:00Z,35.76285,-66.25951,-0.0913,0.0571
2005-09-25T19:00:00Z,35.76706,-66.25735,0.0542,0.1418
2005-09-25T20:00:00Z,35.77224,-66.25432,0.058,0.0507
2005-09-25T21:00:00Z,35.77329,-66.25292,0.1192,0.0359
2005-09-25T22:00:00Z,35.77476,-66.24747,0.1188,0.0366
2005-09-25T23:00:00Z,35.77606,-66.24483,0.0431,0.048
2005-09-26T00:00:00Z,35.77757,-66.23987,0.087,0.0479
2005-09-26T01:00:00Z,35.77906,-66.24275,0.0134,0.0446
2005-09-26T02:00:00Z,35.78057,-66.24313,0.0455,0.0442
2005-09-26T03:00:00Z,35.78191,-66.24056,0.0435,0.0443
2005-09-26T04:00:00Z,35.78301,-66.23938,0.0327,0.0337
2005-09-26T05:00:00Z,35.78443,-66.23809,0.0312,0.034
2005-09-26T06:00:00Z,35.78448,-66.23769,0.0045,0.0068
2005-09-26T07:00:00Z,35.78487,-66.23672,0.0621,0.1185
2005-09-26T08:00:00Z,35.78878,-66.23463,0.0607,0.1212
2005-09-26T09:00:00Z,35.79256,-66.23215,0.0542,0.1041
2005-09-26T10:00:00Z,35.79268,-66.23221,0.0047,0.0139
2005-09-26T11:00:00Z,35.79391,-66.22944,-0.0298,0.0033
2005-09-26T12:00:00Z,35.79355,-66.23291,-0.0167,0.0061
2005-09-26T13:00:00Z,35.79446,-66.23311,0.0686,0.0787
2005-09-26T14:00:00Z,35.79676,-66.23115,0.0776,0.0831
2005-09-26T15:00:00Z,35.80054,-66.22698,0.098,0.1194
2005-09-26T16:00:00Z,35.80424,-66.22323,0.0583,0.1254
2005-09-26T17:00:00Z,35.80836,-66.22102,0.0414,0.0975
2005-09-26T18:00:00Z,35.81131,-66.22027,0.0429,0.0973
2005-09-26T19:00:00Z,35.81525,-66.21651,0.0872,0.1132
2005-09-26T20:00:00Z,35.81898,-66.21198,0.14,0.1277
2005-09-26T21:00:00Z,35.82205,-66.20534,0.17,-0.0884
2005-09-26T22:00:00Z,35.81922,-66.19888,0.1675,-0.0997
2005-09-26T23:00:00Z,35.81464,-66.19214,0.161,-0.1363
2005-09-27T00:00:00Z,35.81174,-66.18604,0.1408,0.1927
2005-09-27T01:00:00Z,35.8265,-66.17984,0.1368,0.0806
2005-09-27T02:00:00Z,35.82899,-66.17424,0.1318,0.0329
2005-09-27T03:00:00Z,35.8295,-66.17067,0.1246,0.0374
2005-09-27T04:00:00Z,35.83132,-66.16253,0.1634,0.0407
2005-09-27T05:00:00Z,35.83242,-66.15158,0.1836,0.0407
2005-09-27T06:00:00Z,35.83269,-66.14779,0.1963,0.0095
2005-09-27T07:00:00Z,35.8328,-66.1403,0.2193,-0.057
2005-09-27T08:00:00Z,35.83016,-66.13088,0.1932,-0.0419
2005-09-27T09:00:00Z,35.82663,-66.12792,0.0403,2.0E-4
2005-09-27T10:00:00Z,35.8284,-66.12696,0.0471,-0.038
2005-09-27T11:00:00Z,35.82729,-66.12335,0.1153,-0.0061
2005-09-27T12:00:00Z,35.82537,-66.11739,0.1148,0.0076
2005-09-27T13:00:00Z,35.82682,-66.11249,0.1427,-0.0037
2005-09-27T14:00:00Z,35.8271,-66.10807,0.1857,0.0278
2005-09-27T15:00:00Z,35.8273,-66.09855,0.1772,0.029
2005-09-27T16:00:00Z,35.82874,-66.09306,0.1257,0.0413
2005-09-27T17:00:00Z,35.82938,-66.08853,0.1083,0.0147
2005-09-27T18:00:00Z,35.82834,-66.07747,0.3502,-0.0674
2005-09-27T19:00:00Z,35.827,-66.06403,0.3236,-0.0332
2005-09-27T20:00:00Z,35.82927,-66.04927,0.3067,0.0255
2005-09-27T21:00:00Z,35.82117,-66.04151,0.2048,-0.2147
2005-09-27T22:00:00Z,35.8154,-66.03099,0.1552,-0.2499
2005-09-27T23:00:00Z,35.80714,-66.02575,0.1627,-0.2468
2005-09-28T00:00:00Z,35.79927,-66.02039,0.1202,-0.2349
2005-09-28T01:00:00Z,35.79231,-66.01203,0.1432,-0.2368
2005-09-28T02:00:00Z,35.78362,-66.0114,0.0508,-0.253
2005-09-28T03:00:00Z,35.7747,-66.01001,-0.0021,-0.3104
2005-09-28T04:00:00Z,35.76457,-66.01018,-0.0023,-0.312
2005-09-28T05:00:00Z,35.75485,-66.01089,-0.0101,-0.343
2005-09-28T06:00:00Z,35.74218,-66.01075,-0.0076,-0.3471
2005-09-28T07:00:00Z,35.73084,-66.01942,-0.2375,-0.3371
2005-09-28T08:00:00Z,35.72059,-66.02974,0.033,-0.2531
2005-09-28T09:00:00Z,35.7147,-66.04528,-0.4357,-0.1391
2005-09-28T10:00:00Z,35.71038,-66.06106,-0.3191,-0.1209
2005-09-28T11:00:00Z,35.70713,-66.07375,-0.3005,-0.0848
2005-09-28T12:00:00Z,35.70487,-66.0851,-0.2923,-0.0177
2005-09-28T13:00:00Z,35.70634,-66.09734,-0.2959,-0.0163
2005-09-28T14:00:00Z,35.70489,-66.10499,-0.2037,-0.0176
2005-09-28T15:00:00Z,35.70382,-66.11286,-0.1771,-0.0172
2005-09-28T16:00:00Z,35.70212,-66.11177,-0.053,-0.073
2005-09-28T17:00:00Z,35.70081,-66.11316,0.0135,0.0217
2005-09-28T18:00:00Z,35.70071,-66.11302,-0.1128,-0.1537
2005-09-28T19:00:00Z,35.69576,-66.11787,-0.1132,-0.154
2005-09-28T20:00:00Z,35.69206,-66.12138,-0.1042,-0.0807
2005-09-28T21:00:00Z,35.68982,-66.12412,-0.0948,-0.0821
2005-09-28T22:00:00Z,35.68712,-66.13176,-0.2409,-0.0776
2005-09-28T23:00:00Z,35.68393,-66.1424,-0.2314,-0.0772
2005-09-29T00:00:00Z,35.68254,-66.15212,-0.2645,-0.0656
2005-09-29T01:00:00Z,35.68154,-66.16127,-0.2517,-0.0285
2005-09-29T02:00:00Z,35.68015,-66.17242,-0.2573,-0.0336
2005-09-29T03:00:00Z,35.67817,-66.18358,-0.261,-0.0401
2005-09-29T04:00:00Z,35.67516,-66.19594,-0.2674,-0.0489
2005-09-29T05:00:00Z,35.68471,-66.2017,-0.2347,-0.2549
2005-09-29T06:00:00Z,35.67368,-66.21063,-0.2559,-0.0461
2005-09-29T07:00:00Z,35.67568,-66.22046,-0.1976,0.104
2005-09-29T08:00:00Z,35.67955,-66.2282,-0.1974,0.1032
2005-09-29T09:00:00Z,35.68177,-66.23579,-0.1835,0.086
2005-09-29T10:00:00Z,35.68486,-66.24301,-0.1733,0.1012
2005-09-29T11:00:00Z,35.68757,-66.24987,-0.1731,0.1028
2005-09-29T12:00:00Z,35.69068,-66.2563,-0.1564,0.1058
2005-09-29T13:00:00Z,35.69461,-66.26275,-0.1569,0.1074
2005-09-29T14:00:00Z,35.69873,-66.26951,-0.1578,0.1085
2005-09-29T15:00:00Z,35.70183,-66.27481,-0.0706,0.0143
2005-09-29T16:00:00Z,35.70153,-66.2747,-0.0968,0.0156
2005-09-29T17:00:00Z,35.70214,-66.27688,-0.0234,0.0121
2005-09-29T18:00:00Z,35.71056,-66.2784,-0.0286,0.2132
2005-09-29T19:00:00Z,35.7188,-66.27722,-0.022,0.2038
2005-09-29T20:00:00Z,35.72469,-66.2831,-0.0831,0.1698
2005-09-29T21:00:00Z,35.74314,-66.28835,0.0069,-0.037
2005-09-29T22:00:00Z,35.73589,-66.2882,0.0094,0.0961
2005-09-29T23:00:00Z,35.73921,-66.28902,-0.0159,0.056
2005-09-30T00:00:00Z,35.74187,-66.2869,0.0054,0.0504
2005-09-30T01:00:00Z,35.74447,-66.2905,-0.0792,0.1015
2005-09-30T02:00:00Z,35.74603,-66.29341,-0.1268,0.1733
2005-09-30T03:00:00Z,35.75205,-66.29744,-0.1281,0.177
2005-09-30T04:00:00Z,35.7568,-66.30117,-0.0897,0.1575
2005-09-30T05:00:00Z,35.76179,-66.30496,-0.0904,0.1559
2005-09-30T06:00:00Z,35.76702,-66.30775,-0.0438,0.1467
2005-09-30T07:00:00Z,35.77211,-66.3079,0.0233,0.1979
2005-09-30T08:00:00Z,35.77909,-66.31503,0.1595,0.2287
2005-09-30T09:00:00Z,35.78779,-66.30615,0.1165,0.2403
2005-09-30T10:00:00Z,35.79208,-66.30246,0.1345,0.1368
2005-09-30T11:00:00Z,35.79621,-66.29677,0.1203,0.0684
2005-09-30T12:00:00Z,35.79805,-66.29234,0.1214,0.0683
2005-09-30T13:00:00Z,35.80027,-66.28795,0.1635,0.0367
2005-09-30T14:00:00Z,35.8017,-66.28147,0.1657,0.034
2005-09-30T15:00:00Z,35.80263,-66.27454,0.1828,0.0267
2005-09-30T16:00:00Z,35.80272,-66.26729,0.1667,0.0098
2005-09-30T17:00:00Z,35.80384,-66.26142,0.1588,0.016
2005-09-30T18:00:00Z,35.80368,-66.25909,0.0817,0.0251
2005-09-30T19:00:00Z,35.8052,-66.25217,-0.0546,0.1147
2005-09-30T20:00:00Z,35.80864,-66.25507,-0.0702,0.1062
2005-09-30T21:00:00Z,35.81198,-66.25706,-0.004,0.0834
2005-09-30T22:00:00Z,35.81462,-66.26039,-0.0296,0.0829
2005-09-30T23:00:00Z,35.81713,-66.25848,0.0583,0.0699
2005-10-01T00:00:00Z,35.81941,-66.25566,0.056,0.0698
2005-10-01T01:00:00Z,35.82176,-66.25352,0.0573,0.0696
2005-10-01T02:00:00Z,35.82427,-66.25142,0.0701,0.0792
2005-10-01T03:00:00Z,35.82632,-66.24815,0.069,0.0805
2005-10-01T04:00:00Z,35.82952,-66.24572,0.0601,0.1032
2005-10-01T05:00:00Z,35.833,-66.24346,0.0602,0.1031
2005-10-01T06:00:00Z,35.8363,-66.24112,0.0603,0.1035
2005-10-01T07:00:00Z,35.84046,-66.23903,0.0518,0.1223
2005-10-01T08:00:00Z,35.84513,-66.23687,0.0673,0.143
2005-10-01T09:00:00Z,35.85013,-66.23406,0.0741,0.1271
2005-10-01T10:00:00Z,35.85261,-66.22963,0.1115,0.0857
2005-10-01T11:00:00Z,35.85468,-66.22499,0.1305,0.0299
2005-10-01T12:00:00Z,35.8557,-66.21439,0.1645,0.0273
2005-10-01T13:00:00Z,35.85624,-66.21235,0.0253,0.0111
2005-10-01T14:00:00Z,35.85618,-66.21152,0.0252,0.048
2005-10-01T15:00:00Z,35.85887,-66.21004,0.0296,0.0613
2005-10-01T16:00:00Z,35.86201,-66.20992,0.0176,0.1128
2005-10-01T17:00:00Z,35.86697,-66.208,0.0255,0.1201
2005-10-01T18:00:00Z,35.86912,-66.21184,-0.0669,0.0991
2005-10-01T19:00:00Z,35.8712,-66.21454,-0.0643,0.0886
2005-10-01T20:00:00Z,35.88209,-66.21513,-0.0226,0.2133
2005-10-01T21:00:00Z,35.88778,-66.21422,0.0438,0.2108
2005-10-01T22:00:00Z,35.89498,-66.2136,0.1664,0.1883
2005-10-01T23:00:00Z,35.90089,-66.2063,0.1616,0.1898
2005-10-02T00:00:00Z,35.90709,-66.20001,0.2053,0.216
2005-10-02T01:00:00Z,35.91404,-66.19231,0.2112,0.2174
2005-10-02T02:00:00Z,35.92067,-66.18273,0.2521,0.1962
2005-10-02T03:00:00Z,35.92785,-66.17257,0.2699,0.1487
2005-10-02T04:00:00Z,35.9316,-66.1616,0.2706,0.1493
2005-10-02T05:00:00Z,35.93619,-66.15086,0.2706,0.149
2005-10-02T06:00:00Z,35.94126,-66.14058,0.2787,0.1156
2005-10-02T07:00:00Z,35.94433,-66.12832,0.2825,0.1133
2005-10-02T08:00:00Z,35.94708,-66.11739,0.315,0.0642
2005-10-02T09:00:00Z,35.9495,-66.10608,0.3624,0.0493
2005-10-02T10:00:00Z,35.9507,-66.08878,0.3545,0.0519
2005-10-02T11:00:00Z,35.95315,-66.07676,0.302,0.0775
2005-10-02T12:00:00Z,35.95501,-66.06483,0.2747,0.0717
2005-10-02T13:00:00Z,35.96319,-66.05434,0.2698,0.1651
2005-10-02T14:00:00Z,35.96718,-66.04602,0.2346,0.139
2005-10-02T15:00:00Z,35.95709,-66.03575,0.2408,0.0163
2005-10-02T16:00:00Z,35.95813,-66.02705,0.1785,0.1596
2005-10-02T17:00:00Z,35.96478,-66.02113,0.2765,0.1202
2005-10-02T18:00:00Z,35.96846,-66.01015,0.2823,0.1095
2005-10-02T19:00:00Z,35.97159,-65.99883,0.2974,0.0974
2005-10-02T20:00:00Z,35.97669,-65.99211,0.194,0.1796
2005-10-02T21:00:00Z,35.98245,-65.98294,0.2837,0.1952
2005-10-02T22:00:00Z,35.98908,-65.97041,0.334,0.1925
2005-10-02T23:00:00Z,35.99566,-65.95748,0.3349,0.1933
2005-10-03T00:00:00Z,36.00135,-65.94236,0.3686,0.1865
2005-10-03T01:00:00Z,36.00636,-65.92726,0.3288,-0.0761
2005-10-03T02:00:00Z,36.00304,-65.91576,0.3186,-0.0759
2005-10-03T03:00:00Z,35.99915,-65.90413,0.2746,-0.1384
2005-10-03T04:00:00Z,35.99516,-65.89315,0.2745,-0.1407
2005-10-03T05:00:00Z,35.99031,-65.88242,0.2563,-0.1464
2005-10-03T06:00:00Z,35.98561,-65.87188,0.2473,-0.0715
2005-10-03T07:00:00Z,35.9839,-65.86289,0.2123,-0.009
2005-10-03T08:00:00Z,35.98412,-65.85481,0.1706,0.0227
2005-10-03T09:00:00Z,35.98461,-65.84728,0.2432,0.0033
2005-10-03T10:00:00Z,35.98444,-65.83772,0.2757,-0.0337
2005-10-03T11:00:00Z,35.98402,-65.82601,0.2782,-0.0341
2005-10-03T12:00:00Z,35.98211,-65.81872,0.1272,-0.0782
2005-10-03T13:00:00Z,35.97927,-65.81395,0.1259,-0.0811
2005-10-03T14:00:00Z,35.97696,-65.80869,0.1254,-0.0802
2005-10-03T15:00:00Z,35.97426,-65.80255,0.125,-0.1328
2005-10-03T16:00:00Z,35.96806,-65.79906,0.1195,-0.1212
2005-10-03T17:00:00Z,35.96406,-65.79238,0.133,-0.1696
2005-10-03T18:00:00Z,35.95798,-65.78763,0.1559,-0.1691
2005-10-03T19:00:00Z,35.95385,-65.78226,0.0658,-0.0304
2005-10-03T20:00:00Z,35.9513,-65.78196,0.0886,0.0128
2005-10-03T21:00:00Z,35.95399,-65.77625,0.0755,0.006
2005-10-03T22:00:00Z,35.95307,-65.77363,0.1041,0.0182
2005-10-03T23:00:00Z,35.95345,-65.76984,0.11,0.0223
2005-10-04T00:00:00Z,35.95515,-65.76334,0.1176,0.0239
2005-10-04T01:00:00Z,35.95598,-65.75887,0.1233,0.0378
2005-10-04T02:00:00Z,35.95663,-65.75587,0.1196,0.0365
2005-10-04T03:00:00Z,35.95609,-65.74785,0.2278,-0.0299
2005-10-04T04:00:00Z,35.95706,-65.73925,0.2554,-0.1479
2005-10-04T05:00:00Z,35.95107,-65.72823,0.2535,-0.1267
2005-10-04T06:00:00Z,35.94659,-65.71835,0.25,-0.1911
2005-10-04T07:00:00Z,35.94065,-65.70966,0.1635,-0.1679
2005-10-04T08:00:00Z,35.93511,-65.70535,0.0861,-0.1717
2005-10-04T09:00:00Z,35.92917,-65.70141,0.1017,-0.1887
2005-10-04T10:00:00Z,35.92367,-65.69708,0.1133,-0.1673
2005-10-04T11:00:00Z,35.91804,-65.68826,-0.1078,-0.1496
2005-10-04T12:00:00Z,35.91344,-65.69408,-0.0936,-0.15
2005-10-04T13:00:00Z,35.9085,-65.6972,-0.09,-0.1747
2005-10-04T14:00:00Z,35.90315,-65.70152,-0.0814,-0.1786
2005-10-04T15:00:00Z,35.89755,-65.70515,-0.0818,-0.182
2005-10-04T16:00:00Z,35.89065,-65.70515,-0.0641,-0.1818
2005-10-04T17:00:00Z,35.88687,-65.71318,-0.1345,-0.119
2005-10-04T18:00:00Z,35.88266,-65.71795,-0.1183,-0.1216
2005-10-04T19:00:00Z,35.87786,-65.72071,-0.0756,-0.152
2005-10-04T20:00:00Z,35.8734,-65.72501,-0.0939,-0.0957
2005-10-04T21:00:00Z,35.87031,-65.72725,-0.0805,-0.0741
2005-10-04T22:00:00Z,35.86849,-65.73224,-0.0789,-0.0739
2005-10-04T23:00:00Z,35.86524,-65.735,-0.0797,-0.1043
2005-10-05T00:00:00Z,35.86172,-65.73747,-0.0798,-0.1054
2005-10-05T01:00:00Z,35.85859,-65.73995,-0.0806,-0.105
2005-10-05T02:00:00Z,35.85491,-65.7433,-0.1051,-0.1546
2005-10-05T03:00:00Z,35.84873,-65.74855,-0.105,-0.1496
2005-10-05T04:00:00Z,35.84365,-65.75378,-0.1505,-0.1778
2005-10-05T05:00:00Z,35.838,-65.76002,-0.1506,-0.1775
2005-10-05T06:00:00Z,35.83141,-65.76468,-0.1199,-0.1972
2005-10-05T07:00:00Z,35.82403,-65.76795,-0.088,-0.2224
2005-10-05T08:00:00Z,35.81789,-65.77514,-0.1884,-0.2119
2005-10-05T09:00:00Z,35.8115,-65.78389,-0.2149,-0.1706
2005-10-05T10:00:00Z,35.80717,-65.79063,-0.1813,-0.1844
2005-10-05T11:00:00Z,35.80075,-65.79907,-0.2811,-0.2027
2005-10-05T12:00:00Z,35.79435,-65.80223,-0.4335,-0.2039
2005-10-05T13:00:00Z,35.78861,-65.8189,-0.3139,-0.1522
2005-10-05T14:00:00Z,35.78257,-65.83536,-0.2774,-0.1519
2005-10-05T15:00:00Z,35.78032,-65.84374,-0.2995,-0.1049
2005-10-05T16:00:00Z,35.77681,-65.85502,-0.2748,-0.0979
2005-10-05T17:00:00Z,35.77245,-65.86698,-0.2813,-0.1792
2005-10-05T18:00:00Z,35.76738,-65.87769,-0.3592,0.0014
2005-10-05T19:00:00Z,35.76797,-65.89098,-0.3227,-0.0027
2005-10-05T20:00:00Z,35.76752,-65.90303,-0.2879,-0.0505
2005-10-05T21:00:00Z,35.76573,-65.91402,-0.2737,-0.0584
2005-10-05T22:00:00Z,35.76361,-65.92554,-0.2744,-0.0586
2005-10-05T23:00:00Z,35.76152,-65.93741,-0.2755,-0.0586
2005-10-06T00:00:00Z,35.75936,-65.94782,-0.2546,-0.0752
2005-10-06T01:00:00Z,35.75748,-65.95682,-0.263,-0.0757
2005-10-06T02:00:00Z,35.75411,-65.96738,-0.2473,-0.1364
2005-10-06T03:00:00Z,35.75008,-65.97701,-0.2491,-0.1406
2005-10-06T04:00:00Z,35.74255,-65.99029,-0.3093,-0.2005
2005-10-06T05:00:00Z,35.73548,-66.00239,-0.3108,-0.1993
2005-10-06T06:00:00Z,35.72916,-66.01483,-0.3158,-0.2164
2005-10-06T07:00:00Z,35.72241,-66.01996,-0.576,-0.1626
2005-10-06T08:00:00Z,35.71782,-66.0437,-0.5889,-0.1548
2005-10-06T09:00:00Z,35.7155,-66.06343,-0.4003,-0.0542
2005-10-06T10:00:00Z,35.71381,-66.07966,-0.3926,-0.0543
2005-10-06T11:00:00Z,35.71281,-66.09454,-0.336,-0.0164
2005-10-06T12:00:00Z,35.71126,-66.10826,-0.3389,-0.0096
2005-10-06T13:00:00Z,35.71225,-66.12139,-0.3386,-0.0041
2005-10-06T14:00:00Z,35.71233,-66.13579,-0.3951,-0.0128
2005-10-06T15:00:00Z,35.71016,-66.15299,-0.4233,-0.0186
2005-10-06T16:00:00Z,35.71166,-66.17445,-0.4932,0.0208
2005-10-06T17:00:00Z,35.71249,-66.19514,-0.3426,0.1204
2005-10-06T18:00:00Z,35.71622,-66.20864,-0.314,0.0732
2005-10-06T19:00:00Z,35.71822,-66.22217,-0.3703,0.0452
2005-10-06T20:00:00Z,35.71968,-66.23993,-0.418,0.0275
2005-10-06T21:00:00Z,35.72027,-66.25653,-0.4125,0.0272
2005-10-06T22:00:00Z,35.72149,-66.27276,-0.331,0.041
2005-10-06T23:00:00Z,35.72267,-66.28583,-0.3314,0.0428
2005-10-07T00:00:00Z,35.72435,-66.2986,-0.3132,0.0532
2005-10-07T01:00:00Z,35.72624,-66.31174,-0.2991,0.0459
2005-10-07T02:00:00Z,35.72747,-66.32266,-0.2936,0.0441
2005-10-07T03:00:00Z,35.72828,-66.33467,-0.3047,0.0192
2005-10-07T04:00:00Z,35.72883,-66.34765,-0.3078,0.0182
2005-10-07T05:00:00Z,35.72846,-66.35972,-0.3121,-0.0126
2005-10-07T06:00:00Z,35.72744,-66.37111,-0.279,-0.0457
2005-10-07T07:00:00Z,35.72683,-66.38679,-0.3735,-0.021
2005-10-07T08:00:00Z,35.72605,-66.40277,-0.4979,0.003
2005-10-07T09:00:00Z,35.727,-66.42352,-0.548,0.047
2005-10-07T10:00:00Z,35.728,-66.4449,-0.5244,0.0911
2005-10-07T11:00:00Z,35.73165,-66.46682,-0.5287,0.1004
2005-10-07T12:00:00Z,35.73724,-66.48714,-0.5066,0.1902
2005-10-07T13:00:00Z,35.74453,-66.50641,-0.506,0.1903
2005-10-07T14:00:00Z,35.74926,-66.52759,-0.5152,0.1549
2005-10-07T15:00:00Z,35.75514,-66.54753,-0.5336,0.1131
2005-10-07T16:00:00Z,35.75674,-66.56939,-0.5361,0.0885
2005-10-07T17:00:00Z,35.7651,-66.58178,-0.0884,0.4107
2005-10-07T18:00:00Z,35.77787,-66.58581,-0.1193,0.3716
2005-10-07T19:00:00Z,35.78847,-66.60163,-0.4514,0.2814
2005-10-07T20:00:00Z,35.79676,-66.6224,-0.5475,0.2834
2005-10-07T21:00:00Z,35.82514,-66.64363,-0.109,-0.0126
2005-10-07T22:00:00Z,35.82364,-66.63607,-0.1785,-0.0015
2005-10-07T23:00:00Z,35.82351,-66.64269,-0.2794,0.0539
2005-10-08T00:00:00Z,35.826,-66.65472,-0.2798,0.0685
2005-10-08T01:00:00Z,35.83114,-66.66703,-0.3084,0.1826
2005-10-08T02:00:00Z,35.83861,-66.67826,-0.3076,0.1748
2005-10-08T03:00:00Z,35.84357,-66.69145,-0.3332,0.1887
2005-10-08T04:00:00Z,35.84989,-66.70505,-0.3434,0.1977
2005-10-08T05:00:00Z,35.85556,-66.71848,-0.351,0.202
2005-10-08T06:00:00Z,35.86631,-66.73259,-0.3714,0.2446
2005-10-08T07:00:00Z,35.86846,-66.74827,-0.39,0.1449
2005-10-08T08:00:00Z,35.87441,-66.76288,-0.3539,0.2177
2005-10-08T09:00:00Z,35.88183,-66.77752,-0.36,0.2073
2005-10-08T10:00:00Z,35.88841,-66.7921,-0.4051,0.2227
2005-10-08T11:00:00Z,35.89449,-66.8072,-0.408,0.2277
2005-10-08T12:00:00Z,35.90511,-66.82499,-0.419,0.3445
2005-10-08T13:00:00Z,35.91624,-66.84419,-0.3355,0.4066
2005-10-08T14:00:00Z,35.93012,-66.85712,-0.3378,0.404
2005-10-08T15:00:00Z,35.94335,-66.87032,-0.2823,0.4386
2005-10-08T16:00:00Z,35.95729,-66.8813,-0.2821,0.4387
2005-10-08T17:00:00Z,35.97231,-66.89089,-0.2437,0.4555
2005-10-08T18:00:00Z,35.98759,-66.8907,-0.131,0.4583
2005-10-08T19:00:00Z,36.00103,-66.9017,-0.3375,0.3941
2005-10-08T20:00:00Z,36.01329,-66.91541,-0.3344,0.3863
2005-10-08T21:00:00Z,36.02518,-66.92705,-0.1476,0.3595
2005-10-08T22:00:00Z,36.03832,-66.9285,-0.1773,0.3626
2005-10-08T23:00:00Z,36.04946,-66.93543,-0.1471,0.3293
2005-10-09T00:00:00Z,36.05956,-66.94283,-0.1473,0.3307
2005-10-09T01:00:00Z,36.07002,-66.95021,-0.1475,0.3314
2005-10-09T02:00:00Z,36.08097,-66.95738,-0.1279,0.339
2005-10-09T03:00:00Z,36.09208,-66.95949,-0.1417,0.3423
2005-10-09T04:00:00Z,36.10405,-66.96446,-0.1199,0.4023
2005-10-09T05:00:00Z,36.1175,-66.97036,-0.1202,0.4021
2005-10-09T06:00:00Z,36.13056,-66.97624,-0.1198,0.4025
2005-10-09T07:00:00Z,36.14418,-66.98101,-0.1384,0.4276
2005-10-09T08:00:00Z,36.15785,-66.98751,-0.1362,0.4163
2005-10-09T09:00:00Z,36.17004,-66.98251,-0.0254,0.3843
2005-10-09T10:00:00Z,36.18384,-66.98944,-0.0457,0.4144
2005-10-09T11:00:00Z,36.19758,-66.99107,-0.1242,0.4717
2005-10-09T12:00:00Z,36.21295,-66.99571,-0.1252,0.4726
2005-10-09T13:00:00Z,36.22828,-66.9996,-0.074,0.4865
2005-10-09T14:00:00Z,36.24427,-67.00474,-0.0594,0.4845
2005-10-09T15:00:00Z,36.25976,-67.00545,0.0215,0.4819
2005-10-09T16:00:00Z,36.275,-67.00437,0.0603,0.4607
2005-10-09T17:00:00Z,36.28986,-67.00129,0.0669,0.4599
2005-10-09T18:00:00Z,36.30488,-66.99831,0.0692,0.4608
2005-10-09T19:00:00Z,36.32045,-66.99598,0.067,0.4644
2005-10-09T20:00:00Z,36.33375,-66.98977,0.0998,0.4485
2005-10-09T21:00:00Z,36.34689,-66.98542,0.0986,0.4131
2005-10-09T22:00:00Z,36.36168,-66.98193,0.1015,0.4112
2005-10-09T23:00:00Z,36.37694,-66.9779,0.1017,0.4113
2005-10-10T00:00:00Z,36.39087,-66.97335,0.1089,0.3435
2005-10-10T01:00:00Z,36.40032,-66.96928,0.1115,0.3685
2005-10-10T02:00:00Z,36.41208,-66.96291,0.1759,0.3496
2005-10-10T03:00:00Z,36.42467,-66.95342,0.1741,0.3495
2005-10-10T04:00:00Z,36.43518,-66.9477,0.1733,0.3463
2005-10-10T05:00:00Z,36.44601,-66.94144,0.174,0.3462
2005-10-10T06:00:00Z,36.45699,-66.93495,0.1745,0.3462
2005-10-10T07:00:00Z,36.4695,-66.92882,0.1376,0.3655
2005-10-10T08:00:00Z,36.485,-66.9273,0.0616,0.4229
2005-10-10T09:00:00Z,36.49892,-66.92239,0.3242,0.3916
2005-10-10T10:00:00Z,36.51131,-66.90463,0.3036,0.3927
2005-10-10T11:00:00Z,36.52357,-66.89322,0.3136,0.3729
2005-10-10T12:00:00Z,36.53668,-66.88331,0.2913,0.3158
2005-10-10T13:00:00Z,36.54573,-66.86873,0.2972,0.3161
2005-10-10T14:00:00Z,36.55627,-66.85531,0.2591,0.2891
2005-10-10T15:00:00Z,36.56526,-66.84679,0.2652,0.2866
2005-10-10T16:00:00Z,36.58941,-66.83712,0.2317,0.4982
2005-10-10T17:00:00Z,36.58429,-66.82117,0.4992,0.2017
2005-10-10T18:00:00Z,36.59076,-66.80142,0.5024,0.32
2005-10-10T19:00:00Z,36.60063,-66.78014,0.552,0.269
2005-10-10T20:00:00Z,36.6084,-66.75861,0.5257,0.2198
2005-10-10T21:00:00Z,36.61519,-66.73989,0.3774,0.2038
2005-10-10T22:00:00Z,36.62122,-66.72443,0.3777,0.1594
2005-10-10T23:00:00Z,36.62689,-66.70944,0.3785,0.159
2005-10-11T00:00:00Z,36.63138,-66.69311,0.4108,0.1385
2005-10-11T01:00:00Z,36.63482,-66.67662,0.4118,0.1382
2005-10-11T02:00:00Z,36.64,-66.65825,0.466,0.1289
2005-10-11T03:00:00Z,36.64518,-66.64027,0.4953,0.1141
2005-10-11T04:00:00Z,36.64815,-66.61978,0.4945,0.1165
2005-10-11T05:00:00Z,36.65165,-66.59969,0.4943,0.1176
2005-10-11T06:00:00Z,36.65529,-66.57978,0.4946,0.1183
2005-10-11T07:00:00Z,36.65943,-66.55983,0.4958,0.1128
2005-10-11T08:00:00Z,36.66264,-66.54185,0.5713,0.0151
2005-10-11T09:00:00Z,36.66375,-66.5198,0.6216,-0.0621
2005-10-11T10:00:00Z,36.66078,-66.49279,0.5587,-0.0774
2005-10-11T11:00:00Z,36.65949,-66.47094,0.5566,-0.0691
2005-10-11T12:00:00Z,36.65786,-66.44988,0.5036,-0.0531
2005-10-11T13:00:00Z,36.65317,-66.43011,0.4989,-0.0826
2005-10-11T14:00:00Z,36.65472,-66.40936,0.4984,-0.0122
2005-10-11T15:00:00Z,36.65551,-66.39113,0.4857,-0.0122
2005-10-11T16:00:00Z,36.65658,-66.35899,0.5866,-0.0535
2005-10-11T17:00:00Z,36.65497,-66.33607,0.5856,-0.1331
2005-10-11T18:00:00Z,36.64938,-66.31232,0.5989,-0.2061
2005-10-11T19:00:00Z,36.64125,-66.28834,0.5836,-0.2491
2005-10-11T20:00:00Z,36.6348,-66.26429,0.6045,-0.2082
2005-10-11T21:00:00Z,36.62806,-66.24017,0.5805,-0.2076
2005-10-11T22:00:00Z,36.62019,-66.21825,0.5193,-0.2404
2005-10-11T23:00:00Z,36.61134,-66.19717,0.4775,-0.2365
2005-10-12T00:00:00Z,36.60532,-66.1781,0.4752,-0.2303
2005-10-12T01:00:00Z,36.59938,-66.16064,0.4025,-0.1928
2005-10-12T02:00:00Z,36.59252,-66.14591,0.4033,-0.1947
2005-10-12T03:00:00Z,36.58532,-66.13081,0.403,-0.1981
2005-10-12T04:00:00Z,36.57403,-66.12202,0.3733,-0.2262
2005-10-12T05:00:00Z,36.57334,-66.09723,0.4156,-0.1818
2005-10-12T06:00:00Z,36.56811,-66.08061,0.4778,-0.1648
2005-10-12T07:00:00Z,36.56198,-66.06194,0.4452,-0.1755
2005-10-12T08:00:00Z,36.55615,-66.04431,0.4206,-0.1995
2005-10-12T09:00:00Z,36.54844,-66.02732,0.421,-0.2783
2005-10-12T10:00:00Z,36.53938,-66.01055,0.4147,-0.3059
2005-10-12T11:00:00Z,36.52935,-65.99346,0.4144,-0.3057
2005-10-12T12:00:00Z,36.51812,-65.97999,0.3339,-0.3476
2005-10-12T13:00:00Z,36.50646,-65.96705,0.2874,-0.4456
2005-10-12T14:00:00Z,36.48946,-65.9559,0.2854,-0.4312
2005-10-12T15:00:00Z,36.47524,-65.94453,0.1957,-0.367
2005-10-12T16:00:00Z,36.46338,-65.93648,0.1911,-0.3559
2005-10-12T17:00:00Z,36.4556,-65.9316,0.1263,-0.2364
2005-10-12T18:00:00Z,36.44852,-65.9265,0.1099,-0.19
2005-10-12T19:00:00Z,36.44143,-65.92062,0.1602,-0.2333
2005-10-12T20:00:00Z,36.43307,-65.91281,0.149,-0.2647
2005-10-12T21:00:00Z,36.42475,-65.90601,0.0388,-0.2715
2005-10-12T22:00:00Z,36.41582,-65.90762,0.0172,-0.2718
2005-10-12T23:00:00Z,36.40812,-65.90537,0.0611,-0.234
2005-10-13T00:00:00Z,36.40006,-65.89995,0.0542,-0.235
2005-10-13T01:00:00Z,36.39404,-65.89931,0.0387,-0.1776
2005-10-13T02:00:00Z,36.38872,-65.89821,0.0425,-0.179
2005-10-13T03:00:00Z,36.38282,-65.89726,-0.0038,-0.169
2005-10-13T04:00:00Z,36.37773,-65.89724,7.0E-4,-0.1704
2005-10-13T05:00:00Z,36.3719,-65.89744,5.0E-4,-0.1707
2005-10-13T06:00:00Z,36.36682,-65.89676,0.028,-0.1289
2005-10-13T07:00:00Z,36.3632,-65.89381,0.1399,-0.1019
2005-10-13T08:00:00Z,36.3587,-65.88723,0.1802,-0.1897
2005-10-13T09:00:00Z,36.35196,-65.88456,0.053,-0.2309
2005-10-13T10:00:00Z,36.34425,-65.88333,0.0522,-0.2312
2005-10-13T11:00:00Z,36.33657,-65.88222,0.051,-0.2314
2005-10-13T12:00:00Z,36.32876,-65.89199,-0.0119,-0.2316
2005-10-13T13:00:00Z,36.32186,-65.87884,0.0466,-0.2254
2005-10-13T14:00:00Z,36.31492,-65.87446,0.0441,-0.225
2005-10-13T15:00:00Z,36.30751,-65.87364,0.0184,-0.2207
2005-10-13T16:00:00Z,36.30098,-65.87386,-6.0E-4,-0.2276
2005-10-13T17:00:00Z,36.29295,-65.87283,-0.007,-0.223
2005-10-13T18:00:00Z,36.28614,-65.87568,-0.114,-0.2302
2005-10-13T19:00:00Z,36.27847,-65.88452,-0.2236,-0.2162
2005-10-13T20:00:00Z,36.27323,-65.89153,-0.1264,-0.1056
2005-10-13T21:00:00Z,36.27137,-65.89611,-0.092,0.0301
2005-10-13T22:00:00Z,36.27098,-65.89932,-0.0937,0.0364
2005-10-13T23:00:00Z,36.27208,-65.90223,-0.0723,0.0378
2005-10-14T00:00:00Z,36.2739,-65.90597,-0.075,0.038
2005-10-14T01:00:00Z,36.276,-65.91016,-0.0763,0.0378
2005-10-14T02:00:00Z,36.27719,-65.91257,0.0868,-0.0492
2005-10-14T03:00:00Z,36.27504,-65.90936,0.0905,-0.0461
2005-10-14T04:00:00Z,36.27241,-65.9051,0.1054,-0.0863
2005-10-14T05:00:00Z,36.26984,-65.89968,0.1124,-0.0855
2005-10-14T06:00:00Z,36.26582,-65.89612,0.1024,-0.1204
2005-10-14T07:00:00Z,36.26083,-65.89196,0.1121,-0.2055
2005-10-14T08:00:00Z,36.25341,-65.88736,0.1134,-0.2192
2005-10-14T09:00:00Z,36.24763,-65.89138,-0.0777,-0.1863
2005-10-14T10:00:00Z,36.24146,-65.89558,-0.0708,-0.1853
2005-10-14T11:00:00Z,36.23524,-65.89757,-0.0815,-0.1804
2005-10-14T12:00:00Z,36.23019,-65.90069,-0.0813,-0.1829
2005-10-14T13:00:00Z,36.22281,-65.90423,-0.0848,-0.2171
2005-10-14T14:00:00Z,36.2157,-65.90622,-0.0655,-0.2114
2005-10-14T15:00:00Z,36.20918,-65.91117,-0.0865,-0.2093
2005-10-14T16:00:00Z,36.20273,-65.91302,0.0522,-0.1794
2005-10-14T17:00:00Z,36.19712,-65.90982,0.0608,-0.18
2005-10-14T18:00:00Z,36.1911,-65.90957,-0.026,-0.1935
2005-10-14T19:00:00Z,36.18702,-65.9137,-0.1871,-0.0304
2005-10-14T20:00:00Z,36.18907,-65.9233,-0.2645,0.0927
2005-10-14T21:00:00Z,36.17416,-65.91353,0.224,-0.3968
2005-10-14T22:00:00Z,36.16153,-65.90621,0.1122,-0.3082
2005-10-14T23:00:00Z,36.15262,-65.91099,0.113,-0.2638
2005-10-15T00:00:00Z,36.1479,-65.9054,0.2425,-0.1694
2005-10-15T01:00:00Z,36.14338,-65.89444,0.2197,-0.1747
2005-10-15T02:00:00Z,36.13684,-65.88517,0.2713,-0.2152
2005-10-15T03:00:00Z,36.1304,-65.87573,0.2658,-0.264
2005-10-15T04:00:00Z,36.12115,-65.86373,0.2738,-0.2661
2005-10-15T05:00:00Z,36.11243,-65.85169,0.2772,-0.2669
2005-10-15T06:00:00Z,36.10305,-65.84332,0.2462,-0.2918
2005-10-15T07:00:00Z,36.09299,-65.83306,0.2519,-0.3376
2005-10-15T08:00:00Z,36.08101,-65.82244,-0.0355,-0.2882
2005-10-15T09:00:00Z,36.07458,-65.82539,-0.0592,-0.275
2005-10-15T10:00:00Z,36.06503,-65.82651,0.132,-0.2509
2005-10-15T11:00:00Z,36.0568,-65.82053,0.1358,-0.2513
2005-10-15T12:00:00Z,36.04916,-65.81529,0.1207,-0.231
2005-10-15T13:00:00Z,36.04154,-65.81263,0.1107,-0.231
2005-10-15T14:00:00Z,36.03473,-65.81096,0.1601,-0.1965
2005-10-15T15:00:00Z,36.02877,-65.80097,0.1283,-0.196
2005-10-15T16:00:00Z,36.02234,-65.79563,0.1278,-0.1956
2005-10-15T17:00:00Z,36.0152,-65.79131,0.1485,-0.1805
2005-10-15T18:00:00Z,36.00946,-65.78519,0.1465,-0.248
2005-10-15T19:00:00Z,36.00039,-65.77687,0.2294,-0.3064
2005-10-15T20:00:00Z,35.99014,-65.76831,0.2362,-0.3435
2005-10-15T21:00:00Z,35.9791,-65.75899,0.2341,-0.3474
2005-10-15T22:00:00Z,35.96533,-65.75005,0.2143,-0.4324
2005-10-15T23:00:00Z,35.95048,-65.74383,0.193,-0.4784
2005-10-16T00:00:00Z,35.93497,-65.73256,0.2202,-0.4793
2005-10-16T01:00:00Z,35.92001,-65.7196,0.022,-0.5212
2005-10-16T02:00:00Z,35.90214,-65.71877,0.0189,-0.5207
2005-10-16T03:00:00Z,35.88545,-65.7184,-0.0185,-0.5186
2005-10-16T04:00:00Z,35.86896,-65.7195,-0.0188,-0.5182
2005-10-16T05:00:00Z,35.85216,-65.72027,-0.0192,-0.5177
2005-10-16T06:00:00Z,35.83479,-65.72203,-0.0433,-0.537
2005-10-16T07:00:00Z,35.81519,-65.72263,0.081,-0.5722
2005-10-16T08:00:00Z,35.79681,-65.7077,-0.4425,-0.493
2005-10-16T09:00:00Z,35.7824,-65.72334,-0.3168,-0.4272
2005-10-16T10:00:00Z,35.76764,-65.73581,-0.2293,-0.3543
2005-10-16T11:00:00Z,35.75588,-65.74511,-0.2261,-0.3479
2005-10-16T12:00:00Z,35.74491,-65.75397,-0.1939,-0.3131
2005-10-16T13:00:00Z,35.73466,-65.76199,-0.1948,-0.3132
2005-10-16T14:00:00Z,35.72429,-65.77013,-0.1957,-0.3132
2005-10-16T15:00:00Z,35.71424,-65.77731,0.0207,-0.2754
2005-10-16T16:00:00Z,35.70649,-65.76989,-0.0967,-0.275
2005-10-16T17:00:00Z,35.69834,-65.77473,0.0111,-0.2331
2005-10-16T18:00:00Z,35.69057,-65.77528,-0.0754,-0.2486
2005-10-16T19:00:00Z,35.68193,-65.77879,-0.0594,-0.2765
2005-10-16T20:00:00Z,35.67226,-65.77933,-0.0058,-0.3094
2005-10-16T21:00:00Z,35.66276,-65.78023,0.0376,-0.3401
2005-10-16T22:00:00Z,35.65135,-65.77845,0.0401,-0.3415
2005-10-16T23:00:00Z,35.63939,-65.77679,0.0513,-0.3929
2005-10-17T00:00:00Z,35.62658,-65.76614,0.1535,-0.3945
2005-10-17T01:00:00Z,35.61214,-65.77457,0.0061,-0.4456
2005-10-17T02:00:00Z,35.59749,-65.77586,-9.0E-4,-0.4499
2005-10-17T03:00:00Z,35.57827,-65.77682,-0.1336,-0.5882
2005-10-17T04:00:00Z,35.55921,-65.78265,-0.1416,-0.6319
2005-10-17T05:00:00Z,35.53822,-65.78758,-0.1448,-0.6316
2005-10-17T06:00:00Z,35.51966,-65.79957,-0.2807,-0.508
2005-10-17T07:00:00Z,35.50377,-65.80982,-0.2797,-0.5068
2005-10-17T08:00:00Z,35.48789,-65.82029,-0.28,-0.5065
2005-10-17T09:00:00Z,35.47127,-65.83192,-0.2613,-0.4813
2005-10-17T10:00:00Z,35.46102,-65.84155,-0.2627,-0.2067
2005-10-17T11:00:00Z,35.45199,-65.84931,-0.1852,-0.1885
2005-10-17T12:00:00Z,35.44672,-65.85723,-0.1855,-0.1912
2005-10-17T13:00:00Z,35.44106,-65.87287,-0.2532,-0.1935
2005-10-17T14:00:00Z,35.43545,-65.88355,-0.2502,-0.1975
2005-10-17T15:00:00Z,35.42898,-65.88737,0.0672,-0.2049
2005-10-17T16:00:00Z,35.42139,-65.88475,0.0691,-0.2014
2005-10-17T17:00:00Z,35.41419,-65.88792,-0.1176,-0.2643
2005-10-17T18:00:00Z,35.40386,-65.89107,-0.1031,-0.3588
2005-10-17T19:00:00Z,35.38994,-65.89249,0.0296,-0.4833
2005-10-17T20:00:00Z,35.36992,-65.89099,0.0071,-0.3238
2005-10-17T21:00:00Z,35.36037,-65.89046,-0.0566,-0.3611
2005-10-17T22:00:00Z,35.34869,-65.89213,-0.0751,-0.377
2005-10-17T23:00:00Z,35.33156,-65.89744,-0.1438,-0.5312
2005-10-18T00:00:00Z,35.31403,-65.90329,-0.1448,-0.5313
2005-10-18T01:00:00Z,35.29659,-65.90894,-0.1447,-0.5313
2005-10-18T02:00:00Z,35.27977,-65.91666,-0.3912,-0.5234
2005-10-18T03:00:00Z,35.26379,-65.94035,-0.2622,-0.5139
2005-10-18T04:00:00Z,35.25205,-65.94862,-0.3513,-0.3187
2005-10-18T05:00:00Z,35.24253,-65.96222,-0.2896,-0.1634
2005-10-18T06:00:00Z,35.23766,-65.97308,-0.2867,-0.16
2005-10-18T07:00:00Z,35.23265,-65.98439,-0.2928,-0.1402
2005-10-18T08:00:00Z,35.22759,-65.9949,-0.1666,-0.1619
2005-10-18T09:00:00Z,35.22274,-66.00213,-0.2004,-0.1598
2005-10-18T10:00:00Z,35.21735,-66.01686,-0.3428,-0.1615
2005-10-18T11:00:00Z,35.21069,-66.02274,0.0213,-0.219
2005-10-18T12:00:00Z,35.20372,-66.01522,-0.0894,-0.2204
2005-10-18T13:00:00Z,35.18833,-66.01974,0.0391,-0.3758
2005-10-18T14:00:00Z,35.17545,-66.02001,0.0407,-0.3699
2005-10-18T15:00:00Z,35.16355,-66.017,0.0448,-0.4036
2005-10-18T16:00:00Z,35.15033,-66.01583,0.0154,-0.4106
2005-10-18T17:00:00Z,35.13533,-66.01927,-0.1251,-0.4785
2005-10-18T18:00:00Z,35.11979,-66.03993,-0.2301,-0.472
2005-10-18T19:00:00Z,35.10569,-66.04646,-0.1453,-0.3822
2005-10-18T20:00:00Z,35.09374,-66.05314,-0.1617,-0.3391
2005-10-18T21:00:00Z,35.08224,-66.06113,-0.2193,-0.3768
2005-10-18T22:00:00Z,35.07195,-66.07143,-0.2428,-0.2776
2005-10-18T23:00:00Z,35.05957,-66.07991,-0.2381,-0.3098
2005-10-19T00:00:00Z,35.0511,-66.09017,-0.3194,-0.2199
2005-10-19T01:00:00Z,35.04592,-66.10355,-0.312,-0.2474
2005-10-19T02:00:00Z,35.03774,-66.11573,-0.3206,-0.2123
2005-10-19T03:00:00Z,35.0294,-66.12827,-0.3206,-0.2062
2005-10-19T04:00:00Z,35.02392,-66.14013,-0.301,-0.198
2005-10-19T05:00:00Z,35.01781,-66.15215,-0.3011,-0.1984
2005-10-19T06:00:00Z,35.01143,-66.16452,-0.3017,-0.1982
2005-10-19T07:00:00Z,35.0048,-66.17413,-0.2607,-0.1951
2005-10-19T08:00:00Z,34.99742,-66.18149,-0.1454,-0.2124
2005-10-19T09:00:00Z,34.99284,-66.18432,-0.1146,-0.1336
2005-10-19T10:00:00Z,34.98955,-66.19222,-0.113,-0.1323
2005-10-19T11:00:00Z,34.98233,-66.19423,-0.1056,-0.2088
2005-10-19T12:00:00Z,34.97501,-66.19724,-0.0595,-0.2594
2005-10-19T13:00:00Z,34.96666,-66.20124,-0.0711,-0.2599
2005-10-19T14:00:00Z,34.9575,-66.20731,-0.1202,-0.3066
2005-10-19T15:00:00Z,34.94695,-66.20994,-0.1111,-0.3077
2005-10-19T16:00:00Z,34.93621,-66.21707,-0.137,-0.3503
2005-10-19T17:00:00Z,34.92503,-66.22393,-0.3291,-0.3456
2005-10-19T18:00:00Z,34.91313,-66.2388,-0.3136,-0.3493
2005-10-19T19:00:00Z,34.90366,-66.25178,-0.3858,-0.1616
2005-10-19T20:00:00Z,34.89905,-66.26688,-0.3838,-0.1404
2005-10-19T21:00:00Z,34.89467,-66.28235,-0.3938,-0.0959
2005-10-19T22:00:00Z,34.89238,-66.29743,-0.3648,0.0122
2005-10-19T23:00:00Z,34.89265,-66.31273,-0.3639,0.0156
2005-10-20T00:00:00Z,34.89473,-66.32286,-0.2778,0.0574
2005-10-20T01:00:00Z,34.89607,-66.33413,-0.2734,0.0565
2005-10-20T02:00:00Z,34.89884,-66.34085,-0.1957,0.0621
2005-10-20T03:00:00Z,34.90151,-66.34708,-0.1033,0.0174
2005-10-20T04:00:00Z,34.90136,-66.35062,-0.1046,0.0168
2005-10-20T05:00:00Z,34.90186,-66.35469,-0.1044,0.0158
2005-10-20T06:00:00Z,34.9031,-66.35916,-0.102,0.0133
2005-10-20T07:00:00Z,34.89841,-66.36103,-0.0596,-0.2237
2005-10-20T08:00:00Z,34.89121,-66.3622,-0.0493,-0.1728
2005-10-20T09:00:00Z,34.88561,-66.36495,-0.1688,-0.1822
2005-10-20T10:00:00Z,34.88032,-66.37278,-0.2873,-0.2021
2005-10-20T11:00:00Z,34.8722,-66.38446,-0.2916,-0.2124
2005-10-20T12:00:00Z,34.86749,-66.39836,-0.3628,-0.1322
2005-10-20T13:00:00Z,34.86374,-66.41289,-0.3639,-0.1336
2005-10-20T14:00:00Z,34.85982,-66.42742,-0.3796,-0.0992
2005-10-20T15:00:00Z,34.85653,-66.4427,-0.3756,-0.094
2005-10-20T16:00:00Z,34.85135,-66.45343,-0.2331,-0.2342
2005-10-20T17:00:00Z,34.84327,-66.46096,-0.3083,-0.2047
2005-10-20T18:00:00Z,34.83744,-66.47342,-0.3276,-0.137
2005-10-20T19:00:00Z,34.83538,-66.48467,-0.2692,-0.0317
2005-10-20T20:00:00Z,34.83538,-66.4952,-0.2839,2.0E-4
2005-10-20T21:00:00Z,34.83504,-66.50722,-0.2552,0.0422
2005-10-20T22:00:00Z,34.83844,-66.51561,-0.2355,0.0957
2005-10-20T23:00:00Z,34.84174,-66.52483,-0.2255,0.1242
2005-10-21T00:00:00Z,34.84735,-66.53407,-0.2268,0.1353
2005-10-21T01:00:00Z,34.85318,-66.54275,-0.2246,0.0102
2005-10-21T02:00:00Z,34.85295,-66.55174,-0.2237,0.0182
2005-10-21T03:00:00Z,34.85359,-66.56003,-0.1974,0.0062
2005-10-21T04:00:00Z,34.8529,-66.56782,-0.1797,0.0132
2005-10-21T05:00:00Z,34.85394,-66.57479,-0.1794,0.0134
2005-10-21T06:00:00Z,34.85527,-66.58214,-0.1783,0.0122
2005-10-21T07:00:00Z,34.85211,-66.58835,-0.1873,-0.177
2005-10-21T08:00:00Z,34.84663,-66.59643,-0.3155,-0.1747
2005-10-21T09:00:00Z,34.84127,-66.61021,-0.3783,-0.1603
2005-10-21T10:00:00Z,34.83618,-66.62499,-0.3698,-0.1495
2005-10-21T11:00:00Z,34.8302,-66.63849,-0.4133,-0.074
2005-10-21T12:00:00Z,34.82885,-66.65726,-0.4115,-0.0747
2005-10-21T13:00:00Z,34.82644,-66.6735,-0.397,-0.0444
2005-10-21T14:00:00Z,34.82512,-66.68817,-0.398,-0.0444
2005-10-21T15:00:00Z,34.82247,-66.70247,-0.3104,-0.1029
2005-10-21T16:00:00Z,34.81849,-66.7117,-0.6485,-0.1665
2005-10-21T17:00:00Z,34.81364,-66.73647,-0.6071,-0.1317
2005-10-21T18:00:00Z,34.81096,-66.75353,-0.4476,-0.0473
2005-10-21T19:00:00Z,34.81095,-66.76963,-0.3593,-0.004
2005-10-21T20:00:00Z,34.80752,-66.78308,-0.2587,-0.0021
2005-10-21T21:00:00Z,34.80748,-66.7932,-0.2664,0.0077
2005-10-21T22:00:00Z,34.80796,-66.80359,-0.2677,0.0058
2005-10-21T23:00:00Z,34.80861,-66.81588,-0.3198,0.0126
2005-10-22T00:00:00Z,34.81057,-66.82796,-0.3105,0.0751
2005-10-22T01:00:00Z,34.81456,-66.83008,-0.0126,0.0803
2005-10-22T02:00:00Z,34.81739,-66.82952,-0.0815,-0.0234
2005-10-22T03:00:00Z,34.81945,-66.83251,-0.0875,-0.029
2005-10-22T04:00:00Z,34.81901,-66.83673,-0.1574,-0.0789
2005-10-22T05:00:00Z,34.81548,-66.84353,-0.1551,-0.0667
2005-10-22T06:00:00Z,34.81329,-66.84987,-0.2144,-0.1003
2005-10-22T07:00:00Z,34.81007,-66.85934,-0.2806,-0.102
2005-10-22T08:00:00Z,34.8072,-66.87101,-0.3126,-0.082
2005-10-22T09:00:00Z,34.80508,-66.88667,-0.4613,-0.1177
2005-10-22T10:00:00Z,34.80018,-66.90493,-0.4617,-0.1136
2005-10-22T11:00:00Z,34.79702,-66.92383,-0.5159,-0.0559
2005-10-22T12:00:00Z,34.79474,-66.94282,-0.508,-0.0523
2005-10-22T13:00:00Z,34.7955,-66.96614,-0.5575,0.0083
2005-10-22T14:00:00Z,34.79586,-66.98908,-0.5566,0.0097
2005-10-22T15:00:00Z,34.79768,-67.00956,-0.5303,0.0669
2005-10-22T16:00:00Z,34.79959,-67.03014,-0.3983,0.1104
2005-10-22T17:00:00Z,34.80393,-67.04493,-0.3928,0.1107
2005-10-22T18:00:00Z,34.80772,-67.05566,-0.195,0.1339
2005-10-22T19:00:00Z,34.81234,-67.05882,-0.0446,0.1328
2005-10-22T20:00:00Z,34.81471,-67.06175,-0.1376,-0.0404
2005-10-22T21:00:00Z,34.81098,-67.07219,-0.2667,-0.1387
2005-10-22T22:00:00Z,34.80785,-67.08223,-0.2878,-0.137
2005-10-22T23:00:00Z,34.80182,-67.09327,-0.2902,-0.1311
2005-10-23T00:00:00Z,34.79759,-67.10475,-0.2953,-0.1118
2005-10-23T01:00:00Z,34.7949,-67.11651,-0.2951,-0.1154
2005-10-23T02:00:00Z,34.79078,-67.1283,-0.3021,-0.1479
2005-10-23T03:00:00Z,34.78589,-67.13995,-0.3023,-0.156
2005-10-23T04:00:00Z,34.77873,-67.15185,-0.3023,-0.2245
2005-10-23T05:00:00Z,34.77128,-67.16399,-0.3028,-0.2252
2005-10-23T06:00:00Z,34.76444,-67.17505,-0.2755,-0.2215
2005-10-23T07:00:00Z,34.7594,-67.18428,-0.2134,-0.1
2005-10-23T08:00:00Z,34.75814,-67.19355,-0.2461,0.0187
2005-10-23T09:00:00Z,34.75918,-67.20485,-0.291,0.0396
2005-10-23T10:00:00Z,34.76,-67.21655,-0.3108,-0.0049
2005-10-23T11:00:00Z,34.75985,-67.22851,-0.2964,-0.0039
2005-10-23T12:00:00Z,34.75858,-67.23984,-0.237,-0.0147
2005-10-23T13:00:00Z,34.75903,-67.24772,-0.2329,-0.0071
2005-10-23T14:00:00Z,34.76131,-67.25754,-0.2236,-0.0768
2005-10-23T15:00:00Z,34.75613,-67.26585,-0.2229,-0.0445
2005-10-23T16:00:00Z,34.75488,-67.27872,-0.3988,-0.0596
2005-10-23T17:00:00Z,34.75346,-67.29771,-0.355,-0.066
2005-10-23T18:00:00Z,34.75097,-67.30734,-0.3224,-0.096
2005-10-23T19:00:00Z,34.74814,-67.32039,-0.384,-0.0956
2005-10-23T20:00:00Z,34.74501,-67.33567,-0.3475,-0.0684
2005-10-23T21:00:00Z,34.74278,-67.34932,-0.3466,-0.0675
2005-10-23T22:00:00Z,34.74004,-67.36316,-0.3426,-0.078
2005-10-23T23:00:00Z,34.73875,-67.37598,-0.3405,-0.0678
2005-10-24T00:00:00Z,34.73298,-67.39185,-0.3878,-0.1264
2005-10-24T01:00:00Z,34.72737,-67.40669,-0.3905,-0.1249
2005-10-24T02:00:00Z,34.72399,-67.42356,-0.4306,-0.1581
2005-10-24T03:00:00Z,34.72057,-67.44065,-0.4382,-0.1883
2005-10-24T04:00:00Z,34.71338,-67.45771,-0.4377,-0.1879
2005-10-24T05:00:00Z,34.70655,-67.47482,-0.4375,-0.1833
2005-10-24T06:00:00Z,34.69952,-67.49137,-0.4204,-0.2312
2005-10-24T07:00:00Z,34.6884,-67.50541,-0.35,-0.3307
2005-10-24T08:00:00Z,34.67696,-67.51333,-0.4794,-0.3379
2005-10-24T09:00:00Z,34.66287,-67.53831,-0.4053,-0.1545
2005-10-24T10:00:00Z,34.66191,-67.55479,-0.3456,-0.219
2005-10-24T11:00:00Z,34.65335,-67.56988,-0.3225,-0.1932
2005-10-24T12:00:00Z,34.64751,-67.58245,-0.3329,-0.21
2005-10-24T13:00:00Z,34.64112,-67.59456,-0.3307,-0.2087
2005-10-24T14:00:00Z,34.63445,-67.60342,-0.2484,-0.195
2005-10-24T15:00:00Z,34.62832,-67.61961,-0.2987,-0.1957
2005-10-24T16:00:00Z,34.62157,-67.62371,-0.1622,-0.2108
2005-10-24T17:00:00Z,34.61513,-67.63014,-0.2337,-0.1881
2005-10-24T18:00:00Z,34.60967,-67.6399,-0.2703,-0.1333
2005-10-24T19:00:00Z,34.60575,-67.64997,-0.1975,-0.1032
2005-10-24T20:00:00Z,34.60294,-67.65615,-0.1198,-0.0801
2005-10-24T21:00:00Z,34.59967,-67.66204,-0.1188,-0.078
2005-10-24T22:00:00Z,34.59857,-67.66552,-0.113,-0.0349
2005-10-24T23:00:00Z,34.59748,-67.66953,-0.1564,-0.0085
2005-10-25T00:00:00Z,34.59739,-67.67668,-0.1643,-0.0078
2005-10-25T01:00:00Z,34.59802,-67.68578,-0.3426,0.0241
2005-10-25T02:00:00Z,34.59909,-67.70079,-0.3346,0.0262
2005-10-25T03:00:00Z,34.5997,-67.71599,-0.314,0.0255
2005-10-25T04:00:00Z,34.59818,-67.72864,-0.3121,0.0137
2005-10-25T05:00:00Z,34.60191,-67.74024,-0.3404,0.0372
2005-10-25T06:00:00Z,34.60045,-67.75114,-0.2362,0.0273
2005-10-25T07:00:00Z,34.61288,-67.7594,-0.2127,0.2016
2005-10-25T08:00:00Z,34.62521,-67.76476,-0.0683,0.5325
2005-10-25T09:00:00Z,34.64244,-67.76553,-0.0796,0.4685
2005-10-25T10:00:00Z,34.65587,-67.76896,-0.0709,0.3547
2005-10-25T11:00:00Z,34.66823,-67.77105,-0.0742,0.361
2005-10-25T12:00:00Z,34.67133,-67.7477,0.5757,0.1512
2005-10-25T13:00:00Z,34.67553,-67.72485,0.5752,0.1528
2005-10-25T14:00:00Z,34.68037,-67.70226,0.5757,0.1519
2005-10-25T15:00:00Z,34.68141,-67.6788,0.6122,-0.4548
2005-10-25T16:00:00Z,34.66044,-67.6537,0.6177,-0.0856
2005-10-25T17:00:00Z,34.64741,-67.62676,0.4259,-0.7771
2005-10-25T18:00:00Z,34.62145,-67.62014,-0.051,-0.8296
2005-10-25T19:00:00Z,34.59097,-67.6264,-0.1557,-1.0385
2005-10-25T20:00:00Z,34.55689,-67.6331,-0.2011,-1.0751
2005-10-25T21:00:00Z,34.52947,-67.61637,-0.5457,-0.3105
2005-10-25T22:00:00Z,34.51911,-67.64404,-0.5132,-0.3085
2005-10-25T23:00:00Z,34.50932,-67.66391,-0.5033,-0.2949
2005-10-26T00:00:00Z,34.49983,-67.68121,-0.5256,-0.2946
2005-10-26T01:00:00Z,34.49016,-67.70166,-0.5269,-0.2945
2005-10-26T02:00:00Z,34.48027,-67.72249,-0.5245,-0.2942
2005-10-26T03:00:00Z,34.48136,-67.74035,-0.4495,0.0697
2005-10-26T04:00:00Z,34.48453,-67.75463,-0.3633,0.1295
2005-10-26T05:00:00Z,34.49015,-67.76476,-0.3316,0.1356
2005-10-26T06:00:00Z,34.49572,-67.76959,-0.1111,0.203
2005-10-26T07:00:00Z,34.50204,-67.774,-0.0185,0.2032
2005-10-26T08:00:00Z,34.50834,-67.76799,0.3409,0.1705
2005-10-26T09:00:00Z,34.51287,-67.75385,0.3696,0.099
2005-10-26T10:00:00Z,34.51248,-67.73549,0.4867,-0.0602
2005-10-26T11:00:00Z,34.51054,-67.72748,0.3578,-0.1156
2005-10-26T12:00:00Z,34.50624,-67.69573,0.4941,-0.1204
2005-10-26T13:00:00Z,34.49295,-67.68555,0.1862,-0.4996
2005-10-26T14:00:00Z,34.4773,-67.68012,0.1812,-0.4988
2005-10-26T15:00:00Z,34.45783,-67.6703,0.2113,-0.5676
2005-10-26T16:00:00Z,34.43715,-67.66066,0.2127,-0.5716
2005-10-26T17:00:00Z,34.41553,-67.65982,-0.283,-0.8281
2005-10-26T18:00:00Z,34.38799,-67.6681,-0.7275,-0.9247
2005-10-26T19:00:00Z,34.3573,-67.68897,-0.4239,-0.3115
2005-10-26T20:00:00Z,34.35091,-67.70447,-0.4103,-0.4995
2005-10-26T21:00:00Z,34.33929,-67.72216,-0.5564,-0.2426
2005-10-26T22:00:00Z,34.3149,-67.74497,-0.5081,0.0499
2005-10-26T23:00:00Z,34.31867,-67.76518,-0.4979,0.0248
2005-10-27T00:00:00Z,34.32024,-67.78458,-0.4253,0.0626
2005-10-27T01:00:00Z,34.32012,-67.801,-0.4225,0.0422
2005-10-27T02:00:00Z,34.32327,-67.81439,-0.1877,0.2862
2005-10-27T03:00:00Z,34.33357,-67.82041,-0.1663,0.283
2005-10-27T04:00:00Z,34.34219,-67.81781,0.0446,0.2821
2005-10-27T05:00:00Z,34.35104,-67.81348,0.0225,0.2819
2005-10-27T06:00:00Z,34.36012,-67.81231,0.0215,0.2817
2005-10-27T07:00:00Z,34.36855,-67.81095,0.1175,0.221
2005-10-27T08:00:00Z,34.37017,-67.79844,0.4038,-0.0136
2005-10-27T09:00:00Z,34.36649,-67.78241,0.3875,-0.1683
2005-10-27T10:00:00Z,34.35745,-67.77082,0.3779,-0.3595
2005-10-27T11:00:00Z,34.34464,-67.7553,0.3842,-0.4456
2005-10-27T12:00:00Z,34.3291,-67.74169,-0.1188,-0.6494
2005-10-27T13:00:00Z,34.30616,-67.74637,-0.1197,-0.6438
2005-10-27T14:00:00Z,34.28316,-67.75086,-0.1517,-0.5816
2005-10-27T15:00:00Z,34.26593,-67.758,-0.1585,-0.6063
2005-10-27T16:00:00Z,34.24788,-67.76608,-0.2499,-0.5036
2005-10-27T17:00:00Z,34.23441,-67.78076,-0.4214,-0.414
2005-10-27T18:00:00Z,34.21978,-67.79968,-0.5071,-0.4242
2005-10-27T19:00:00Z,34.21079,-67.83201,-0.6721,-0.0687
2005-10-27T20:00:00Z,34.21048,-67.85783,-0.6107,0.0847
2005-10-27T21:00:00Z,34.21379,-67.88153,-0.6047,0.1248
2005-10-27T22:00:00Z,34.22132,-67.90039,-0.2877,0.4157
2005-10-27T23:00:00Z,34.23525,-67.9117,-0.2837,0.4154
2005-10-28T00:00:00Z,34.24727,-67.91737,-0.184,0.3915
2005-10-28T01:00:00Z,34.26091,-67.92271,-0.1709,0.3986
2005-10-28T02:00:00Z,34.27022,-67.91749,0.2444,0.3022
2005-10-28T03:00:00Z,34.27897,-67.90825,0.2869,-0.0218
2005-10-28T04:00:00Z,34.2777,-67.89578,0.2903,-0.0211
2005-10-28T05:00:00Z,34.27653,-67.87529,0.1818,-0.0815
2005-10-28T06:00:00Z,34.2733,-67.87336,0.2873,-0.0893
2005-10-28T07:00:00Z,34.26779,-67.86162,0.3005,-0.3891
2005-10-28T08:00:00Z,34.25371,-67.85108,0.2642,-0.4548
2005-10-28T09:00:00Z,34.23683,-67.84669,-0.075,-0.56
2005-10-28T10:00:00Z,34.21822,-67.84274,-0.2647,-0.5019
2005-10-28T11:00:00Z,34.20182,-67.85317,-0.2722,-0.4978
2005-10-28T12:00:00Z,34.18717,-67.86702,-0.4276,-0.3942
2005-10-28T13:00:00Z,34.17476,-67.88455,-0.4331,-0.3892
2005-10-28T14:00:00Z,34.16366,-67.90659,-0.6874,-0.3265
2005-10-28T15:00:00Z,34.15461,-67.93888,-0.6167,-0.314
2005-10-28T16:00:00Z,34.14481,-67.96436,-0.6171,-0.3109
2005-10-28T17:00:00Z,34.15004,-67.98929,-0.6875,0.2091
2005-10-28T18:00:00Z,34.15285,-68.0177,-0.6829,0.1945
2005-10-28T19:00:00Z,34.1616,-68.03816,-0.3103,0.432
2005-10-28T20:00:00Z,34.17664,-68.04968,-0.2845,0.4867
2005-10-28T21:00:00Z,34.19232,-68.06011,-0.2455,0.4635
2005-10-28T22:00:00Z,34.20515,-68.0551,0.1943,0.3803
2005-10-28T23:00:00Z,34.2177,-68.04769,0.2442,0.3475
2005-10-29T00:00:00Z,34.22824,-68.03645,0.2538,0.3415
2005-10-29T01:00:00Z,34.23786,-68.02534,0.3432,-0.1719
2005-10-29T02:00:00Z,34.23186,-68.01011,0.356,-0.1748
2005-10-29T03:00:00Z,34.22608,-67.99428,0.366,-0.176
2005-10-29T04:00:00Z,34.22095,-67.9764,0.3801,-0.175
2005-10-29T05:00:00Z,34.20894,-67.96869,0.2434,-0.4655
2005-10-29T06:00:00Z,34.19483,-67.95992,0.2611,-0.472
2005-10-29T07:00:00Z,34.1776,-67.94795,0.1293,-0.6129
2005-10-29T08:00:00Z,34.15801,-67.9436,0.1312,-0.6102
2005-10-29T09:00:00Z,34.14063,-67.9455,-0.1436,-0.5293
2005-10-29T10:00:00Z,34.12341,-67.9566,-0.2643,-0.5605
2005-10-29T11:00:00Z,34.10359,-67.95517,-0.1442,-0.5601
2005-10-29T12:00:00Z,34.08761,-67.9723,-0.458,-0.4843
2005-10-29T13:00:00Z,34.07298,-67.99013,-0.4387,-0.3595
2005-10-29T14:00:00Z,34.06232,-68.00693,-0.4343,-0.3548
2005-10-29T15:00:00Z,34.05189,-68.02404,-0.3055,-0.0085
2005-10-29T16:00:00Z,34.05201,-68.03441,-0.3182,-0.0084
2005-10-29T17:00:00Z,34.05326,-68.04391,-0.2199,0.0553
2005-10-29T18:00:00Z,34.0555,-68.05271,0.1092,0.0938
2005-10-29T19:00:00Z,34.05966,-68.04663,0.209,0.1491
2005-10-29T20:00:00Z,34.06679,-68.03755,0.2368,0.2251
2005-10-29T21:00:00Z,34.06992,-68.02573,0.3492,-0.0461
2005-10-29T22:00:00Z,34.06807,-68.012,0.3545,-0.0572
2005-10-29T23:00:00Z,34.06423,-67.99724,0.4027,-0.1729
2005-10-30T00:00:00Z,34.05857,-67.9775,0.4302,-0.1767
2005-10-30T01:00:00Z,34.04934,-67.96246,0.2134,-0.4583
2005-10-30T02:00:00Z,34.03472,-67.9542,0.2105,-0.4665
2005-10-30T03:00:00Z,34.01791,-67.94902,0.1107,-0.5183
2005-10-30T04:00:00Z,34.00116,-67.9423,0.0586,-0.5286
2005-10-30T05:00:00Z,33.98417,-67.94111,0.0671,-0.529
2005-10-30T06:00:00Z,33.9671,-67.93894,0.0722,-0.5293
2005-10-30T07:00:00Z,33.95118,-67.93972,-0.1538,-0.4267
2005-10-30T08:00:00Z,33.93737,-67.94683,-0.1974,-0.3081
2005-10-30T09:00:00Z,33.93028,-67.95819,-0.41,-0.1866
2005-10-30T10:00:00Z,33.92317,-67.9894,-0.6979,-0.1908
2005-10-30T11:00:00Z,33.91973,-67.97275,-0.1333,-0.1219
2005-10-30T12:00:00Z,33.9153,-67.97713,-0.1402,-0.1152
2005-10-30T13:00:00Z,33.91053,-67.98414,0.01,-0.006
2005-10-30T14:00:00Z,33.90799,-67.98977,0.0284,0.0206
2005-10-30T15:00:00Z,33.9087,-67.98849,0.0963,0.0162
2005-10-30T16:00:00Z,33.90978,-67.98445,0.0958,0.0138
2005-10-30T17:00:00Z,33.91056,-67.98077,0.0968,0.0119
2005-10-30T18:00:00Z,33.91056,-67.97534,0.1478,0.0116
2005-10-30T19:00:00Z,33.90779,-67.96404,0.3034,-0.0981
2005-10-30T20:00:00Z,33.90232,-67.95351,0.2018,-0.3106
2005-10-30T21:00:00Z,33.8915,-67.94651,0.2053,-0.3604
2005-10-30T22:00:00Z,33.87999,-67.93774,0.2029,-0.3605
2005-10-30T23:00:00Z,33.86916,-67.92944,0.2017,-0.3585
2005-10-31T00:00:00Z,33.85843,-67.92167,0.1827,-0.4595
2005-10-31T01:00:00Z,33.84349,-67.91465,0.1787,-0.4608
2005-10-31T02:00:00Z,33.8293,-67.9093,-0.1764,-0.4608
2005-10-31T03:00:00Z,33.81288,-67.91603,-0.1787,-0.4683
2005-10-31T04:00:00Z,33.79907,-67.9238,-0.2113,-0.3863
2005-10-31T05:00:00Z,33.78723,-67.93225,-0.2129,-0.3891
2005-10-31T06:00:00Z,33.77496,-67.93991,-0.2115,-0.3916
2005-10-31T07:00:00Z,33.76635,-67.94941,-0.1951,-0.1959
2005-10-31T08:00:00Z,33.76088,-67.95712,-0.1997,-0.1103
2005-10-31T09:00:00Z,33.75888,-67.96639,-0.2528,-0.0458
2005-10-31T10:00:00Z,33.75787,-67.97588,-0.1992,0.0312
2005-10-31T11:00:00Z,33.7616,-67.98151,-0.0751,0.1493
2005-10-31T12:00:00Z,33.76774,-67.98693,-0.0222,0.1371
2005-10-31T13:00:00Z,33.77014,-67.9847,0.0465,0.1032
2005-10-31T14:00:00Z,33.77356,-67.98335,0.0532,0.101
2005-10-31T15:00:00Z,33.77495,-67.97945,0.0888,0.0392
2005-10-31T16:00:00Z,33.77654,-67.97461,0.1445,0.0024
2005-10-31T17:00:00Z,33.77566,-67.96946,0.1431,0.0026
2005-10-31T18:00:00Z,33.77622,-67.96113,0.164,-0.1016
2005-10-31T19:00:00Z,33.77226,-67.95751,0.1725,-0.108
2005-10-31T20:00:00Z,33.765,-67.9503,0.1179,-0.2825
2005-10-31T21:00:00Z,33.75583,-67.94576,0.1157,-0.2827
2005-10-31T22:00:00Z,33.74604,-67.94179,0.0571,-0.3202
2005-10-31T23:00:00Z,33.73638,-67.93946,0.0546,-0.3178
2005-11-01T00:00:00Z,33.72359,-67.94187,-0.0903,-0.4075
2005-11-01T01:00:00Z,33.71013,-67.94542,-0.0981,-0.4067
2005-11-01T02:00:00Z,33.69698,-67.95341,-0.3194,-0.4247
2005-11-01T03:00:00Z,33.68292,-67.96589,-0.32,-0.4253
2005-11-01T04:00:00Z,33.6805,-67.97851,-0.3294,-0.0544
2005-11-01T05:00:00Z,33.67887,-67.99132,-0.3294,-0.0538
2005-11-01T06:00:00Z,33.67761,-68.00399,-0.3236,0.1014
2005-11-01T07:00:00Z,33.68241,-68.01489,-0.2656,0.1566
2005-11-01T08:00:00Z,33.68868,-68.0227,-0.0514,0.2866
2005-11-01T09:00:00Z,33.6983,-68.02275,0.0217,0.2915
2005-11-01T10:00:00Z,33.70729,-68.0229,0.0769,0.0412
2005-11-01T11:00:00Z,33.70875,-68.01939,0.079,0.0329
2005-11-01T12:00:00Z,33.70844,-68.01337,0.2544,-0.0884
2005-11-01T13:00:00Z,33.70501,-68.00293,0.258,-0.0947
2005-11-01T14:00:00Z,33.70044,-67.99373,0.2493,-0.2432
2005-11-01T15:00:00Z,33.69194,-67.98142,0.2735,-0.2485
2005-11-01T16:00:00Z,33.68307,-67.97536,0.1927,-0.2941
2005-11-01T17:00:00Z,33.67327,-67.9692,0.1983,-0.2945
2005-11-01T18:00:00Z,33.66243,-67.96696,-0.0752,-0.3793
2005-11-01T19:00:00Z,33.65055,-67.97014,-0.2009,-0.4174
2005-11-01T20:00:00Z,33.63714,-67.97914,-0.3156,-0.3778
2005-11-01T21:00:00Z,33.62439,-67.98821,-0.2892,-0.3739
2005-11-01T22:00:00Z,33.61313,-68.00372,-0.3518,-0.3387
2005-11-01T23:00:00Z,33.60383,-68.01884,-0.2934,0.0359
2005-11-02T00:00:00Z,33.60512,-68.02958,-0.2839,0.0406
2005-11-02T01:00:00Z,33.60529,-68.04144,-0.285,0.0369
2005-11-02T02:00:00Z,33.61112,-68.04693,-0.2077,0.1152
2005-11-02T03:00:00Z,33.61482,-68.05065,-0.0114,0.127
2005-11-02T04:00:00Z,33.6182,-68.04958,-0.0102,0.1217
2005-11-02T05:00:00Z,33.62198,-68.04918,-0.0114,0.1204
2005-11-02T06:00:00Z,33.6248,-68.04859,0.0318,0.0901
2005-11-02T07:00:00Z,33.62777,-68.04625,0.1183,0.0589
2005-11-02T08:00:00Z,33.62919,-68.04111,0.1751,0.0367
2005-11-02T09:00:00Z,33.63032,-68.0345,0.1769,0.0358
2005-11-02T10:00:00Z,33.63078,-68.02763,0.1854,-0.0177
2005-11-02T11:00:00Z,33.6308,-68.01933,0.1861,-0.0171
2005-11-02T12:00:00Z,33.62836,-68.01234,0.1849,-0.0735
2005-11-02T13:00:00Z,33.62562,-68.00581,0.1818,-0.0752
2005-11-02T14:00:00Z,33.6232,-67.99925,0.1802,-0.0755
2005-11-02T15:00:00Z,33.6212,-67.99289,0.1788,-0.0748
2005-11-02T16:00:00Z,33.60663,-67.97188,0.2668,-0.1855
2005-11-02T17:00:00Z,33.60122,-67.96259,0.3516,-0.2822
2005-11-02T18:00:00Z,33.58385,-67.96627,-0.0629,-0.6899
2005-11-02T19:00:00Z,33.56146,-67.9684,-0.0032,-0.6969
2005-11-02T20:00:00Z,33.54012,-67.96905,-0.0419,-0.6177
2005-11-02T21:00:00Z,33.51868,-67.97149,-0.315,-0.5052
2005-11-02T22:00:00Z,33.50274,-67.98568,-0.3214,-0.4998
2005-11-02T23:00:00Z,33.48886,-67.9968,-0.2788,-0.4031
2005-11-03T00:00:00Z,33.47633,-68.00561,-0.2773,-0.3989
2005-11-03T01:00:00Z,33.46436,-68.01612,-0.2665,-0.3371
2005-11-03T02:00:00Z,33.45371,-68.02807,-0.2643,-0.3321
2005-11-03T03:00:00Z,33.44526,-68.03742,-0.2271,-0.2251
2005-11-03T04:00:00Z,33.43786,-68.047,-0.2186,-0.2223
2005-11-03T05:00:00Z,33.43222,-68.05191,-0.1342,-0.1773
2005-11-03T06:00:00Z,33.42682,-68.0562,-0.0837,-0.1488
2005-11-03T07:00:00Z,33.42232,-68.05841,-0.0799,-0.1476
2005-11-03T08:00:00Z,33.41464,-68.0605,-0.0017,-0.3076
2005-11-03T09:00:00Z,33.40453,-68.06005,-0.0029,-0.3075
2005-11-03T10:00:00Z,33.3945,-68.06001,-0.0032,-0.3074
2005-11-03T11:00:00Z,33.38449,-68.06003,-0.0035,-0.3073
2005-11-03T12:00:00Z,33.37444,-68.06004,-0.0039,-0.3071
2005-11-03T13:00:00Z,33.36386,-68.06038,0.0041,-0.3322
2005-11-03T14:00:00Z,33.35381,-68.06059,0.0054,-0.3288
2005-11-03T15:00:00Z,33.34181,-68.06103,-0.0161,-0.4352
2005-11-03T16:00:00Z,33.32516,-68.06102,-0.0143,-0.4062
2005-11-03T17:00:00Z,33.31283,-68.07005,-0.3057,-0.3797
2005-11-03T18:00:00Z,33.29854,-68.0815,-0.3197,-0.231
2005-11-03T19:00:00Z,33.29095,-68.09338,-0.3291,-0.166
2005-11-03T20:00:00Z,33.28614,-68.12216,-0.6009,-0.1661
2005-11-03T21:00:00Z,33.2824,-68.13602,-0.1199,-0.1232
2005-11-03T22:00:00Z,33.27583,-68.14076,-0.1193,-0.1543
2005-11-03T23:00:00Z,33.26979,-68.14589,-0.1168,-0.1608
2005-11-04T00:00:00Z,33.26511,-68.15079,-0.0799,-0.0509
2005-11-04T01:00:00Z,33.26866,-68.15334,-0.079,-0.0891
2005-11-04T02:00:00Z,33.26776,-68.15626,0.0113,-0.2061
2005-11-04T03:00:00Z,33.26092,-68.15447,0.009,-0.2084
2005-11-04T04:00:00Z,33.25333,-68.1535,0.0314,-0.2632
2005-11-04T05:00:00Z,33.2446,-68.15317,0.0295,-0.2687
2005-11-04T06:00:00Z,33.23325,-68.15246,0.0164,-0.3568
2005-11-04T07:00:00Z,33.22059,-68.15011,0.0266,-0.3563
2005-11-04T08:00:00Z,33.21116,-68.15504,-0.0815,-0.297
2005-11-04T09:00:00Z,33.20097,-68.15834,-0.1302,-0.4085
2005-11-04T10:00:00Z,33.18723,-68.16466,-0.1533,-0.4436
2005-11-04T11:00:00Z,33.17258,-68.17104,-0.1664,-0.4472
2005-11-04T12:00:00Z,33.15822,-68.17294,-0.1404,-0.4478
2005-11-04T13:00:00Z,33.14324,-68.1827,-0.1796,-0.4657
2005-11-04T14:00:00Z,33.12831,-68.19131,-0.1649,-0.4663
2005-11-04T15:00:00Z,33.11326,-68.19971,-0.2387,-0.4668
2005-11-04T16:00:00Z,33.09795,-68.20312,-0.1805,-0.4459
2005-11-04T17:00:00Z,33.08478,-68.21847,-0.3389,-0.3984
2005-11-04T18:00:00Z,33.0717,-68.23134,-0.2641,-0.4104
2005-11-04T19:00:00Z,33.0599,-68.24036,-0.2148,-0.305
2005-11-04T20:00:00Z,33.05058,-68.24777,-0.2168,-0.3065
2005-11-04T21:00:00Z,33.03812,-68.25951,-0.296,-0.36
2005-11-04T22:00:00Z,33.02665,-68.26932,-0.2066,-0.2662
2005-11-04T23:00:00Z,33.01823,-68.28146,-0.2654,-0.265
2005-11-05T00:00:00Z,33.00945,-68.28704,-0.1143,-0.2567
2005-11-05T01:00:00Z,33.00143,-68.28971,-0.1421,-0.257
2005-11-05T02:00:00Z,32.99279,-68.29551,-0.1163,-0.2918
2005-11-05T03:00:00Z,32.98317,-68.30022,-0.1187,-0.2944
2005-11-05T04:00:00Z,32.9711,-68.3052,-0.1303,-0.3655
2005-11-05T05:00:00Z,32.95926,-68.31283,-0.1531,-0.3673
2005-11-05T06:00:00Z,32.94606,-68.32248,-0.2035,-0.3981
2005-11-05T07:00:00Z,32.93261,-68.32958,-0.2009,-0.4062
2005-11-05T08:00:00Z,32.91878,-68.33381,-0.0215,-0.4575
2005-11-05T09:00:00Z,32.90344,-68.33505,-0.3121,-0.5072
2005-11-05T10:00:00Z,32.88587,-68.34711,-0.2067,-0.5885
2005-11-05T11:00:00Z,32.86583,-68.35083,-0.1918,-0.5881
2005-11-05T12:00:00Z,32.84598,-68.35754,-0.2878,-0.5327
2005-11-05T13:00:00Z,32.8302,-68.37322,-0.2481,-0.5408
2005-11-05T14:00:00Z,32.81364,-68.38382,-0.2613,-0.485
2005-11-05T15:00:00Z,32.79723,-68.39148,-0.2726,-0.4881
2005-11-05T16:00:00Z,32.78204,-68.40106,-0.2271,-0.4571
2005-11-05T17:00:00Z,32.76797,-68.41043,-0.3022,-0.3986
2005-11-05T18:00:00Z,32.75477,-68.43159,-0.4618,-0.4235
2005-11-05T19:00:00Z,32.74348,-68.44711,-0.3266,-0.2714
2005-11-05T20:00:00Z,32.73671,-68.45905,-0.2567,-0.4449
2005-11-05T21:00:00Z,32.7218,-68.46543,-0.176,-0.4071
2005-11-05T22:00:00Z,32.70904,-68.47052,-0.1338,-0.3631
2005-11-05T23:00:00Z,32.69696,-68.48253,-0.187,-0.3728
2005-11-06T00:00:00Z,32.68507,-68.48751,-0.1803,-0.3722
2005-11-06T01:00:00Z,32.6738,-68.48278,-0.1247,-0.3685
2005-11-06T02:00:00Z,32.65701,-68.50105,-0.1765,-0.5416
2005-11-06T03:00:00Z,32.63958,-68.51007,-0.2699,-0.5472
2005-11-06T04:00:00Z,32.61143,-68.51456,-0.267,-0.6966
2005-11-06T05:00:00Z,32.58589,-68.51942,-0.2442,-0.7115
2005-11-06T06:00:00Z,32.59533,-68.53986,-0.2762,-0.4426
2005-11-06T07:00:00Z,32.58108,-68.55101,-0.3992,-0.4233
2005-11-06T08:00:00Z,32.56661,-68.55983,-0.2114,-0.4492
2005-11-06T09:00:00Z,32.55315,-68.56872,-0.2676,-0.4016
2005-11-06T10:00:00Z,32.54054,-68.58056,-0.2323,-0.4043
2005-11-06T11:00:00Z,32.52698,-68.5884,-0.2437,-0.4045
2005-11-06T12:00:00Z,32.51438,-68.59886,-0.2507,-0.3906
2005-11-06T13:00:00Z,32.50265,-68.62095,-0.5275,-0.3736
2005-11-06T14:00:00Z,32.48973,-68.6422,-0.5472,-0.3769
2005-11-06T15:00:00Z,32.47813,-68.66382,-0.5424,-0.3804
2005-11-06T16:00:00Z,32.46627,-68.67379,-0.1881,-0.353
2005-11-06T17:00:00Z,32.458,-68.68185,-0.3999,-0.1842
2005-11-06T18:00:00Z,32.45046,-68.6981,-0.3861,-0.1889
2005-11-06T19:00:00Z,32.44531,-68.71024,-0.2941,-0.1418
2005-11-06T20:00:00Z,32.44113,-68.71961,-0.2063,-0.127
2005-11-06T21:00:00Z,32.43648,-68.72643,-0.2182,-0.1573
2005-11-06T22:00:00Z,32.43111,-68.73606,-0.2273,-0.1596
2005-11-06T23:00:00Z,32.42524,-68.744,-0.1982,-0.196
2005-11-07T00:00:00Z,32.4188,-68.75022,-0.1898,-0.1973
2005-11-07T01:00:00Z,32.41168,-68.75782,-0.1891,-0.2529
2005-11-07T02:00:00Z,32.40203,-68.76562,-0.1925,-0.2679
2005-11-07T03:00:00Z,32.39222,-68.77316,-0.2264,-0.3398
2005-11-07T04:00:00Z,32.38022,-68.78257,-0.2219,-0.3347
2005-11-07T05:00:00Z,32.37046,-68.7911,-0.2283,-0.3146
2005-11-07T06:00:00Z,32.36045,-68.79958,-0.2296,-0.3154
2005-11-07T07:00:00Z,32.35027,-68.80831,-0.1556,-0.3452
2005-11-07T08:00:00Z,32.33866,-68.81364,-0.1563,-0.3457
2005-11-07T09:00:00Z,32.32952,-68.82087,-0.1839,-0.2748
2005-11-07T10:00:00Z,32.32043,-68.82396,-0.0871,-0.2896
2005-11-07T11:00:00Z,32.30979,-68.82475,-0.4166,-0.2749
2005-11-07T12:00:00Z,32.30259,-68.84435,-0.3824,-0.2796
2005-11-07T13:00:00Z,32.29378,-68.8588,-0.3706,-0.3066
2005-11-07T14:00:00Z,32.28362,-68.87304,-0.3661,-0.3053
2005-11-07T15:00:00Z,32.27419,-68.8858,-0.1821,-0.3056
2005-11-07T16:00:00Z,32.2632,-68.89141,-0.1892,-0.3157
2005-11-07T17:00:00Z,32.25951,-68.89701,-0.1462,-0.1447
2005-11-07T18:00:00Z,32.25498,-68.90393,-0.1527,-0.105
2005-11-07T19:00:00Z,32.24821,-68.91018,-0.2207,-0.2451
2005-11-07T20:00:00Z,32.23948,-68.9179,0.0108,-0.328
2005-11-07T21:00:00Z,32.22858,-68.91533,0.0298,-0.3706
2005-11-07T22:00:00Z,32.21686,-68.91555,0.0329,-0.3696
2005-11-07T23:00:00Z,32.20636,-68.9155,0.0349,-0.3606
2005-11-08T00:00:00Z,32.19579,-68.91639,-0.0418,-0.4864
2005-11-08T01:00:00Z,32.17971,-68.91214,0.0662,-0.4844
2005-11-08T02:00:00Z,32.16416,-68.90846,-0.0358,-0.488
2005-11-08T03:00:00Z,32.14758,-68.91725,-0.2581,-0.506
2005-11-08T04:00:00Z,32.13121,-68.92677,-0.2648,-0.4989
2005-11-08T05:00:00Z,32.11529,-68.93717,-0.2652,-0.4984
2005-11-08T06:00:00Z,32.09916,-68.94748,-0.2653,-0.4981
2005-11-08T07:00:00Z,32.08429,-68.95747,-0.2738,-0.4308
2005-11-08T08:00:00Z,32.07009,-68.96747,-0.2739,-0.4315
2005-11-08T09:00:00Z,32.06053,-68.98259,-0.3764,-0.2569
2005-11-08T10:00:00Z,32.05188,-68.99758,-0.3744,-0.2559
2005-11-08T11:00:00Z,32.04406,-69.01157,-0.3207,-0.1996
2005-11-08T12:00:00Z,32.03718,-69.02367,-0.3203,-0.19
2005-11-08T13:00:00Z,32.03267,-69.03465,-0.2745,-0.1449
2005-11-08T14:00:00Z,32.02859,-69.04604,-0.2781,-0.1466
2005-11-08T15:00:00Z,32.02347,-69.05463,-0.1847,-0.1511
2005-11-08T16:00:00Z,32.01801,-69.06126,-0.1862,-0.1512
2005-11-08T17:00:00Z,32.01257,-69.06828,-0.172,-0.1745
2005-11-08T18:00:00Z,32.00626,-69.07572,-0.2208,-0.2269
2005-11-08T19:00:00Z,31.99807,-69.08464,-0.243,-0.2641
2005-11-08T20:00:00Z,31.9921,-69.09191,-0.2048,-0.2128
2005-11-08T21:00:00Z,31.9824,-69.10258,-0.2406,-0.2577
2005-11-08T22:00:00Z,31.97453,-69.11176,-0.2664,-0.2717
2005-11-08T23:00:00Z,31.96621,-69.12027,-0.2803,-0.2743
2005-11-09T00:00:00Z,31.95756,-69.13122,-0.2882,-0.2382
2005-11-09T01:00:00Z,31.9497,-69.14238,-0.2883,-0.2376
2005-11-09T02:00:00Z,31.94215,-69.15339,-0.3051,-0.2121
2005-11-09T03:00:00Z,31.93543,-69.16526,-0.3052,-0.2112
2005-11-09T04:00:00Z,31.92884,-69.1759,-0.2777,-0.1923
2005-11-09T05:00:00Z,31.92266,-69.18668,-0.2777,-0.1922
2005-11-09T06:00:00Z,31.91641,-69.19851,-0.2806,-0.1921
2005-11-09T07:00:00Z,31.91026,-69.20751,-0.224,-0.1878
2005-11-09T08:00:00Z,31.90421,-69.21516,-0.2338,-0.1877
2005-11-09T09:00:00Z,31.89797,-69.22429,-0.2231,-0.1916
2005-11-09T10:00:00Z,31.89194,-69.23279,-0.2459,-0.1913
2005-11-09T11:00:00Z,31.88556,-69.24219,-0.2466,-0.1911
2005-11-09T12:00:00Z,31.87923,-69.2515,-0.2862,-0.1873
2005-11-09T13:00:00Z,31.87334,-69.26245,-0.2868,-0.1873
2005-11-09T14:00:00Z,31.8675,-69.27299,-0.2875,-0.1874
2005-11-09T15:00:00Z,31.86159,-69.28473,-0.2946,-0.1774
2005-11-09T16:00:00Z,31.85568,-69.2963,-0.2932,-0.1614
2005-11-09T17:00:00Z,31.85089,-69.30693,-0.2931,-0.1613
2005-11-09T18:00:00Z,31.84564,-69.31777,-0.2858,-0.1655
2005-11-09T19:00:00Z,31.84009,-69.32933,-0.286,-0.1661
2005-11-09T20:00:00Z,31.83506,-69.33964,-0.2653,-0.1593
2005-11-09T21:00:00Z,31.82949,-69.34961,-0.2646,-0.1592
2005-11-09T22:00:00Z,31.8248,-69.35938,-0.2466,-0.1433
2005-11-09T23:00:00Z,31.82112,-69.36852,-0.2468,-0.1436
2005-11-10T00:00:00Z,31.81565,-69.37937,-0.2781,-0.1481
2005-11-10T01:00:00Z,31.81046,-69.3892,-0.2788,-0.147
2005-11-10T02:00:00Z,31.80634,-69.40075,-0.2979,-0.1195
2005-11-10T03:00:00Z,31.80171,-69.41347,-0.2901,-0.0871
2005-11-10T04:00:00Z,31.79901,-69.42329,-0.2732,-0.097
2005-11-10T05:00:00Z,31.79634,-69.43359,-0.2722,-0.0962
2005-11-10T06:00:00Z,31.79399,-69.44437,-0.2717,-0.0958
2005-11-10T07:00:00Z,31.78966,-69.44991,-0.2167,-0.1009
2005-11-10T08:00:00Z,31.78544,-69.4523,-0.2959,-0.076
2005-11-10T09:00:00Z,31.78442,-69.46976,-0.2377,-0.0799
2005-11-10T10:00:00Z,31.78185,-69.47973,-0.2216,-0.0628
2005-11-10T11:00:00Z,31.77934,-69.48683,-0.2591,-0.062
2005-11-10T12:00:00Z,31.77804,-69.49634,-0.2226,-0.0376
2005-11-10T13:00:00Z,31.77667,-69.50461,-0.2214,-0.0377
2005-11-10T14:00:00Z,31.77484,-69.51057,-0.1932,-0.0352
2005-11-10T15:00:00Z,31.77612,-69.53049,-0.2937,-0.0255
2005-11-10T16:00:00Z,31.77426,-69.51354,-0.0144,-0.18
2005-11-10T17:00:00Z,31.76901,-69.51375,0.0155,-0.2907
2005-11-10T18:00:00Z,31.75892,-69.5135,0.0195,-0.2712
2005-11-10T19:00:00Z,31.75029,-69.51262,0.0201,-0.2705
2005-11-10T20:00:00Z,31.74273,-69.51338,-0.0064,-0.2206
2005-11-10T21:00:00Z,31.7343,-69.512,-0.0859,-0.1844
2005-11-10T22:00:00Z,31.72945,-69.51669,-0.052,-0.1926
2005-11-10T23:00:00Z,31.72326,-69.52006,-0.0807,-0.2168
2005-11-11T00:00:00Z,31.71585,-69.51761,-0.0108,-0.2192
2005-11-11T01:00:00Z,31.70899,-69.5167,-0.161,-0.235
2005-11-11T02:00:00Z,31.70113,-69.52385,-0.1585,-0.2358
2005-11-11T03:00:00Z,31.69327,-69.53412,-0.1107,-0.2364
2005-11-11T04:00:00Z,31.68511,-69.53858,-0.1097,-0.2375
2005-11-11T05:00:00Z,31.67704,-69.54132,-0.1337,-0.2533
2005-11-11T06:00:00Z,31.67033,-69.54735,-0.0679,-0.296
2005-11-11T07:00:00Z,31.6595,-69.54856,-0.0687,-0.29
2005-11-11T08:00:00Z,31.65067,-69.55172,-0.096,-0.2572
2005-11-11T09:00:00Z,31.64322,-69.55743,-0.1069,-0.2418
2005-11-11T10:00:00Z,31.64131,-69.56154,-0.1269,-0.1294
2005-11-11T11:00:00Z,31.63877,-69.56409,-0.0842,-0.1408
2005-11-11T12:00:00Z,31.6329,-69.56947,-0.0817,-0.1333
2005-11-11T13:00:00Z,31.62807,-69.57545,-0.1171,-0.1881
2005-11-11T14:00:00Z,31.62285,-69.57546,-0.0955,-0.1863
2005-11-11T15:00:00Z,31.61834,-69.57646,-0.0367,-0.2232
2005-11-11T16:00:00Z,31.60954,-69.57914,-0.0367,-0.2151
2005-11-11T17:00:00Z,31.6027,-69.58082,-0.0743,-0.2371
2005-11-11T18:00:00Z,31.5949,-69.58456,-0.1458,-0.231
2005-11-11T19:00:00Z,31.58673,-69.59066,-0.1464,-0.2187
2005-11-11T20:00:00Z,31.5807,-69.59532,-0.1435,-0.2175
2005-11-11T21:00:00Z,31.57436,-69.60002,-0.1138,-0.1712
2005-11-11T22:00:00Z,31.56789,-69.60561,-0.1184,-0.1747
2005-11-11T23:00:00Z,31.56342,-69.60877,-0.0785,-0.1325
2005-11-12T00:00:00Z,31.55936,-69.61146,-0.0777,-0.132
2005-11-12T01:00:00Z,31.55498,-69.61458,-0.0774,-0.1317
2005-11-12T02:00:00Z,31.55015,-69.61832,-0.0772,-0.1311
2005-11-12T03:00:00Z,31.54721,-69.61996,-0.0608,-0.1068
2005-11-12T04:00:00Z,31.5444,-69.62042,-0.1033,-0.1173
2005-11-12T05:00:00Z,31.54001,-69.62579,-0.0958,-0.1176
2005-11-12T06:00:00Z,31.53632,-69.62932,-0.1017,-0.1259
2005-11-12T07:00:00Z,31.53214,-69.63284,-0.0981,-0.1256
2005-11-12T08:00:00Z,31.52744,-69.63265,0.0409,-0.1395
2005-11-12T09:00:00Z,31.52378,-69.62913,0.0272,-0.1361
2005-11-12T10:00:00Z,31.51768,-69.62861,0.0558,-0.1739
2005-11-12T11:00:00Z,31.5115,-69.62709,0.0201,-0.2128
2005-11-12T12:00:00Z,31.50541,-69.6256,0.0195,-0.2136
2005-11-12T13:00:00Z,31.49904,-69.62678,-0.0245,-0.1883
2005-11-12T14:00:00Z,31.49196,-69.6267,-0.0256,-0.1885
2005-11-12T15:00:00Z,31.4859,-69.62817,-0.1174,-0.1243
2005-11-12T16:00:00Z,31.48235,-69.6335,-0.1041,-0.1309
2005-11-12T17:00:00Z,31.47826,-69.63693,-0.1092,-0.124
2005-11-12T18:00:00Z,31.47286,-69.64018,-0.0754,-0.1651
2005-11-12T19:00:00Z,31.46835,-69.64199,0.0067,-0.1527
2005-11-12T20:00:00Z,31.46255,-69.63863,0.0129,-0.1613
2005-11-12T21:00:00Z,31.46383,-69.64049,-0.1046,-0.0692
2005-11-12T22:00:00Z,31.46066,-69.64389,-0.0256,-0.1337
2005-11-12T23:00:00Z,31.45774,-69.64548,-0.0237,-0.1359
2005-11-13T00:00:00Z,31.45364,-69.64692,-0.0052,-0.1572
2005-11-13T01:00:00Z,31.44775,-69.64634,-0.0096,-0.1502
2005-11-13T02:00:00Z,31.44295,-69.64642,0.0011,-0.1557
2005-11-13T03:00:00Z,31.43814,-69.6472,7.0E-4,-0.1544
2005-11-13T04:00:00Z,31.4337,-69.64761,-0.0113,-0.1293
2005-11-13T05:00:00Z,31.42975,-69.64721,-0.0072,-0.1282
2005-11-13T06:00:00Z,31.42529,-69.6482,-0.026,-0.1341
2005-11-13T07:00:00Z,31.42104,-69.64977,-0.0261,-0.1347
2005-11-13T08:00:00Z,31.41601,-69.65156,-0.076,-0.1645
2005-11-13T09:00:00Z,31.41078,-69.65363,-0.0782,-0.1655
2005-11-13T10:00:00Z,31.40517,-69.65773,-0.0737,-0.1649
2005-11-13T11:00:00Z,31.40065,-69.65848,0.002,-0.1373
2005-11-13T12:00:00Z,31.39614,-69.65846,0.1002,-0.1164
2005-11-13T13:00:00Z,31.3924,-69.65381,0.0988,-0.1162
2005-11-13T14:00:00Z,31.38847,-69.65012,0.1005,-0.1159
2005-11-13T15:00:00Z,31.38531,-69.64612,0.1133,-0.1017
2005-11-13T16:00:00Z,31.3824,-69.64104,0.122,-0.0627
2005-11-13T17:00:00Z,31.37996,-69.63837,0.1188,-0.0336
2005-11-13T18:00:00Z,31.37946,-69.63168,0.1323,-0.0317
2005-11-13T19:00:00Z,31.37886,-69.62564,0.1578,-0.0161
2005-11-13T20:00:00Z,31.37788,-69.62136,0.1505,-0.0172
2005-11-13T21:00:00Z,31.37842,-69.61485,0.2467,0.0327
2005-11-13T22:00:00Z,31.37919,-69.60553,0.2731,0.026
2005-11-13T23:00:00Z,31.38146,-69.59536,0.2741,0.031
2005-11-14T00:00:00Z,31.38021,-69.58535,0.2549,-0.0129
2005-11-14T01:00:00Z,31.37717,-69.57528,0.2551,-0.0275
2005-11-14T02:00:00Z,31.3781,-69.56664,0.2225,0.0637
2005-11-14T03:00:00Z,31.38279,-69.55888,0.2168,0.0233
2005-11-14T04:00:00Z,31.38228,-69.55463,0.1395,0.0441
2005-11-14T05:00:00Z,31.38311,-69.54939,0.1381,0.0424
2005-11-14T06:00:00Z,31.38438,-69.54603,0.1005,0.0166
2005-11-14T07:00:00Z,31.38445,-69.54565,0.0842,0.0161
2005-11-14T08:00:00Z,31.38376,-69.53945,0.0908,-0.0207
2005-11-14T09:00:00Z,31.38391,-69.5344,0.0031,-0.1516
2005-11-14T10:00:00Z,31.37837,-69.53454,0.0076,-0.1366
2005-11-14T11:00:00Z,31.37414,-69.53436,0.0094,-0.1308
2005-11-14T12:00:00Z,31.37312,-69.53294,0.0497,-0.0143
2005-11-14T13:00:00Z,31.37481,-69.53056,0.0523,-0.0097
2005-11-14T14:00:00Z,31.37601,-69.52857,0.066,0.0172
2005-11-14T15:00:00Z,31.37409,-69.52592,0.0659,0.0163
2005-11-14T16:00:00Z,31.37475,-69.52279,0.1027,0.0967
2005-11-14T17:00:00Z,31.37793,-69.5193,0.1775,0.1151
2005-11-14T18:00:00Z,31.3816,-69.50767,0.1998,0.1146
2005-11-14T19:00:00Z,31.38417,-69.50214,0.0414,0.0705
2005-11-14T20:00:00Z,31.38698,-69.50057,0.037,0.0725
2005-11-14T21:00:00Z,31.38322,-69.50064,0.017,-0.0772
2005-11-14T22:00:00Z,31.38111,-69.49889,0.0421,-0.0916
2005-11-14T23:00:00Z,31.37975,-69.49725,0.0643,0.0571
2005-11-15T00:00:00Z,31.38252,-69.49469,0.065,0.0609
2005-11-15T01:00:00Z,31.38482,-69.49184,0.0668,0.0621
2005-11-15T02:00:00Z,31.38652,-69.49027,0.0583,0.0686
2005-11-15T03:00:00Z,31.38958,-69.48742,0.0889,0.0609
2005-11-15T04:00:00Z,31.39042,-69.48406,0.0914,0.0603
2005-11-15T05:00:00Z,31.39322,-69.48011,0.0747,0.032
2005-11-15T06:00:00Z,31.39103,-69.47808,0.0556,-0.0562
2005-11-15T07:00:00Z,31.38738,-69.47718,0.0637,-0.0285
2005-11-15T08:00:00Z,31.38783,-69.47435,0.0423,-0.0543
2005-11-15T09:00:00Z,31.38558,-69.47355,0.0184,-0.0786
2005-11-15T10:00:00Z,31.38312,-69.47376,-0.0269,-0.086
2005-11-15T11:00:00Z,31.37945,-69.47306,-0.024,-0.0921
2005-11-15T12:00:00Z,31.38539,-69.47675,-0.0796,0.0441
2005-11-15T13:00:00Z,31.38835,-69.47972,-0.1006,0.0411
2005-11-15T14:00:00Z,31.38759,-69.48347,-0.1002,0.0508
2005-11-15T15:00:00Z,31.38793,-69.48738,-0.1002,0.0598
2005-11-15T16:00:00Z,31.39163,-69.48896,-0.0571,0.0578
2005-11-15T17:00:00Z,31.39307,-69.49045,-0.0103,0.0419
2005-11-15T18:00:00Z,31.39497,-69.49065,-0.0105,0.0352
2005-11-15T19:00:00Z,31.39534,-69.49151,-0.0134,-0.0072
2005-11-15T20:00:00Z,31.39477,-69.4916,-0.015,-0.0046
2005-11-15T21:00:00Z,31.39417,-69.5066,0.0206,-0.0397
2005-11-15T22:00:00Z,31.39229,-69.49771,-0.0425,-0.0412
2005-11-15T23:00:00Z,31.39159,-69.50321,0.0016,-0.0277
2005-11-16T00:00:00Z,31.39093,-69.50433,0.0063,-0.0265
2005-11-16T01:00:00Z,31.38993,-69.5042,0.0061,-0.0265
2005-11-16T02:00:00Z,31.38854,-69.5036,0.0029,-0.0272
2005-11-16T03:00:00Z,31.39184,-69.50529,-0.0555,0.1931
2005-11-16T04:00:00Z,31.39768,-69.50883,-0.0582,0.1973
2005-11-16T05:00:00Z,31.40651,-69.50887,-0.0389,0.2187
2005-11-16T06:00:00Z,31.40366,-69.51051,-0.0342,0.0559
2005-11-16T07:00:00Z,31.40463,-69.51074,-0.0368,0.0727
2005-11-16T08:00:00Z,31.40914,-69.51403,-0.0294,0.0523
2005-11-16T09:00:00Z,31.4103,-69.51549,0.0075,0.0653
2005-11-16T10:00:00Z,31.41202,-69.51487,0.0041,0.0682
2005-11-16T11:00:00Z,31.41426,-69.5145,0.0349,0.0614
2005-11-16T12:00:00Z,31.41637,-69.51304,0.035,0.0621
2005-11-16T13:00:00Z,31.4187,-69.51186,0.0318,0.0742
2005-11-16T14:00:00Z,31.42106,-69.51074,0.0317,0.0744
2005-11-16T15:00:00Z,31.42361,-69.50937,0.0418,0.099
2005-11-16T16:00:00Z,31.42673,-69.50796,0.0429,0.1001
2005-11-16T17:00:00Z,31.42966,-69.50552,0.0721,0.0937
2005-11-16T18:00:00Z,31.43366,-69.50292,0.073,0.0992
2005-11-16T19:00:00Z,31.43237,-69.49652,0.1494,-0.0286
2005-11-16T20:00:00Z,31.43065,-69.49224,0.0269,-0.0693
2005-11-16T21:00:00Z,31.43849,-69.49135,-0.031,0.2316
2005-11-16T22:00:00Z,31.44697,-69.49357,0.0392,0.0661
2005-11-16T23:00:00Z,31.4469,-69.49198,0.0402,0.0765
2005-11-17T00:00:00Z,31.4485,-69.49052,0.054,0.1285
2005-11-17T01:00:00Z,31.4532,-69.48823,0.0541,0.1254
2005-11-17T02:00:00Z,31.45663,-69.48599,0.0681,0.1442
2005-11-17T03:00:00Z,31.46267,-69.48369,0.0678,0.1558
2005-11-17T04:00:00Z,31.46828,-69.48168,0.0618,0.1362
2005-11-17T05:00:00Z,31.47115,-69.47887,0.0634,0.1332
2005-11-17T06:00:00Z,31.47404,-69.47575,0.0654,0.1299
2005-11-17T07:00:00Z,31.47704,-69.47268,0.08,0.0842
2005-11-17T08:00:00Z,31.48553,-69.47322,0.0574,0.1291
2005-11-17T09:00:00Z,31.48622,-69.46798,0.1325,0.0096
2005-11-17T10:00:00Z,31.48591,-69.46208,0.1282,0.0133
2005-11-17T11:00:00Z,31.48602,-69.45672,0.125,0.016
2005-11-17T12:00:00Z,31.48666,-69.45209,0.1364,-3.0E-4
2005-11-17T13:00:00Z,31.48691,-69.4474,0.1375,-8.0E-4
2005-11-17T14:00:00Z,31.48711,-69.4424,0.1381,-0.0015
2005-11-17T15:00:00Z,31.48661,-69.43741,0.1238,-0.0162
2005-11-17T16:00:00Z,31.48639,-69.43268,0.0647,-0.0104
2005-11-17T17:00:00Z,31.48562,-69.43199,0.0622,-0.0151
2005-11-17T18:00:00Z,31.48512,-69.44728,0.2163,0.1685
2005-11-17T19:00:00Z,31.4948,-69.42689,0.0584,0.1121
2005-11-17T20:00:00Z,31.49854,-69.42474,0.0634,0.0922
2005-11-17T21:00:00Z,31.50115,-69.42259,0.0638,0.0925
2005-11-17T22:00:00Z,31.50368,-69.41981,0.0692,0.0536
2005-11-17T23:00:00Z,31.50556,-69.41782,0.0682,0.0525
2005-11-18T00:00:00Z,31.50702,-69.41411,0.0965,0.0407
2005-11-18T01:00:00Z,31.50794,-69.40976,0.0963,0.0406
2005-11-18T02:00:00Z,31.50956,-69.40595,0.1015,0.0739
2005-11-18T03:00:00Z,31.51212,-69.40326,0.1009,0.0767
2005-11-18T04:00:00Z,31.51492,-69.39923,0.1,0.0973
2005-11-18T05:00:00Z,31.51834,-69.39489,0.1008,0.0982
2005-11-18T06:00:00Z,31.52215,-69.39038,0.1014,0.0999
2005-11-18T07:00:00Z,31.52412,-69.38791,0.0823,0.0769
2005-11-18T08:00:00Z,31.5257,-69.38526,0.0811,0.0775
2005-11-18T09:00:00Z,31.52785,-69.38179,0.0845,0.044
2005-11-18T10:00:00Z,31.52979,-69.37988,0.0979,0.0356
2005-11-18T11:00:00Z,31.53024,-69.37381,0.105,0.037
2005-11-18T12:00:00Z,31.5314,-69.37026,0.0391,0.0353
2005-11-18T13:00:00Z,31.53291,-69.36942,0.0375,0.0367
2005-11-18T14:00:00Z,31.53398,-69.36848,-0.0019,0.021
2005-11-18T15:00:00Z,31.5338,-69.36922,-0.0047,0.0089
2005-11-18T16:00:00Z,31.53239,-69.3698,-0.0328,-0.0909
2005-11-18T17:00:00Z,31.52855,-69.37085,-0.033,-0.0879
2005-11-18T18:00:00Z,31.52562,-69.37187,-0.0488,-0.1223
2005-11-18T19:00:00Z,31.52181,-69.37455,-0.0489,-0.1221
2005-11-18T20:00:00Z,31.51781,-69.37652,-0.0505,-0.1211
2005-11-18T21:00:00Z,31.51393,-69.3774,-0.0528,-0.1213
2005-11-18T22:00:00Z,31.51032,-69.3806,-0.0875,-0.1043
2005-11-18T23:00:00Z,31.50683,-69.38314,-0.0708,-0.0685
2005-11-19T00:00:00Z,31.50522,-69.38593,-0.0707,-0.0676
2005-11-19T01:00:00Z,31.50328,-69.39137,-0.0889,-0.0672
2005-11-19T02:00:00Z,31.5016,-69.39053,-0.0519,-0.0376
2005-11-19T03:00:00Z,31.49988,-69.3909,-0.0755,-0.0045
2005-11-19T04:00:00Z,31.50015,-69.39461,-0.073,-0.0052
2005-11-19T05:00:00Z,31.50021,-69.39807,-0.07,-0.0057
2005-11-19T06:00:00Z,31.50034,-69.40193,-0.0608,-0.0067
2005-11-19T07:00:00Z,31.50013,-69.40279,-0.0591,0.0064
2005-11-19T08:00:00Z,31.49944,-69.40487,0.0127,-0.0335
2005-11-19T09:00:00Z,31.50055,-69.40476,0.0132,-0.001
2005-11-19T10:00:00Z,31.49745,-69.40424,0.0171,-0.2062
2005-11-19T11:00:00Z,31.49019,-69.40174,0.0302,-0.2015
2005-11-19T12:00:00Z,31.48392,-69.40721,-0.1256,-0.2114
2005-11-19T13:00:00Z,31.47692,-69.41303,-0.1208,-0.2116
2005-11-19T14:00:00Z,31.46991,-69.41691,-0.1283,-0.2045
2005-11-19T15:00:00Z,31.46451,-69.42183,-0.1269,-0.2031
2005-11-19T16:00:00Z,31.45744,-69.42619,-0.1011,-0.2058
2005-11-19T17:00:00Z,31.4501,-69.42988,-0.1237,-0.1306
2005-11-19T18:00:00Z,31.44706,-69.43539,-0.1583,-0.0775
2005-11-19T19:00:00Z,31.44417,-69.44119,-0.1574,-0.0794
2005-11-19T20:00:00Z,31.44306,-69.44685,-0.1494,-0.0451
2005-11-19T21:00:00Z,31.44212,-69.45401,-0.1815,0.0511
2005-11-19T22:00:00Z,31.44379,-69.45827,-0.1611,0.057
2005-11-19T23:00:00Z,31.44621,-69.46596,-0.1972,0.0854
2005-11-20T00:00:00Z,31.45319,-69.47864,-0.2104,0.1182
2005-11-20T01:00:00Z,31.45221,-69.48223,-0.0817,0.0351
2005-11-20T02:00:00Z,31.45164,-69.48577,-0.0762,0.0514
2005-11-20T03:00:00Z,31.45369,-69.48829,-0.0185,0.0852
2005-11-20T04:00:00Z,31.45644,-69.48928,-0.0135,0.0882
2005-11-20T05:00:00Z,31.45935,-69.48909,0.0223,0.0943
2005-11-20T06:00:00Z,31.46303,-69.48869,0.0369,0.0785
2005-11-20T07:00:00Z,31.46384,-69.48634,0.0491,0.0432
2005-11-20T08:00:00Z,31.46351,-69.48458,0.0526,-0.0338
2005-11-20T09:00:00Z,31.46108,-69.4826,0.0519,-0.0451
2005-11-20T10:00:00Z,31.45842,-69.49077,-0.2753,-0.0786
2005-11-20T11:00:00Z,31.45639,-69.49902,-0.0529,-0.1971
2005-11-20T12:00:00Z,31.45055,-69.49258,-0.1049,-0.205
2005-11-20T13:00:00Z,31.44413,-69.49344,-0.1591,-0.2402
2005-11-20T14:00:00Z,31.43608,-69.50357,-0.0907,-0.2385
2005-11-20T15:00:00Z,31.42837,-69.50704,-0.0982,-0.2472
2005-11-20T16:00:00Z,31.42051,-69.5102,-0.0993,-0.2469
2005-11-20T17:00:00Z,31.41325,-69.51404,-0.0984,-0.2152
2005-11-20T18:00:00Z,31.40982,-69.52004,-0.1789,-0.0641
2005-11-20T19:00:00Z,31.40739,-69.52657,-0.1791,-0.0618
2005-11-20T20:00:00Z,31.40814,-69.5341,-0.1949,-0.0084
2005-11-20T21:00:00Z,31.39704,-69.54005,-0.1455,0.1758
2005-11-20T22:00:00Z,31.40178,-69.54934,-0.1234,0.195
2005-11-20T23:00:00Z,31.40873,-69.55203,-0.0429,0.2011
2005-11-21T00:00:00Z,31.4127,-69.55403,-0.0136,-0.0819
2005-11-21T01:00:00Z,31.40831,-69.55468,-0.0128,-0.0698
2005-11-21T02:00:00Z,31.40378,-69.5555,-0.0102,-0.0032
2005-11-21T03:00:00Z,31.40432,-69.55478,0.021,-0.0395
2005-11-21T04:00:00Z,31.40326,-69.55303,0.1012,-0.0531
2005-11-21T05:00:00Z,31.40096,-69.54803,0.1014,-0.0581
2005-11-21T06:00:00Z,31.39886,-69.54405,0.1108,-0.1163
2005-11-21T07:00:00Z,31.39418,-69.54044,0.107,-0.1222
2005-11-21T08:00:00Z,31.38853,-69.53885,0.017,-0.2014
2005-11-21T09:00:00Z,31.38182,-69.53822,0.0127,-0.2031
2005-11-21T10:00:00Z,31.37504,-69.54043,-0.0401,-0.2083
2005-11-21T11:00:00Z,31.36875,-69.54207,-0.0651,-0.1789
2005-11-21T12:00:00Z,31.36338,-69.54345,-0.0699,-0.1805
2005-11-21T13:00:00Z,31.35712,-69.54787,-0.0962,-0.1803
2005-11-21T14:00:00Z,31.35119,-69.55133,-0.0977,-0.1805
2005-11-21T15:00:00Z,31.34581,-69.55644,-0.1545,-0.1716
2005-11-21T16:00:00Z,31.33995,-69.56261,-0.156,-0.1708
2005-11-21T17:00:00Z,31.33697,-69.56892,-0.1579,-0.0837
2005-11-21T18:00:00Z,31.33946,-69.57148,-0.0738,0.0904
2005-11-21T19:00:00Z,31.34263,-69.57299,-0.0113,0.1569
2005-11-21T20:00:00Z,31.34935,-69.57398,-0.0138,0.1658
2005-11-21T21:00:00Z,31.35438,-69.5736,0.0542,0.1075
2005-11-21T22:00:00Z,31.35745,-69.57096,0.1331,0.079
2005-11-21T23:00:00Z,31.36051,-69.56714,0.135,0.0772
2005-11-22T00:00:00Z,31.36207,-69.56087,0.1686,0.0575
2005-11-22T01:00:00Z,31.36428,-69.5542,0.168,0.0589
2005-11-22T02:00:00Z,31.3654,-69.54782,0.1997,-0.0879
2005-11-22T03:00:00Z,31.36064,-69.5404,0.2007,-0.0588
2005-11-22T04:00:00Z,31.35932,-69.53202,0.232,-0.0487
2005-11-22T05:00:00Z,31.35785,-69.52316,0.2326,-0.045
2005-11-22T06:00:00Z,31.35781,-69.51364,0.2654,0.0516
2005-11-22T07:00:00Z,31.36079,-69.50345,0.2675,0.04
2005-11-22T08:00:00Z,31.36222,-69.49357,0.2723,0.0731
2005-11-22T09:00:00Z,31.36437,-69.48083,0.2879,0.0728
2005-11-22T10:00:00Z,31.36604,-69.47734,0.1513,0.0278
2005-11-22T11:00:00Z,31.36615,-69.46984,0.1538,0.0242
2005-11-22T12:00:00Z,31.36741,-69.46426,0.1401,0.0707
2005-11-22T13:00:00Z,31.37026,-69.4597,0.1397,0.0717
2005-11-22T14:00:00Z,31.37236,-69.45465,0.1394,0.0731
2005-11-22T15:00:00Z,31.37513,-69.4491,0.1307,0.0868
2005-11-22T16:00:00Z,31.37776,-69.44289,0.3027,0.0214
2005-11-22T17:00:00Z,31.37785,-69.43458,0.2531,0.0217
2005-11-22T18:00:00Z,31.37837,-69.41671,0.384,0.0034
2005-11-22T19:00:00Z,31.37784,-69.40236,0.4149,-0.0326
2005-11-22T20:00:00Z,31.37685,-69.38693,0.4115,-0.0344
2005-11-22T21:00:00Z,31.37113,-69.37309,0.3726,-0.136
2005-11-22T22:00:00Z,31.36712,-69.35879,0.3577,-0.1992
2005-11-22T23:00:00Z,31.36131,-69.3452,0.3262,-0.2805
2005-11-23T00:00:00Z,31.35176,-69.33351,0.3137,-0.2863
2005-11-23T01:00:00Z,31.34307,-69.32054,0.3234,-0.2852
2005-11-23T02:00:00Z,31.33297,-69.32051,0.1909,-0.301
2005-11-23T03:00:00Z,31.32106,-69.31343,0.0925,-0.2731
2005-11-23T04:00:00Z,31.31518,-69.30902,0.0913,-0.1965
2005-11-23T05:00:00Z,31.30865,-69.30427,0.0948,-0.1945
2005-11-23T06:00:00Z,31.30451,-69.30115,0.0939,-0.1019
2005-11-23T07:00:00Z,31.30151,-69.29912,0.0947,-0.0978
2005-11-23T08:00:00Z,31.29951,-69.29479,0.0886,-0.042
2005-11-23T09:00:00Z,31.2985,-69.29106,0.1141,0.0144
2005-11-23T10:00:00Z,31.30034,-69.28759,0.0962,0.1144
2005-11-23T11:00:00Z,31.3043,-69.28277,0.1044,0.1169
2005-11-23T12:00:00Z,31.30769,-69.2798,0.1018,0.1146
2005-11-23T13:00:00Z,31.31183,-69.27718,0.3884,-0.035
2005-11-23T14:00:00Z,31.30972,-69.26201,0.3878,-0.0311
2005-11-23T15:00:00Z,31.30859,-69.24761,0.3897,-0.0312
2005-11-23T16:00:00Z,31.308,-69.23368,0.3949,-0.035
2005-11-23T17:00:00Z,31.30771,-69.21993,0.4157,-0.1225
2005-11-23T18:00:00Z,31.30321,-69.20115,0.4281,-0.1314
2005-11-23T19:00:00Z,31.29751,-69.18576,0.3755,-0.188
2005-11-23T20:00:00Z,31.28861,-69.17334,0.389,-0.2074
2005-11-23T21:00:00Z,31.28492,-69.15995,0.1759,-0.221
2005-11-23T22:00:00Z,31.27591,-69.15362,0.1748,-0.2071
2005-11-23T23:00:00Z,31.2695,-69.14756,0.142,-0.2107
2005-11-24T00:00:00Z,31.26387,-69.14221,0.1413,-0.2005
2005-11-24T01:00:00Z,31.25834,-69.13701,-0.0884,0.2667
2005-11-24T02:00:00Z,31.26752,-69.14811,-0.0248,0.2646
2005-11-24T03:00:00Z,31.28419,-69.15129,-0.02,0.1081
2005-11-24T04:00:00Z,31.2847,-69.1532,-0.0205,0.2655
2005-11-24T05:00:00Z,31.29541,-69.15286,-0.0944,0.3809
2005-11-24T06:00:00Z,31.30867,-69.15649,-0.0689,0.431
2005-11-24T07:00:00Z,31.32313,-69.16029,-0.003,0.4034
2005-11-24T08:00:00Z,31.33536,-69.15852,0.0283,0.3984
2005-11-24T09:00:00Z,31.34758,-69.15043,0.1473,0.3713
2005-11-24T10:00:00Z,31.35788,-69.13978,0.3069,0.3125
2005-11-24T11:00:00Z,31.36905,-69.12961,0.3109,0.3181
2005-11-24T12:00:00Z,31.38312,-69.13521,0.1755,0.349
2005-11-24T13:00:00Z,31.39308,-69.12222,0.4991,0.1914
2005-11-24T14:00:00Z,31.39897,-69.10108,0.4793,0.194
2005-11-24T15:00:00Z,31.40542,-69.08115,0.4441,0.1574
2005-11-24T16:00:00Z,31.41044,-69.0658,0.4493,0.1553
2005-11-24T17:00:00Z,31.41176,-69.04972,0.419,-0.1511
2005-11-24T18:00:00Z,31.40602,-69.0329,0.4191,-0.1431
2005-11-24T19:00:00Z,31.40233,-69.01815,0.3924,-0.1379
2005-11-24T20:00:00Z,31.3975,-69.00329,0.3875,-0.1352
2005-11-24T21:00:00Z,31.40103,-69.00398,0.0889,-0.1139
2005-11-24T22:00:00Z,31.3964,-68.99927,0.084,-0.115
2005-11-24T23:00:00Z,31.39323,-68.99602,0.0841,-0.1176
2005-11-25T00:00:00Z,31.39119,-68.99331,0.0873,-0.1142
2005-11-25T01:00:00Z,31.38877,-68.99106,0.107,-0.1192
2005-11-25T02:00:00Z,31.37917,-68.98591,0.1099,-0.1481
2005-11-25T03:00:00Z,31.37948,-68.9885,-0.0895,0.1254
2005-11-25T04:00:00Z,31.38218,-68.99291,-0.0857,0.203
2005-11-25T05:00:00Z,31.39012,-68.99489,-0.0904,0.1892
2005-11-25T06:00:00Z,31.39717,-68.99723,-0.0426,0.2442
2005-11-25T07:00:00Z,31.40462,-69.00002,0.0843,0.2852
2005-11-25T08:00:00Z,31.41486,-68.99589,0.1014,0.2837
2005-11-25T09:00:00Z,31.42406,-68.98847,0.2706,0.3072
2005-11-25T10:00:00Z,31.43393,-68.97822,0.2772,0.3068
2005-11-25T11:00:00Z,31.44341,-68.96591,0.3548,0.2828
2005-11-25T12:00:00Z,31.45295,-68.95216,0.3613,0.2843
2005-11-25T13:00:00Z,31.45309,-68.93244,0.472,-0.0168
2005-11-25T14:00:00Z,31.45273,-68.91268,0.472,-0.0197
2005-11-25T15:00:00Z,31.45133,-68.89487,0.3977,-0.0831
2005-11-25T16:00:00Z,31.44842,-68.88024,0.4001,-0.092
2005-11-25T17:00:00Z,31.44137,-68.86655,0.3471,-0.2406
2005-11-25T18:00:00Z,31.43386,-68.85225,0.353,-0.251
2005-11-25T19:00:00Z,31.42367,-68.84437,0.1729,-0.2863
2005-11-25T20:00:00Z,31.41119,-68.83912,-0.0626,-0.1515
2005-11-25T21:00:00Z,31.40628,-68.84182,-0.0608,-0.1419
2005-11-25T22:00:00Z,31.40203,-68.84417,-0.0971,-0.0465
2005-11-25T23:00:00Z,31.4016,-68.84782,-0.0979,-0.0541
2005-11-26T00:00:00Z,31.40045,-68.85139,-0.1,-0.0193
2005-11-26T01:00:00Z,31.39876,-68.85547,-0.1005,-0.0285
2005-11-26T02:00:00Z,31.39729,-68.85945,-0.0698,0.1171
2005-11-26T03:00:00Z,31.40269,-68.86106,-0.0642,0.1046
2005-11-26T04:00:00Z,31.40784,-68.86334,-0.0474,0.1695
2005-11-26T05:00:00Z,31.40915,-68.86365,-0.0453,0.3745
2005-11-26T06:00:00Z,31.42179,-68.86716,-0.0521,0.3731
2005-11-26T07:00:00Z,31.43365,-68.86906,-0.0062,0.3839
2005-11-26T08:00:00Z,31.44672,-68.86811,-0.0105,0.3862
2005-11-26T09:00:00Z,31.45758,-68.86733,0.0385,0.3434
2005-11-26T10:00:00Z,31.46802,-68.86598,0.4047,0.3192
2005-11-26T11:00:00Z,31.47935,-68.83447,0.325,0.3256
2005-11-26T12:00:00Z,31.48604,-68.8211,0.2965,-0.1063
2005-11-26T13:00:00Z,31.4823,-68.81013,0.297,-0.1048
2005-11-26T14:00:00Z,31.47876,-68.7989,0.2969,-0.1039
2005-11-26T15:00:00Z,31.47533,-68.78746,0.296,-0.1034
2005-11-26T16:00:00Z,31.47167,-68.77614,0.0995,-0.1303
2005-11-26T17:00:00Z,31.46181,-68.77619,-0.0234,-0.3397
2005-11-26T18:00:00Z,31.45081,-68.76965,-0.1721,-0.3568
2005-11-26T19:00:00Z,31.44052,-68.77741,-0.172,-0.3182
2005-11-26T20:00:00Z,31.43069,-68.78433,-0.2044,-0.2236
2005-11-26T21:00:00Z,31.42355,-68.79126,-0.1997,-0.2172
2005-11-26T22:00:00Z,31.41928,-68.80455,-0.3983,-0.1139
2005-11-26T23:00:00Z,31.4164,-68.82026,-0.3924,0.0276
2005-11-27T00:00:00Z,31.41883,-68.83413,-0.3849,0.0326
2005-11-27T01:00:00Z,31.41995,-68.84901,-0.3849,0.0373
2005-11-27T02:00:00Z,31.42336,-68.86171,-0.2905,0.1146
2005-11-27T03:00:00Z,31.42978,-68.87204,-0.2821,0.1192
2005-11-27T04:00:00Z,31.43882,-68.87589,-0.1292,0.2618
2005-11-27T05:00:00Z,31.43615,-68.88036,-0.0786,0.4364
2005-11-27T06:00:00Z,31.4592,-68.88376,-0.0788,0.3077
2005-11-27T07:00:00Z,31.46784,-68.8821,0.1422,0.1955
2005-11-27T08:00:00Z,31.47492,-68.87757,0.1472,0.1892
2005-11-27T09:00:00Z,31.47848,-68.87083,0.1542,0.1162
2005-11-27T10:00:00Z,31.48238,-68.86414,0.1751,0.0399
2005-11-27T11:00:00Z,31.48369,-68.85987,0.167,0.0369
2005-11-27T12:00:00Z,31.47859,-68.85077,0.2595,-0.2167
2005-11-27T13:00:00Z,31.47123,-68.84007,0.2582,-0.2168
2005-11-27T14:00:00Z,31.46467,-68.83011,0.268,-0.2172
2005-11-27T15:00:00Z,31.45776,-68.82164,0.2537,-0.2151
2005-11-27T16:00:00Z,31.45307,-68.82654,0.0462,-0.1732
2005-11-27T17:00:00Z,31.43655,-68.81131,0.108,-0.3997
2005-11-27T18:00:00Z,31.42479,-68.8292,-0.3596,-0.3115
2005-11-27T19:00:00Z,31.41463,-68.84193,-0.3721,-0.3106
2005-11-27T20:00:00Z,31.40503,-68.85667,-0.3828,-0.2781
2005-11-27T21:00:00Z,31.39613,-68.8703,-0.395,0.1026
2005-11-27T22:00:00Z,31.39983,-68.88695,-0.406,0.1033
2005-11-27T23:00:00Z,31.40404,-68.90167,-0.3552,0.1569
2005-11-28T00:00:00Z,31.40943,-68.91338,-0.3392,0.1616
2005-11-28T01:00:00Z,31.41339,-68.92611,-0.3359,0.1525
2005-11-28T02:00:00Z,31.42861,-68.91963,-0.1601,0.265
2005-11-28T03:00:00Z,31.43854,-68.92389,-0.1009,0.2801
2005-11-28T04:00:00Z,31.44417,-68.93251,-0.079,0.2934
2005-11-28T05:00:00Z,31.45409,-68.9398,0.1036,0.2533
2005-11-28T06:00:00Z,31.46467,-68.93623,0.1164,0.2565
2005-11-28T07:00:00Z,31.46995,-68.92856,0.2165,0.1159
2005-11-28T08:00:00Z,31.47415,-68.92103,0.2144,0.1159
2005-11-28T09:00:00Z,31.46066,-68.90254,0.3377,-0.0881
2005-11-28T10:00:00Z,31.45789,-68.88749,0.3836,-0.2613
2005-11-28T11:00:00Z,31.44766,-68.87243,0.3352,-0.4223
2005-11-28T12:00:00Z,31.43976,-68.86078,0.3206,-0.3206
2005-11-28T13:00:00Z,31.42068,-68.87569,-0.0538,-0.4485
2005-11-28T14:00:00Z,31.40578,-68.87781,-0.0653,-0.4403
2005-11-28T15:00:00Z,31.39197,-68.87956,-0.0785,-0.4477
2005-11-28T16:00:00Z,31.37823,-68.88339,-0.0877,-0.3983
2005-11-28T17:00:00Z,31.36589,-68.8885,-0.1994,-0.133
2005-11-28T18:00:00Z,31.35998,-68.89988,-0.3144,-0.1583
2005-11-28T19:00:00Z,31.35909,-68.90576,-0.2474,-0.1029
2005-11-28T20:00:00Z,31.35196,-68.92199,-0.6092,-0.2436
2005-11-28T21:00:00Z,31.34679,-68.94266,-0.2754,0.096
2005-11-28T22:00:00Z,31.34842,-68.95202,-0.28,0.1007
2005-11-28T23:00:00Z,31.35308,-68.96118,-0.204,0.1304
2005-11-29T00:00:00Z,31.3573,-68.97056,-0.2158,0.1321
2005-11-29T01:00:00Z,31.36126,-68.97936,-0.0541,0.1519
2005-11-29T02:00:00Z,31.36781,-68.98097,-0.0424,0.1581
2005-11-29T03:00:00Z,31.37206,-68.97919,0.1269,0.1309
2005-11-29T04:00:00Z,31.37524,-68.97643,0.1507,0.139
2005-11-29T05:00:00Z,31.37975,-68.96963,0.1703,0.0965
2005-11-29T06:00:00Z,31.38419,-68.96293,0.1677,0.0939
2005-11-29T07:00:00Z,31.38258,-68.95595,0.2003,-0.092
2005-11-29T08:00:00Z,31.37803,-68.94827,0.2198,-0.1914
2005-11-29T09:00:00Z,31.37071,-68.93846,0.2253,-0.1924
2005-11-29T10:00:00Z,31.36309,-68.93121,0.1966,-0.2717
2005-11-29T11:00:00Z,31.35313,-68.9272,0.002,-0.3521
2005-11-29T12:00:00Z,31.34094,-68.92556,-0.0016,-0.3491
2005-11-29T13:00:00Z,31.33057,-68.92692,-0.0451,-0.333
2005-11-29T14:00:00Z,31.3196,-68.92856,-0.0481,-0.3313
2005-11-29T15:00:00Z,31.30903,-68.9308,-0.1648,-0.2524
2005-11-29T16:00:00Z,31.30145,-68.93705,-0.1695,-0.2534
2005-11-29T17:00:00Z,31.29461,-68.94691,-0.26,-0.1965
2005-11-29T18:00:00Z,31.29064,-68.96294,-0.4427,-0.074
2005-11-29T19:00:00Z,31.28813,-68.98138,-0.4527,-0.0678
2005-11-29T20:00:00Z,31.29253,-68.98637,-0.1578,0.0835
2005-11-29T21:00:00Z,31.29592,-68.99061,-0.108,0.1464
2005-11-29T22:00:00Z,31.29968,-68.99583,0.1127,0.108
2005-11-29T23:00:00Z,31.30559,-68.99055,0.1059,0.1402
2005-11-30T00:00:00Z,31.30818,-68.9868,0.1068,-0.0095
2005-11-30T01:00:00Z,31.30753,-68.98306,0.1066,-0.0144
2005-11-30T02:00:00Z,31.30783,-68.97906,0.1064,-0.0188
2005-11-30T03:00:00Z,31.30073,-68.97513,0.1005,-0.2193
2005-11-30T04:00:00Z,31.2931,-68.97105,0.1206,-0.2678
2005-11-30T05:00:00Z,31.28442,-68.96646,0.1211,-0.2691
2005-11-30T06:00:00Z,31.2767,-68.96246,0.1359,-0.3011
2005-11-30T07:00:00Z,31.26457,-68.95737,0.1177,-0.3287
2005-11-30T08:00:00Z,31.25386,-68.95413,0.0227,-0.3465
2005-11-30T09:00:00Z,31.24278,-68.95335,0.0117,-0.3458
2005-11-30T10:00:00Z,31.23288,-68.95749,-0.1198,-0.289
2005-11-30T11:00:00Z,31.22501,-68.96252,-0.142,-0.2457
2005-11-30T12:00:00Z,31.21731,-68.96844,-0.136,-0.2488
2005-11-30T13:00:00Z,31.20886,-68.97316,-0.1356,-0.2489
2005-11-30T14:00:00Z,31.20062,-68.97783,-0.1357,-0.2489
2005-11-30T15:00:00Z,31.1922,-68.98371,-0.1499,-0.2666
2005-11-30T16:00:00Z,31.18406,-68.98987,-0.1515,-0.2659
2005-11-30T17:00:00Z,31.17477,-68.99889,-0.2334,-0.2606
2005-11-30T18:00:00Z,31.16706,-69.01026,-0.306,-0.2537
2005-11-30T19:00:00Z,31.15977,-69.0214,-0.3459,-0.2534
2005-11-30T20:00:00Z,31.15064,-69.0345,-0.3459,-0.2482
2005-11-30T21:00:00Z,31.14317,-69.04779,-0.3585,-0.1737
2005-11-30T22:00:00Z,31.13862,-69.06062,-0.3292,-0.1149
2005-11-30T23:00:00Z,31.13532,-69.07521,-0.3512,-0.1146
2005-12-01T00:00:00Z,31.13223,-69.08248,-0.233,-0.0945
2005-12-01T01:00:00Z,31.12848,-69.09116,-0.2321,-0.0966
2005-12-01T02:00:00Z,31.12539,-69.09982,-0.1858,-0.0474
2005-12-01T03:00:00Z,31.12471,-69.10673,-0.1852,-0.054
2005-12-01T04:00:00Z,31.12283,-69.11315,-0.1625,-0.0435
2005-12-01T05:00:00Z,31.12131,-69.11931,-0.1623,-0.0437
2005-12-01T06:00:00Z,31.11972,-69.12547,-0.1529,-0.0673
2005-12-01T07:00:00Z,31.11756,-69.13105,-0.1524,-0.0686
2005-12-01T08:00:00Z,31.11514,-69.13706,-0.1555,-0.0813
2005-12-01T09:00:00Z,31.11154,-69.14257,-0.1643,-0.0808
2005-12-01T10:00:00Z,31.10945,-69.14828,-0.1154,-0.147
2005-12-01T11:00:00Z,31.10366,-69.15114,-0.1095,-0.1422
2005-12-01T12:00:00Z,31.09942,-69.15774,-0.2105,-0.1439
2005-12-01T13:00:00Z,31.09516,-69.16618,-0.2116,-0.1429
2005-12-01T14:00:00Z,31.09107,-69.17428,-0.2458,-0.1117
2005-12-01T15:00:00Z,31.08725,-69.18413,-0.2483,-0.1113
2005-12-01T16:00:00Z,31.08441,-69.19359,-0.2873,0.0306
2005-12-01T17:00:00Z,31.08469,-69.20511,-0.2833,0.0418
2005-12-01T18:00:00Z,31.08822,-69.21478,-0.2533,0.1231
2005-12-01T19:00:00Z,31.09223,-69.22207,-0.1134,0.1537
2005-12-01T20:00:00Z,31.09762,-69.22472,-0.1126,0.156
2005-12-01T21:00:00Z,31.10172,-69.22815,-9.0E-4,0.1813
2005-12-01T22:00:00Z,31.10897,-69.22611,0.0295,0.1925
2005-12-01T23:00:00Z,31.11478,-69.22526,0.0728,0.1754
2005-12-02T00:00:00Z,31.12036,-69.22295,0.0707,0.1728
2005-12-02T01:00:00Z,31.12684,-69.22094,0.0689,0.1755
2005-12-02T02:00:00Z,31.12834,-69.20228,0.2171,-0.0112
2005-12-02T03:00:00Z,31.12707,-69.1912,0.139,-0.1178
2005-12-02T04:00:00Z,31.12074,-69.18701,0.1447,-0.1221
2005-12-02T05:00:00Z,31.11609,-69.18135,0.1411,-0.1564
2005-12-02T06:00:00Z,31.11267,-69.17578,0.1781,-0.2656
2005-12-02T07:00:00Z,31.10411,-69.16937,0.1798,-0.2699
2005-12-02T08:00:00Z,31.09529,-69.16378,0.1524,-0.2795
2005-12-02T09:00:00Z,31.08599,-69.16019,0.018,-0.2826
2005-12-02T10:00:00Z,31.07654,-69.16067,-0.0103,-0.3209
2005-12-02T11:00:00Z,31.06635,-69.15941,-0.0208,-0.3223
2005-12-02T12:00:00Z,31.05644,-69.16286,-0.0504,-0.318
2005-12-02T13:00:00Z,31.04521,-69.16533,-0.0572,-0.3257
2005-12-02T14:00:00Z,31.03677,-69.16722,-0.0741,-0.0906
2005-12-02T15:00:00Z,31.03413,-69.17671,-0.122,-0.0897
2005-12-02T16:00:00Z,31.03062,-69.17501,-0.0477,-0.1021
2005-12-02T17:00:00Z,31.02839,-69.16933,-0.1113,-0.2739
2005-12-02T18:00:00Z,31.01493,-69.17927,-0.0309,-0.2246
2005-12-02T19:00:00Z,31.00792,-69.18069,-0.0722,-0.1767
2005-12-02T20:00:00Z,31.00258,-69.18221,-0.0927,-0.1838
2005-12-02T21:00:00Z,30.99789,-69.18677,-0.1115,-0.1372
2005-12-02T22:00:00Z,30.99406,-69.1911,-0.1101,-0.1326
2005-12-02T23:00:00Z,30.98943,-69.19249,-0.0405,-0.1399
2005-12-03T00:00:00Z,30.97447,-69.19132,0.0594,0.061
2005-12-03T01:00:00Z,30.98217,-69.18332,0.2914,-0.0783
2005-12-03T02:00:00Z,30.97895,-69.17092,0.3046,-0.0994
2005-12-03T03:00:00Z,30.9727,-69.16727,-0.1032,-0.2289
2005-12-03T04:00:00Z,30.96232,-69.17741,0.0401,-0.2255
2005-12-03T05:00:00Z,30.95505,-69.1744,0.0696,-0.2926
2005-12-03T06:00:00Z,30.94653,-69.17176,0.0947,-0.435
2005-12-03T07:00:00Z,30.93268,-69.16793,0.0706,-0.433
2005-12-03T08:00:00Z,30.91835,-69.16524,0.0688,-0.4327
2005-12-03T09:00:00Z,30.90535,-69.16646,-0.146,-0.3683
2005-12-03T10:00:00Z,30.8946,-69.17395,-0.1299,-0.3692
2005-12-03T11:00:00Z,30.88361,-69.17847,-0.1333,-0.3242
2005-12-03T12:00:00Z,30.87067,-69.18314,-0.1335,-0.3427
2005-12-03T13:00:00Z,30.86363,-69.18754,-0.0898,-0.1773
2005-12-03T14:00:00Z,30.85842,-69.19141,-0.0914,-0.1805
2005-12-03T15:00:00Z,30.85248,-69.19488,0.0065,-0.1752
2005-12-03T16:00:00Z,30.84633,-69.19268,-0.0162,-0.1772
2005-12-03T17:00:00Z,30.8392,-69.19318,-0.0578,-0.2798
2005-12-03T18:00:00Z,30.82939,-69.1962,-0.0564,-0.2789
2005-12-03T19:00:00Z,30.82024,-69.19794,-0.0406,-0.2797
2005-12-03T20:00:00Z,30.81343,-69.19783,-0.0721,-0.285
2005-12-03T21:00:00Z,30.80202,-69.20178,-0.0763,-0.2915
2005-12-03T22:00:00Z,30.79156,-69.20501,-0.1271,-0.2554
2005-12-03T23:00:00Z,30.78475,-69.21054,-0.1269,-0.2628
2005-12-04T00:00:00Z,30.77662,-69.21512,-0.1081,-0.2251
2005-12-04T01:00:00Z,30.76846,-69.21914,-0.1069,-0.2273
2005-12-04T02:00:00Z,30.7601,-69.22381,-0.102,-0.2272
2005-12-04T03:00:00Z,30.75527,-69.22479,-0.0235,-0.1637
2005-12-04T04:00:00Z,30.75053,-69.22486,0.0047,-0.1647
2005-12-04T05:00:00Z,30.74421,-69.2249,0.0043,-0.1678
2005-12-04T06:00:00Z,30.73774,-69.22358,0.0425,-0.2219
2005-12-04T07:00:00Z,30.73159,-69.22326,0.0064,-0.3095
2005-12-04T08:00:00Z,30.72084,-69.22004,0.0382,-0.304
2005-12-04T09:00:00Z,30.71146,-69.22085,-0.1057,-0.2956
2005-12-04T10:00:00Z,30.7015,-69.22515,-0.103,-0.2937
2005-12-04T11:00:00Z,30.69343,-69.22923,-0.1182,-0.2528
2005-12-04T12:00:00Z,30.68593,-69.23372,-0.0934,-0.2493
2005-12-04T13:00:00Z,30.67727,-69.23696,-0.0906,-0.2487
2005-12-04T14:00:00Z,30.66889,-69.24101,-0.0926,-0.2481
2005-12-04T15:00:00Z,30.66125,-69.24218,0.045,-0.2387
2005-12-04T16:00:00Z,30.65379,-69.24007,0.0419,-0.2379
2005-12-04T17:00:00Z,30.6481,-69.24141,-0.1012,-0.1525
2005-12-04T18:00:00Z,30.64318,-69.24642,-0.1022,-0.1524
2005-12-04T19:00:00Z,30.63817,-69.2492,-0.0815,-0.1548
2005-12-04T20:00:00Z,30.63307,-69.25196,-0.0876,-0.1656
2005-12-04T21:00:00Z,30.62775,-69.25563,-0.0877,-0.1661
2005-12-04T22:00:00Z,30.62273,-69.25856,-0.0822,-0.1507
2005-12-04T23:00:00Z,30.61685,-69.26255,-0.0823,-0.1576
2005-12-05T00:00:00Z,30.61578,-69.26424,-0.053,-0.067
2005-12-05T01:00:00Z,30.61486,-69.26584,-0.0536,-0.074
2005-12-05T02:00:00Z,30.61283,-69.26754,-0.0355,-0.0655
2005-12-05T03:00:00Z,30.60918,-69.26954,-0.0385,-0.0667
2005-12-05T04:00:00Z,30.60712,-69.26896,0.0173,-0.075
2005-12-05T05:00:00Z,30.60547,-69.26711,0.0197,-0.0722
2005-12-05T06:00:00Z,30.60366,-69.26623,0.0463,-0.04
2005-12-05T07:00:00Z,30.60182,-69.26438,0.069,-0.0501
2005-12-05T08:00:00Z,30.6017,-69.26204,0.0724,-0.0496
2005-12-05T09:00:00Z,30.59707,-69.25824,0.1022,-0.1788
2005-12-05T10:00:00Z,30.59105,-69.25443,0.1041,-0.2406
2005-12-05T11:00:00Z,30.5824,-69.25039,0.1044,-0.244
2005-12-05T12:00:00Z,30.57401,-69.25174,-0.1412,-0.2776
2005-12-05T13:00:00Z,30.56511,-69.25762,-0.1384,-0.2777
2005-12-05T14:00:00Z,30.55636,-69.26287,-0.1387,-0.278
2005-12-05T15:00:00Z,30.54766,-69.26873,-0.1633,-0.2682
2005-12-05T16:00:00Z,30.53906,-69.27539,-0.2391,-0.2223
2005-12-05T17:00:00Z,30.53605,-69.28326,-0.1986,-0.0977
2005-12-05T18:00:00Z,30.5344,-69.28869,-0.0627,0.0714
2005-12-05T19:00:00Z,30.53609,-69.29166,-0.0583,0.0774
2005-12-05T20:00:00Z,30.53831,-69.29377,-0.0436,0.042
2005-12-05T21:00:00Z,30.54048,-69.29497,-0.0447,0.0413
2005-12-05T22:00:00Z,30.54068,-69.29684,-0.0416,0.0259
2005-12-05T23:00:00Z,30.54021,-69.29801,-0.0297,-0.0258
2005-12-06T00:00:00Z,30.5404,-69.2991,-0.0288,-0.0131
2005-12-06T01:00:00Z,30.54271,-69.30106,-0.0344,0.0109
2005-12-06T02:00:00Z,30.53988,-69.29705,0.1421,-0.1592
2005-12-06T03:00:00Z,30.5338,-69.2894,0.0628,-0.1335
2005-12-06T04:00:00Z,30.53014,-69.28841,0.0503,-0.1357
2005-12-06T05:00:00Z,30.52517,-69.28667,0.0257,-0.1293
2005-12-06T06:00:00Z,30.52207,-69.2865,0.0238,-0.1245
2005-12-06T07:00:00Z,30.51827,-69.28622,0.0154,-0.15
2005-12-06T08:00:00Z,30.51229,-69.28455,0.0093,-0.1419
2005-12-06T09:00:00Z,30.50806,-69.28557,-0.039,-0.1615
2005-12-06T10:00:00Z,30.50285,-69.28741,-0.062,-0.1647
2005-12-06T11:00:00Z,30.4966,-69.28915,-0.0623,-0.1628
2005-12-06T12:00:00Z,30.49243,-69.29222,-0.0728,-0.1456
2005-12-06T13:00:00Z,30.48769,-69.29509,-0.0734,-0.1443
2005-12-06T14:00:00Z,30.48383,-69.29748,-0.0729,-0.0768
2005-12-06T15:00:00Z,30.48249,-69.30009,-0.0719,-0.0746
2005-12-06T16:00:00Z,30.48065,-69.30313,-0.0732,-0.0741
2005-12-06T17:00:00Z,30.47848,-69.30186,-0.019,-0.0531
2005-12-06T18:00:00Z,30.47652,-69.29972,0.1009,-0.0445
2005-12-06T19:00:00Z,30.47552,-69.29619,0.1007,-0.0431
2005-12-06T20:00:00Z,30.47392,-69.29162,0.1201,-0.044
2005-12-06T21:00:00Z,30.47056,-69.28609,0.1874,-0.2263
2005-12-06T22:00:00Z,30.46205,-69.27874,0.1644,-0.2256
2005-12-06T23:00:00Z,30.45471,-69.27283,0.1469,-0.2289
2005-12-07T00:00:00Z,30.44885,-69.26751,0.1454,-0.219
2005-12-07T01:00:00Z,30.44309,-69.26201,0.1453,-0.217
2005-12-07T02:00:00Z,30.43488,-69.26906,-0.1726,-0.2189
2005-12-07T03:00:00Z,30.42715,-69.28729,-0.077,-0.2207
2005-12-07T04:00:00Z,30.41951,-69.29106,-0.0793,-0.2221
2005-12-07T05:00:00Z,30.41175,-69.29419,-0.0798,-0.2237
2005-12-07T06:00:00Z,30.40258,-69.29564,-0.0771,-0.2295
2005-12-07T07:00:00Z,30.39971,-69.30542,-0.266,-0.1197
2005-12-07T08:00:00Z,30.3957,-69.31578,-0.263,-0.1214
2005-12-07T09:00:00Z,30.39128,-69.32554,-0.2583,-0.1492
2005-12-07T10:00:00Z,30.38664,-69.33453,-0.2488,-0.1387
2005-12-07T11:00:00Z,30.38237,-69.35648,-0.155,-0.0809
2005-12-07T12:00:00Z,30.37873,-69.35239,-0.2495,-0.0769
2005-12-07T13:00:00Z,30.3768,-69.36152,-0.2194,-0.0382
2005-12-07T14:00:00Z,30.37626,-69.37138,-0.2249,-0.038
2005-12-07T15:00:00Z,30.37589,-69.38134,-0.2494,-0.0268
2005-12-07T16:00:00Z,30.37307,-69.38304,-0.1871,-0.0401
2005-12-07T17:00:00Z,30.37321,-69.38907,-0.0291,0.014
2005-12-07T18:00:00Z,30.3739,-69.38984,0.0507,-0.049
2005-12-07T19:00:00Z,30.37219,-69.38857,0.0508,-0.0498
2005-12-07T20:00:00Z,30.37039,-69.38739,0.0468,-0.0709
2005-12-07T21:00:00Z,30.36809,-69.38445,0.0507,-0.0714
2005-12-07T22:00:00Z,30.36608,-69.38144,-0.0292,-0.1563
2005-12-07T23:00:00Z,30.3609,-69.38378,-0.0253,-0.1644
2005-12-08T00:00:00Z,30.35585,-69.38499,-0.0335,-0.1923
2005-12-08T01:00:00Z,30.34866,-69.38579,-0.0343,-0.1922
2005-12-08T02:00:00Z,30.34149,-69.38681,-0.035,-0.1915
2005-12-08T03:00:00Z,30.33595,-69.38901,-0.0763,-0.1925
2005-12-08T04:00:00Z,30.33137,-69.39057,-0.0764,-0.2301
2005-12-08T05:00:00Z,30.3232,-69.39449,-0.0786,-0.2265
2005-12-08T06:00:00Z,30.31601,-69.39881,-0.0798,-0.2295
2005-12-08T07:00:00Z,30.30842,-69.40048,-0.0571,-0.2434
2005-12-08T08:00:00Z,30.30015,-69.40066,-0.211,-0.1608
2005-12-08T09:00:00Z,30.29635,-69.41008,-0.1995,-0.1632
2005-12-08T10:00:00Z,30.29161,-69.41714,-0.2005,-0.1238
2005-12-08T11:00:00Z,30.28797,-69.42336,-0.1285,-0.1034
2005-12-08T12:00:00Z,30.28392,-69.42861,-0.124,-0.0951
2005-12-08T13:00:00Z,30.28198,-69.43208,-0.1073,-0.0808
2005-12-08T14:00:00Z,30.27948,-69.43621,-0.1071,-0.0804
2005-12-08T15:00:00Z,30.2774,-69.44065,-0.1006,-0.046
2005-12-08T16:00:00Z,30.27585,-69.4431,-0.0931,-0.0446
2005-12-08T17:00:00Z,30.27487,-69.44904,-0.1282,-0.0299
2005-12-08T18:00:00Z,30.27118,-69.452,0.0438,-0.1975
2005-12-08T19:00:00Z,30.26505,-69.45048,-0.0195,-0.094
2005-12-08T20:00:00Z,30.26206,-69.45185,-0.0482,-0.0884
2005-12-08T21:00:00Z,30.25886,-69.45419,-0.0858,-0.1547
2005-12-08T22:00:00Z,30.25349,-69.45709,-0.0867,-0.1661
2005-12-08T23:00:00Z,30.24849,-69.4613,-0.0841,-0.1677
2005-12-09T00:00:00Z,30.24253,-69.46408,-0.0751,-0.1763
2005-12-09T01:00:00Z,30.23687,-69.46639,-0.076,-0.1768
2005-12-09T02:00:00Z,30.23165,-69.46878,-0.0979,-0.1869
2005-12-09T03:00:00Z,30.22475,-69.47319,-0.102,-0.1889
2005-12-09T04:00:00Z,30.21891,-69.47779,-0.1398,-0.1671
2005-12-09T05:00:00Z,30.21388,-69.48327,-0.1402,-0.1668
2005-12-09T06:00:00Z,30.20851,-69.48878,-0.1404,-0.1663
2005-12-09T07:00:00Z,30.20379,-69.49272,-0.1259,-0.1452
2005-12-09T08:00:00Z,30.19947,-69.49656,-0.166,-0.1292
2005-12-09T09:00:00Z,30.19513,-69.50335,-0.1675,-0.1297
2005-12-09T10:00:00Z,30.19197,-69.51021,-0.1817,-0.0108
2005-12-09T11:00:00Z,30.19132,-69.51693,-0.1816,-0.0093
2005-12-09T12:00:00Z,30.1915,-69.52328,-0.1626,0.0496
2005-12-09T13:00:00Z,30.194,-69.52963,-0.1639,0.0484
2005-12-09T14:00:00Z,30.19632,-69.53662,-0.1676,0.0466
2005-12-09T15:00:00Z,30.19745,-69.53583,0.0688,0.0596
2005-12-09T16:00:00Z,30.19844,-69.53308,0.0701,0.0627
2005-12-09T17:00:00Z,30.20148,-69.53064,0.0692,0.0622
2005-12-09T18:00:00Z,30.20295,-69.5285,0.0478,0.0499
2005-12-09T19:00:00Z,30.20364,-69.52623,0.0899,-0.0243
2005-12-09T20:00:00Z,30.20302,-69.52227,0.1117,-0.0191
2005-12-09T21:00:00Z,30.20229,-69.51821,0.1374,-0.0402
2005-12-09T22:00:00Z,30.19981,-69.51192,0.1836,-0.0972
2005-12-09T23:00:00Z,30.19634,-69.50549,0.1761,-0.1508
2005-12-10T00:00:00Z,30.19094,-69.49953,0.1685,-0.1563
2005-12-10T01:00:00Z,30.18623,-69.49239,0.174,-0.1548
2005-12-10T02:00:00Z,30.17994,-69.48703,0.0703,-0.2004
2005-12-10T03:00:00Z,30.17264,-69.48478,0.0727,-0.199
2005-12-10T04:00:00Z,30.1663,-69.48269,0.0326,-0.2183
2005-12-10T05:00:00Z,30.15941,-69.48138,0.0324,-0.2185
2005-12-10T06:00:00Z,30.15238,-69.48004,0.0329,-0.2105
2005-12-10T07:00:00Z,30.14416,-69.47745,0.0562,-0.2339
2005-12-10T08:00:00Z,30.13155,-69.47423,-0.0025,-0.4785
2005-12-10T09:00:00Z,30.11627,-69.47348,-0.0506,-0.4153
2005-12-10T10:00:00Z,30.10351,-69.47772,0.0558,-0.3558
2005-12-10T11:00:00Z,30.09187,-69.47566,0.0667,-0.3556
2005-12-10T12:00:00Z,30.08358,-69.46959,0.1438,-0.2853
2005-12-10T13:00:00Z,30.07569,-69.48612,-0.192,-0.2652
2005-12-10T14:00:00Z,30.06547,-69.49633,-0.182,-0.2191
2005-12-10T15:00:00Z,30.05813,-69.50136,-0.2091,-0.2129
2005-12-10T16:00:00Z,30.05195,-69.50732,-0.1233,-0.1584
2005-12-10T17:00:00Z,30.0471,-69.51476,-0.1419,-0.1578
2005-12-10T18:00:00Z,30.04194,-69.51671,-0.1078,-0.1486
2005-12-10T19:00:00Z,30.0367,-69.52072,-0.0262,-0.1862
2005-12-10T20:00:00Z,30.03061,-69.52119,-0.0318,-0.1907
2005-12-10T21:00:00Z,30.02486,-69.5235,-0.0809,-0.168
2005-12-10T22:00:00Z,30.01908,-69.527,-0.0829,-0.1687
2005-12-10T23:00:00Z,30.01431,-69.5294,-0.0548,-0.1411
2005-12-11T00:00:00Z,30.01,-69.5303,-0.0462,-0.1391
2005-12-11T01:00:00Z,30.00524,-69.52974,-0.0332,-0.1398
2005-12-11T02:00:00Z,30.0011,-69.5358,-0.0662,-0.133
2005-12-11T03:00:00Z,29.99814,-69.53811,-0.0277,-0.124
2005-12-11T04:00:00Z,29.99225,-69.53948,-0.0164,-0.1275
2005-12-11T05:00:00Z,29.98842,-69.53958,0.032,-0.0974
2005-12-11T06:00:00Z,29.98601,-69.53714,-0.0199,-0.1428
2005-12-11T07:00:00Z,29.98116,-69.53865,-0.0097,-0.146
2005-12-11T08:00:00Z,29.97719,-69.53795,0.0373,-0.0844
2005-12-11T09:00:00Z,29.97528,-69.53599,0.0743,-0.058
2005-12-11T10:00:00Z,29.96985,-69.53304,0.0852,-0.1715
2005-12-11T11:00:00Z,29.96411,-69.52978,0.0854,-0.1732
2005-12-11T12:00:00Z,29.95907,-69.52638,0.0858,-0.1736
2005-12-11T13:00:00Z,29.9501,-69.52469,0.0356,-0.2516
2005-12-11T14:00:00Z,29.93224,-69.52588,-0.0484,-0.0837
2005-12-11T15:00:00Z,29.93589,-69.53064,-0.0467,-0.2119
2005-12-11T16:00:00Z,29.92774,-69.53037,0.0292,-0.1416
2005-12-11T17:00:00Z,29.92253,-69.52923,0.0302,-0.1272
2005-12-11T18:00:00Z,29.91802,-69.52907,0.0118,-0.1703
2005-12-11T19:00:00Z,29.91255,-69.53026,0.0029,-0.125
2005-12-11T20:00:00Z,29.90791,-69.52919,0.0035,-0.1254
2005-12-11T21:00:00Z,29.90481,-69.5296,0.0146,-0.1031
2005-12-11T22:00:00Z,29.90287,-69.52911,0.0139,-0.0947
2005-12-11T23:00:00Z,29.89971,-69.52732,0.0391,-0.07
2005-12-12T00:00:00Z,29.89303,-69.52634,0.1098,0.0274
2005-12-12T01:00:00Z,29.89753,-69.5212,0.1052,-0.0152
2005-12-12T02:00:00Z,29.89764,-69.51759,0.1093,-0.0222
2005-12-12T03:00:00Z,29.89623,-69.51227,0.1871,-0.0308
2005-12-12T04:00:00Z,29.8957,-69.50573,0.1914,-0.04
2005-12-12T05:00:00Z,29.89141,-69.49581,0.2561,-0.1129
2005-12-12T06:00:00Z,29.88775,-69.48573,0.3087,-0.1397
2005-12-12T07:00:00Z,29.88328,-69.47423,0.3044,-0.1212
2005-12-12T08:00:00Z,29.87843,-69.46531,0.1904,-0.1733
2005-12-12T09:00:00Z,29.87293,-69.4576,0.1576,-0.2311
2005-12-12T10:00:00Z,29.86523,-69.45252,0.1588,-0.2315
2005-12-12T11:00:00Z,29.85695,-69.448,0.1093,-0.2788
2005-12-12T12:00:00Z,29.84835,-69.43921,0.1554,-0.2797
2005-12-12T13:00:00Z,29.83927,-69.43931,0.0225,-0.2776
2005-12-12T14:00:00Z,29.8298,-69.43849,0.0211,-0.2781
2005-12-12T15:00:00Z,29.82061,-69.43779,-0.0288,-0.2318
2005-12-12T16:00:00Z,29.81384,-69.4393,-0.0312,-0.2354
2005-12-12T17:00:00Z,29.80702,-69.44321,-0.0994,-0.2059
2005-12-12T18:00:00Z,29.80105,-69.45147,-0.2214,-0.1797
2005-12-12T19:00:00Z,29.79738,-69.45914,-0.0739,-0.0342
2005-12-12T20:00:00Z,29.79554,-69.46232,-0.0401,-0.0163
2005-12-12T21:00:00Z,29.79569,-69.46352,-0.0374,-0.0148
2005-12-12T22:00:00Z,29.7951,-69.46343,0.0572,-0.0083
2005-12-12T23:00:00Z,29.795,-69.46092,0.0602,-0.0085
2005-12-13T00:00:00Z,29.7946,-69.45893,0.0672,-0.0161
2005-12-13T01:00:00Z,29.79381,-69.45606,0.0676,-0.0162
2005-12-13T02:00:00Z,29.79284,-69.45265,0.0684,-0.0161
2005-12-13T03:00:00Z,29.7934,-69.45136,0.0619,0.0031
2005-12-13T04:00:00Z,29.79365,-69.44931,0.0953,0.019
2005-12-13T05:00:00Z,29.79424,-69.44493,0.0907,0.0191
2005-12-13T06:00:00Z,29.79389,-69.44113,0.1222,-0.0129
2005-12-13T07:00:00Z,29.79227,-69.43678,0.1019,-0.0786
2005-12-13T08:00:00Z,29.78939,-69.43391,0.0747,-0.1099
2005-12-13T09:00:00Z,29.78562,-69.43209,0.0111,-0.1145
2005-12-13T10:00:00Z,29.78367,-69.43071,0.0044,-0.1257
2005-12-13T11:00:00Z,29.77818,-69.43237,-0.0691,-0.1722
2005-12-13T12:00:00Z,29.77264,-69.43558,-0.1269,-0.1796
2005-12-13T13:00:00Z,29.76683,-69.44123,-0.1273,-0.1795
2005-12-13T14:00:00Z,29.76097,-69.44652,-0.1271,-0.1796
2005-12-13T15:00:00Z,29.75559,-69.45139,-0.1443,-0.1694
2005-12-13T16:00:00Z,29.7501,-69.45621,-0.1434,-0.1689
2005-12-13T17:00:00Z,29.74683,-69.46313,-0.1955,-0.0521
2005-12-13T18:00:00Z,29.74538,-69.47118,-0.1913,-0.053
2005-12-13T19:00:00Z,29.74453,-69.47458,-0.0891,-0.0062
2005-12-13T20:00:00Z,29.74344,-69.47688,-0.0574,-0.0285
2005-12-13T21:00:00Z,29.7438,-69.48041,-0.068,-0.0218
2005-12-13T22:00:00Z,29.74131,-69.47965,0.0586,-0.0788
2005-12-13T23:00:00Z,29.73813,-69.47744,0.107,-0.1314
2005-12-14T00:00:00Z,29.73462,-69.47329,0.1094,-0.1213
2005-12-14T01:00:00Z,29.73208,-69.46985,0.1057,-0.1096
2005-12-14T02:00:00Z,29.72791,-69.46648,0.1096,-0.308
2005-12-14T03:00:00Z,29.71757,-69.45634,0.1504,-0.3141
2005-12-14T04:00:00Z,29.70101,-69.45439,0.0266,-0.5024
2005-12-14T05:00:00Z,29.67959,-69.45698,0.0718,-0.5012
2005-12-14T06:00:00Z,29.66727,-69.45334,0.0144,-0.2661
2005-12-14T07:00:00Z,29.65941,-69.45194,0.1633,-0.3296
2005-12-14T08:00:00Z,29.64794,-69.44481,0.1708,-0.3349
2005-12-14T09:00:00Z,29.64004,-69.44281,-0.0204,-0.1356
2005-12-14T10:00:00Z,29.63556,-69.44394,-0.0304,-0.0649
2005-12-14T11:00:00Z,29.63284,-69.44418,-0.034,-0.0613
2005-12-14T12:00:00Z,29.63276,-69.44632,-0.0579,0.0161
2005-12-14T13:00:00Z,29.63345,-69.44878,-0.0578,0.0166
2005-12-14T14:00:00Z,29.63322,-69.45116,-0.0767,0.0234
2005-12-14T15:00:00Z,29.63484,-69.45377,-0.0764,0.0279
2005-12-14T16:00:00Z,29.63596,-69.45728,-0.1319,0.0166
2005-12-14T17:00:00Z,29.63535,-69.46383,-0.1363,0.0117
2005-12-14T18:00:00Z,29.63717,-69.4653,0.3551,0.0632
2005-12-14T19:00:00Z,29.63709,-69.46585,-0.0622,-0.0452
2005-12-14T20:00:00Z,29.63612,-69.46737,-0.0702,-0.0427
2005-12-14T21:00:00Z,29.63397,-69.46993,0.1491,0.0279
2005-12-14T22:00:00Z,29.63523,-69.46415,0.1558,0.0305
2005-12-14T23:00:00Z,29.63534,-69.45582,0.2289,0.0154
2005-12-15T00:00:00Z,29.63602,-69.44628,0.2302,0.0163
2005-12-15T01:00:00Z,29.63836,-69.43693,0.2308,0.0285
2005-12-15T02:00:00Z,29.63676,-69.42948,0.227,-0.121
2005-12-15T03:00:00Z,29.63274,-69.42114,0.1375,-0.2122
2005-12-15T04:00:00Z,29.6246,-69.41654,0.1345,-0.2189
2005-12-15T05:00:00Z,29.61578,-69.41151,0.1337,-0.2238
2005-12-15T06:00:00Z,29.6108,-69.40891,0.0861,-0.2248
2005-12-15T07:00:00Z,29.60107,-69.40579,0.0638,-0.3277
2005-12-15T08:00:00Z,29.59092,-69.40396,0.0654,-0.333
2005-12-15T09:00:00Z,29.57599,-69.40035,0.0985,-0.4278
2005-12-15T10:00:00Z,29.59016,-69.40062,-0.0961,-0.2007
2005-12-15T11:00:00Z,29.58271,-69.4036,-0.1138,-0.1691
2005-12-15T12:00:00Z,29.57855,-69.40908,-0.1295,-0.1496
2005-12-15T13:00:00Z,29.57953,-69.40874,0.1176,0.0799
2005-12-15T14:00:00Z,29.5847,-69.39865,0.0696,0.0635
2005-12-15T15:00:00Z,29.58765,-69.39486,0.0722,0.0601
2005-12-15T16:00:00Z,29.59016,-69.39244,0.0724,0.0588
2005-12-15T17:00:00Z,29.59022,-69.38263,0.1359,-0.0399
2005-12-15T18:00:00Z,29.5895,-69.37854,0.1482,0.0914
2005-12-15T19:00:00Z,29.5924,-69.37239,0.1473,0.098
2005-12-15T20:00:00Z,29.59991,-69.37232,-0.3559,-0.6413
2005-12-15T21:00:00Z,29.58159,-69.38456,0.1409,0.1522
2005-12-15T22:00:00Z,29.58707,-69.37781,0.174,0.0998
2005-12-15T23:00:00Z,29.59232,-69.37166,0.1727,0.1087
2005-12-16T00:00:00Z,29.59775,-69.36615,0.1693,0.1146
2005-12-16T01:00:00Z,29.60343,-69.36128,0.2077,-0.1322
2005-12-16T02:00:00Z,29.59928,-69.35004,0.204,-0.1357
2005-12-16T03:00:00Z,29.59556,-69.3421,0.174,-0.1211
2005-12-16T04:00:00Z,29.58959,-69.33714,0.1838,-0.1331
2005-12-16T05:00:00Z,29.5883,-69.33266,0.1018,-0.062
2005-12-16T06:00:00Z,29.58727,-69.3259,0.1232,-0.0694
2005-12-16T07:00:00Z,29.58462,-69.32925,0.2681,-0.091
2005-12-16T08:00:00Z,29.58134,-69.31965,0.2337,-0.1512
2005-12-16T09:00:00Z,29.57689,-69.31703,0.0683,-0.1319
2005-12-16T10:00:00Z,29.5731,-69.31405,0.1449,-0.0787
2005-12-16T11:00:00Z,29.57097,-69.3082,0.2027,-0.0434
2005-12-16T12:00:00Z,29.56854,-69.30134,0.205,-0.0417
2005-12-16T13:00:00Z,29.56815,-69.2929,0.22,-0.0245
2005-12-16T14:00:00Z,29.56774,-69.28451,0.2201,-0.0249
2005-12-16T15:00:00Z,29.56685,-69.27594,0.251,-0.0328
2005-12-16T16:00:00Z,29.5653,-69.26651,0.2531,-0.0347
2005-12-16T17:00:00Z,29.56408,-69.25642,0.285,-0.0523
2005-12-16T18:00:00Z,29.56433,-69.24919,0.0568,0.0751
2005-12-16T19:00:00Z,29.56462,-69.24113,0.1749,0.0345
2005-12-16T20:00:00Z,29.56513,-69.22941,0.2986,0.041
2005-12-16T21:00:00Z,29.56609,-69.21774,0.2071,0.0951
2005-12-16T22:00:00Z,29.56946,-69.21034,0.2465,0.0832
2005-12-16T23:00:00Z,29.57206,-69.20141,0.2502,0.0823
2005-12-17T00:00:00Z,29.57396,-69.18981,0.3332,0.043
2005-12-17T01:00:00Z,29.57561,-69.1768,0.3316,0.0438
2005-12-17T02:00:00Z,29.57812,-69.16422,0.331,0.0482
2005-12-17T03:00:00Z,29.57633,-69.15255,0.3241,-0.0966
2005-12-17T04:00:00Z,29.57361,-69.14025,0.2808,-0.1137
2005-12-17T05:00:00Z,29.56954,-69.13038,0.2808,-0.1144
2005-12-17T06:00:00Z,29.56539,-69.12008,0.2807,-0.1147
2005-12-17T07:00:00Z,29.56251,-69.1094,0.2754,-0.0945
2005-12-17T08:00:00Z,29.56069,-69.09873,0.2964,0.0016
2005-12-17T09:00:00Z,29.5652,-69.08852,0.2702,0.1179
2005-12-17T10:00:00Z,29.56746,-69.0797,0.2242,0.0977
2005-12-17T11:00:00Z,29.57078,-69.07198,0.2045,0.0827
2005-12-17T12:00:00Z,29.57356,-69.06453,0.2111,0.1085
2005-12-17T13:00:00Z,29.57714,-69.05635,0.2124,0.1091
2005-12-17T14:00:00Z,29.58041,-69.0483,0.2129,0.1084
2005-12-17T15:00:00Z,29.58487,-69.04031,0.2188,0.1447
2005-12-17T16:00:00Z,29.59063,-69.03227,0.2183,0.148
2005-12-17T17:00:00Z,29.59455,-69.02348,0.229,0.1461
2005-12-17T18:00:00Z,29.57201,-69.0153,0.1762,-0.174
2005-12-17T19:00:00Z,29.56671,-69.00873,0.2144,-0.1006
2005-12-17T20:00:00Z,29.56508,-68.99856,0.316,-0.011
2005-12-17T21:00:00Z,29.56491,-68.98693,0.3167,0.0046
2005-12-17T22:00:00Z,29.56581,-68.97565,0.2864,0.0501
2005-12-17T23:00:00Z,29.56614,-68.96533,0.2999,0.1983
2005-12-18T00:00:00Z,29.5733,-68.9538,0.2998,0.1954
2005-12-18T01:00:00Z,29.57944,-68.94283,0.3008,0.1988
2005-12-18T02:00:00Z,29.58542,-68.93232,0.2979,0.2176
2005-12-18T03:00:00Z,29.59377,-68.91949,0.311,0.219
2005-12-18T04:00:00Z,29.60029,-68.9104,0.1869,0.1758
2005-12-18T05:00:00Z,29.60555,-68.90395,0.1897,0.1746
2005-12-18T06:00:00Z,29.61156,-68.89679,0.1871,0.1721
2005-12-18T07:00:00Z,29.61445,-68.89081,0.1601,0.107
2005-12-18T08:00:00Z,29.61618,-68.88516,0.1556,0.0224
2005-12-18T09:00:00Z,29.61665,-68.87974,0.1546,0.0212
2005-12-18T10:00:00Z,29.61638,-68.8719,0.2479,-0.025
2005-12-18T11:00:00Z,29.6148,-68.86319,0.2482,-0.0253
2005-12-18T12:00:00Z,29.615,-68.85364,0.2643,0.017
2005-12-18T13:00:00Z,29.61574,-68.84352,0.2639,0.0207
2005-12-18T14:00:00Z,29.61532,-68.83347,0.2634,0.0173
2005-12-18T15:00:00Z,29.62069,-68.82443,0.2481,0.1782
2005-12-18T16:00:00Z,29.62685,-68.81482,0.2306,0.22
2005-12-18T17:00:00Z,29.63391,-68.80747,0.2222,0.2206
2005-12-18T18:00:00Z,29.64183,-68.79874,0.2472,0.2592
2005-12-18T19:00:00Z,29.6504,-68.78878,0.2278,0.2584
2005-12-18T20:00:00Z,29.6591,-68.78325,0.0994,0.2591
2005-12-18T21:00:00Z,29.67033,-68.78232,0.0408,0.2216
2005-12-18T22:00:00Z,29.67728,-68.77992,0.0368,0.2189
2005-12-18T23:00:00Z,29.68439,-68.77856,0.0546,0.1809
2005-12-19T00:00:00Z,29.6901,-68.77682,0.054,0.1805
2005-12-19T01:00:00Z,29.69592,-68.77513,0.0537,0.1804
2005-12-19T02:00:00Z,29.70104,-68.77219,0.0753,0.1552
2005-12-19T03:00:00Z,29.7067,-68.76956,0.0771,0.1579
2005-12-19T04:00:00Z,29.70759,-68.76435,0.1254,0.0611
2005-12-19T05:00:00Z,29.70932,-68.75937,0.1249,0.0617
2005-12-19T06:00:00Z,29.71157,-68.75424,0.1238,0.059
2005-12-19T07:00:00Z,29.71316,-68.75033,0.1265,0.0501
2005-12-19T08:00:00Z,29.71569,-68.7447,0.1808,0.0641
2005-12-19T09:00:00Z,29.71695,-68.73765,0.2048,0.0225
2005-12-19T10:00:00Z,29.71769,-68.72979,0.2166,0.0199
2005-12-19T11:00:00Z,29.71844,-68.72156,0.2272,0.0071
2005-12-19T12:00:00Z,29.71864,-68.71311,0.2279,0.0069
2005-12-19T13:00:00Z,29.71814,-68.70317,0.2761,-0.0217
2005-12-19T14:00:00Z,29.71804,-68.69342,0.2865,-0.0207
2005-12-19T15:00:00Z,29.71653,-68.68218,0.2816,-0.0183
2005-12-19T16:00:00Z,29.71582,-68.67401,0.185,-0.0134
2005-12-19T17:00:00Z,29.71751,-68.66864,0.1827,0.0023
2005-12-19T18:00:00Z,29.7159,-68.65968,0.2569,0.0255
2005-12-19T19:00:00Z,29.71727,-68.64976,0.2642,0.0752
2005-12-19T20:00:00Z,29.72106,-68.64096,0.2414,0.1176
2005-12-19T21:00:00Z,29.72715,-68.63113,0.3134,0.1976
2005-12-19T22:00:00Z,29.7337,-68.61881,0.3117,0.1961
2005-12-19T23:00:00Z,29.73943,-68.61851,-0.0631,0.1693
2005-12-20T00:00:00Z,29.74486,-68.63548,0.0143,0.1689
2005-12-20T01:00:00Z,29.75046,-68.63892,-0.0021,0.1693
2005-12-20T02:00:00Z,29.75366,-68.62593,-0.0627,0.1333
2005-12-20T03:00:00Z,29.75729,-68.62667,0.1186,0.0548
2005-12-20T04:00:00Z,29.7566,-68.63129,0.0734,0.059
2005-12-20T05:00:00Z,29.75938,-68.62376,0.3035,0.0914
2005-12-20T06:00:00Z,29.76356,-68.6123,0.2881,0.108
2005-12-20T07:00:00Z,29.76562,-68.60186,0.2855,0.1126
2005-12-20T08:00:00Z,29.76929,-68.59288,0.2296,0.0633
2005-12-20T09:00:00Z,29.77206,-68.58482,0.2066,0.0701
2005-12-20T10:00:00Z,29.77334,-68.57666,0.2097,0.0616
2005-12-20T11:00:00Z,29.77647,-68.57184,0.1017,0.1803
2005-12-20T12:00:00Z,29.78275,-68.57325,0.096,0.1857
2005-12-20T13:00:00Z,29.79028,-68.57254,-0.017,0.2228
2005-12-20T14:00:00Z,29.78993,-68.57301,-0.0126,0.0602
2005-12-20T15:00:00Z,29.79012,-68.57578,-0.008,0.0715
2005-12-20T16:00:00Z,29.79336,-68.57342,0.0743,0.044
2005-12-20T17:00:00Z,29.79534,-68.56982,0.1442,0.0849
2005-12-20T18:00:00Z,29.79849,-68.56261,0.2294,0.1082
2005-12-20T19:00:00Z,29.80279,-68.55336,0.2341,0.1901
2005-12-20T20:00:00Z,29.80982,-68.54459,0.2317,0.1899
2005-12-20T21:00:00Z,29.81443,-68.53744,0.1866,0.1507
2005-12-20T22:00:00Z,29.81933,-68.5296,0.1875,0.0675
2005-12-20T23:00:00Z,29.82001,-68.52448,0.1713,0.0595
2005-12-21T00:00:00Z,29.82095,-68.51566,0.2228,0.0145
2005-12-21T01:00:00Z,29.82002,-68.50018,0.1369,0.1285
2005-12-21T02:00:00Z,29.82476,-68.49924,0.2298,0.124
2005-12-21T03:00:00Z,29.82899,-68.49152,0.1371,0.1534
2005-12-21T04:00:00Z,29.83539,-68.48389,0.1241,0.156
2005-12-21T05:00:00Z,29.83883,-68.48234,0.104,0.1437
2005-12-21T06:00:00Z,29.84282,-68.4786,0.0024,0.1641
2005-12-21T07:00:00Z,29.84861,-68.47829,0.0461,0.0836
2005-12-21T08:00:00Z,29.85121,-68.4749,0.1814,0.0783
2005-12-21T09:00:00Z,29.85444,-68.46898,0.1763,0.1755
2005-12-21T10:00:00Z,29.86003,-68.45946,0.2047,0.1813
2005-12-21T11:00:00Z,29.86659,-68.4548,0.1801,0.2032
2005-12-21T12:00:00Z,29.87376,-68.45295,0.2055,0.197
2005-12-21T13:00:00Z,29.87961,-68.44272,0.2128,0.1962
2005-12-21T14:00:00Z,29.88562,-68.43145,0.1903,0.196
2005-12-21T15:00:00Z,29.8916,-68.42467,0.0653,0.1834
2005-12-21T16:00:00Z,29.8981,-68.42243,0.0645,0.1846
2005-12-21T17:00:00Z,29.9034,-68.42105,0.0361,0.1811
2005-12-21T18:00:00Z,29.91072,-68.41827,0.0832,0.2191
2005-12-21T19:00:00Z,29.91798,-68.41366,0.0642,0.2059
2005-12-21T20:00:00Z,29.92428,-68.41124,0.0583,0.2138
2005-12-21T21:00:00Z,29.93152,-68.40922,0.0589,0.2144
2005-12-21T22:00:00Z,29.93782,-68.40509,0.1134,0.189
2005-12-21T23:00:00Z,29.9449,-68.38772,0.233,0.1952
2005-12-22T00:00:00Z,29.94977,-68.38761,0.0026,0.1697
2005-12-22T01:00:00Z,29.954,-68.3936,0.0939,0.1633
2005-12-22T02:00:00Z,29.95745,-68.38902,0.0296,0.2747
2005-12-22T03:00:00Z,29.96695,-68.38676,0.0253,0.2711
2005-12-22T04:00:00Z,29.97537,-68.38578,0.0407,0.2708
2005-12-22T05:00:00Z,29.98439,-68.38434,0.0402,0.2707
2005-12-22T06:00:00Z,29.99314,-68.38396,-0.0068,0.255
2005-12-22T07:00:00Z,30.00207,-68.3859,-0.0871,0.3637
2005-12-22T08:00:00Z,30.01425,-68.38819,-0.0411,0.3822
2005-12-22T09:00:00Z,30.0256,-68.3896,-0.0274,0.3362
2005-12-22T10:00:00Z,30.03603,-68.38959,-0.0308,0.302
2005-12-22T11:00:00Z,30.04687,-68.39251,-0.0391,0.305
2005-12-22T12:00:00Z,30.05588,-68.38955,0.1677,0.2482
2005-12-22T13:00:00Z,30.06354,-68.38234,0.1664,0.2477
2005-12-22T14:00:00Z,30.07167,-68.37388,0.1217,0.2467
2005-12-22T15:00:00Z,30.07969,-68.37005,0.1627,0.239
2005-12-22T16:00:00Z,30.08633,-68.36488,0.155,0.2364
2005-12-22T17:00:00Z,30.09619,-68.35832,0.1686,0.2274
2005-12-22T18:00:00Z,30.10169,-68.35213,0.1439,0.1955
2005-12-22T19:00:00Z,30.10922,-68.34997,-0.0137,0.1757
2005-12-22T20:00:00Z,30.11511,-68.35037,-0.0467,0.143
2005-12-22T21:00:00Z,30.11834,-68.35312,-0.0464,0.1405
2005-12-22T22:00:00Z,30.1257,-68.3542,-0.0553,0.2331
2005-12-22T23:00:00Z,30.13314,-68.35581,-0.0672,0.2871
2005-12-23T00:00:00Z,30.1426,-68.35883,-0.0655,0.2888
2005-12-23T01:00:00Z,30.1514,-68.36148,-0.0647,0.289
2005-12-23T02:00:00Z,30.16161,-68.3641,-0.0836,0.3463
2005-12-23T03:00:00Z,30.17414,-68.36672,-0.0823,0.3414
2005-12-23T04:00:00Z,30.18414,-68.37184,-0.1233,0.3286
2005-12-23T05:00:00Z,30.1942,-68.37741,-0.1291,0.3237
2005-12-23T06:00:00Z,30.20441,-68.38479,-0.1818,0.3043
2005-12-23T07:00:00Z,30.21575,-68.39274,-0.2168,0.3884
2005-12-23T08:00:00Z,30.22896,-68.39596,-0.0429,0.423
2005-12-23T09:00:00Z,30.24282,-68.3949,0.008,0.4216
2005-12-23T10:00:00Z,30.257,-68.39798,0.0684,0.4229
2005-12-23T11:00:00Z,30.27074,-68.39405,0.0294,0.4206
2005-12-23T12:00:00Z,30.28335,-68.39148,0.1109,0.3842
2005-12-23T13:00:00Z,30.2948,-68.38884,0.0832,0.3284
2005-12-23T14:00:00Z,30.30572,-68.38177,0.0055,0.2185
2005-12-23T15:00:00Z,30.31315,-68.3826,0.0194,0.212
2005-12-23T16:00:00Z,30.31971,-68.38205,-0.0297,0.1316
2005-12-23T17:00:00Z,30.32376,-68.38263,-0.0292,0.1424
2005-12-23T18:00:00Z,30.32885,-68.3843,-0.025,0.1742
2005-12-23T19:00:00Z,30.33365,-68.38586,-0.0875,0.1124
2005-12-23T20:00:00Z,30.33663,-68.38991,-0.1353,0.0642
2005-12-23T21:00:00Z,30.33807,-68.39566,-0.145,0.0269
2005-12-23T22:00:00Z,30.34002,-68.39957,-0.1367,0.0358
2005-12-23T23:00:00Z,30.34404,-68.40744,-0.1963,0.1037
2005-12-24T00:00:00Z,30.33384,-68.41515,-0.2213,-0.1118
2005-12-24T01:00:00Z,30.35116,-68.42298,-0.2287,0.3633
2005-12-24T02:00:00Z,30.36203,-68.43252,-0.2611,0.3397
2005-12-24T03:00:00Z,30.37442,-68.44232,-0.2842,0.3645
2005-12-24T04:00:00Z,30.38539,-68.45401,-0.2889,0.3552
2005-12-24T05:00:00Z,30.4012,-68.46407,-0.2749,0.4837
2005-12-24T06:00:00Z,30.41923,-68.47366,-0.2438,0.648
2005-12-24T07:00:00Z,30.41852,-68.48387,-0.3119,0.2919
2005-12-24T08:00:00Z,30.43046,-68.49481,-0.3098,0.2748
2005-12-24T09:00:00Z,30.43868,-68.50589,-0.3053,0.2565
2005-12-24T10:00:00Z,30.44689,-68.5151,-0.0809,0.2798
2005-12-24T11:00:00Z,30.45531,-68.51431,0.0134,0.2894
2005-12-24T12:00:00Z,30.46585,-68.52068,-0.0552,0.2918
2005-12-24T13:00:00Z,30.47314,-68.5156,0.2079,0.1627
2005-12-24T14:00:00Z,30.47662,-68.51419,-0.1465,0.0713
2005-12-24T15:00:00Z,30.47911,-68.52712,-0.0492,0.0694
2005-12-24T16:00:00Z,30.47981,-68.52596,-0.1523,0.0229
2005-12-24T17:00:00Z,30.4801,-68.53157,-0.1643,-0.0329
2005-12-24T18:00:00Z,30.4787,-68.53762,-0.1498,-0.0643
2005-12-24T19:00:00Z,30.47596,-68.54055,-0.0782,-0.0947
2005-12-24T20:00:00Z,30.47361,-68.55178,-0.2252,-0.0487
2005-12-24T21:00:00Z,30.47539,-68.56185,-0.2029,0.0207
2005-12-24T22:00:00Z,30.47256,-68.57085,-0.1939,0.0869
2005-12-24T23:00:00Z,30.47678,-68.57647,-0.1862,0.077
2005-12-25T00:00:00Z,30.47964,-68.58587,-0.4141,0.1268
2005-12-25T01:00:00Z,30.49242,-68.59889,-0.3749,0.0276
2005-12-25T02:00:00Z,30.48652,-68.61801,-0.4266,0.1076
2005-12-25T03:00:00Z,30.49038,-68.63056,-0.246,0.1623
2005-12-25T04:00:00Z,30.49593,-68.63847,-0.2667,0.1618
2005-12-25T05:00:00Z,30.50107,-68.64951,-0.2474,0.155
2005-12-25T06:00:00Z,30.50203,-68.65772,-0.2479,0.0587
2005-12-25T07:00:00Z,30.50433,-68.66738,-0.2653,0.0418
2005-12-25T08:00:00Z,30.50658,-68.67893,-0.3822,0.138
2005-12-25T09:00:00Z,30.51088,-68.69278,-0.3401,0.1312
2005-12-25T10:00:00Z,30.51367,-68.69738,-0.0312,0.0346
2005-12-25T11:00:00Z,30.5138,-68.69889,-0.0242,-0.0114
2005-12-25T12:00:00Z,30.51389,-68.70036,-0.0328,-0.0475
2005-12-25T13:00:00Z,30.51186,-68.70092,-0.0327,-0.0522
2005-12-25T14:00:00Z,30.51043,-68.70176,-0.0329,-0.0515
2005-12-25T15:00:00Z,30.50859,-68.7031,-0.0563,-0.1617
2005-12-25T16:00:00Z,30.50009,-68.70596,-0.0599,-0.1291
2005-12-25T17:00:00Z,30.49612,-68.70918,-0.0959,-0.1688
2005-12-25T18:00:00Z,30.48931,-68.71386,-0.1426,-0.2064
2005-12-25T19:00:00Z,30.48314,-68.72074,-0.1187,-0.1956
2005-12-25T20:00:00Z,30.48528,-68.72251,-0.1455,-0.0109
2005-12-25T21:00:00Z,30.48415,-68.72857,-0.2387,-0.0553
2005-12-25T22:00:00Z,30.48291,-68.73903,-0.336,-0.0394
2005-12-25T23:00:00Z,30.48054,-68.75114,-0.3358,-0.0399
2005-12-26T00:00:00Z,30.48097,-68.76277,-0.3197,-0.0146
2005-12-26T01:00:00Z,30.4806,-68.77612,-0.3282,-0.0131
2005-12-26T02:00:00Z,30.4793,-68.78996,-0.3341,-0.0123
2005-12-26T03:00:00Z,30.48234,-68.7967,-0.1827,0.109
2005-12-26T04:00:00Z,30.486,-68.80283,-0.1626,0.1372
2005-12-26T05:00:00Z,30.49073,-68.8092,-0.1628,0.1374
2005-12-26T06:00:00Z,30.49545,-68.81564,-0.1628,0.1373
2005-12-26T07:00:00Z,30.50038,-68.82112,-0.1442,0.1518
2005-12-26T08:00:00Z,30.50495,-68.82553,-0.0617,0.1248
2005-12-26T09:00:00Z,30.50507,-68.82638,-0.0169,0.0064
2005-12-26T10:00:00Z,30.50489,-68.82349,0.1421,-0.0018
2005-12-26T11:00:00Z,30.50536,-68.81901,0.145,-0.0039
2005-12-26T12:00:00Z,30.50529,-68.81407,0.1761,-0.042
2005-12-26T13:00:00Z,30.50395,-68.80725,0.1756,-0.043
2005-12-26T14:00:00Z,30.50309,-68.80069,0.1761,-0.044
2005-12-26T15:00:00Z,30.49988,-68.79357,0.1972,-0.1154
2005-12-26T16:00:00Z,30.49442,-68.78621,0.1977,-0.1065
2005-12-26T17:00:00Z,30.49081,-68.77834,0.2058,-0.1395
2005-12-26T18:00:00Z,30.48683,-68.7697,-0.3959,-0.2063
2005-12-26T19:00:00Z,30.47949,-68.78822,-0.1895,-0.2455
2005-12-26T20:00:00Z,30.47134,-68.79475,-0.1048,-0.132
2005-12-26T21:00:00Z,30.46656,-68.7981,-0.067,-0.1655
2005-12-26T22:00:00Z,30.46153,-68.80083,-0.0856,-0.1632
2005-12-26T23:00:00Z,30.45696,-68.80375,-0.1338,-0.0202
2005-12-27T00:00:00Z,30.45696,-68.81002,-0.1373,-0.021
2005-12-27T01:00:00Z,30.45644,-68.81666,-0.1399,-0.0209
2005-12-27T02:00:00Z,30.45611,-68.82241,-0.1417,0.0123
2005-12-27T03:00:00Z,30.45672,-68.82475,-0.1399,0.0151
2005-12-27T04:00:00Z,30.46153,-68.82775,-0.0752,0.1604
2005-12-27T05:00:00Z,30.46738,-68.83241,-0.0892,0.1568
2005-12-27T06:00:00Z,30.47259,-68.84187,-0.1295,0.1564
2005-12-27T07:00:00Z,30.47805,-68.83941,0.2381,0.1837
2005-12-27T08:00:00Z,30.48442,-68.83381,0.1288,0.2071
2005-12-27T09:00:00Z,30.49072,-68.82951,0.233,-0.1306
2005-12-27T10:00:00Z,30.48706,-68.82332,0.0956,-0.0735
2005-12-27T11:00:00Z,30.4866,-68.81991,0.0949,-0.077
2005-12-27T12:00:00Z,30.48201,-68.81624,0.072,-0.1059
2005-12-27T13:00:00Z,30.47848,-68.81336,0.0717,-0.1087
2005-12-27T14:00:00Z,30.47587,-68.81033,0.0709,-0.1256
2005-12-27T15:00:00Z,30.46862,-68.80902,0.0299,-0.1801
2005-12-27T16:00:00Z,30.46237,-68.80935,-0.0973,-0.1578
2005-12-27T17:00:00Z,30.45799,-68.81442,-0.085,-0.1594
2005-12-27T18:00:00Z,30.45345,-68.81758,-0.0992,-0.0992
2005-12-27T19:00:00Z,30.4533,-68.8204,-0.063,0.0587
2005-12-27T20:00:00Z,30.45511,-68.82352,-0.1142,-0.0904
2005-12-27T21:00:00Z,30.45178,-68.82792,-0.1454,-0.1401
2005-12-27T22:00:00Z,30.44618,-68.83312,-0.1462,-0.1476
2005-12-27T23:00:00Z,30.44579,-68.83901,-0.1566,0.0804
2005-12-28T00:00:00Z,30.44849,-68.84497,-0.1569,0.0813
2005-12-28T01:00:00Z,30.45062,-68.85068,-0.1572,0.0851
2005-12-28T02:00:00Z,30.45497,-68.85666,-0.1575,0.1394
2005-12-28T03:00:00Z,30.45937,-68.86316,-0.0155,0.1435
2005-12-28T04:00:00Z,30.46383,-68.86237,-0.0221,0.1425
2005-12-28T05:00:00Z,30.46854,-68.86226,-0.0305,0.1425
2005-12-28T06:00:00Z,30.47373,-68.86288,-0.0384,0.1435
2005-12-28T07:00:00Z,30.47596,-68.8647,-0.0167,0.11
2005-12-28T08:00:00Z,30.47836,-68.86639,-0.0507,0.045
2005-12-28T09:00:00Z,30.47867,-68.86699,-0.0632,-0.0215
2005-12-28T10:00:00Z,30.47906,-68.87854,-0.2272,-0.0113
2005-12-28T11:00:00Z,30.47862,-68.88504,0.1657,-0.0905
2005-12-28T12:00:00Z,30.47387,-68.87194,-0.0226,-0.0786
2005-12-28T13:00:00Z,30.46972,-68.8712,0.1803,-0.1803
2005-12-28T14:00:00Z,30.46567,-68.87165,-0.0719,-0.1374
2005-12-28T15:00:00Z,30.45658,-68.82146,0.5552,-0.1974
2005-12-28T16:00:00Z,30.45641,-68.88077,-0.1639,-0.0234
2005-12-28T17:00:00Z,30.45917,-68.88521,-0.238,-0.1699
2005-12-28T18:00:00Z,30.45323,-68.89399,-0.1997,-0.1594
2005-12-28T19:00:00Z,30.44942,-68.9028,-0.2435,-0.0989
2005-12-28T20:00:00Z,30.44686,-68.91277,-0.2815,-0.0665
2005-12-28T21:00:00Z,30.44509,-68.92172,-0.2278,-0.0479
2005-12-28T22:00:00Z,30.44375,-68.93114,-0.1497,-5.0E-4
2005-12-28T23:00:00Z,30.44449,-68.93471,-0.158,0.0092
2005-12-29T00:00:00Z,30.4448,-68.94098,-0.1459,0.0548
2005-12-29T01:00:00Z,30.44886,-68.94531,-0.1365,0.0258
2005-12-29T02:00:00Z,30.44894,-68.95103,-0.14,0.0282
2005-12-29T03:00:00Z,30.44954,-68.95725,-0.1446,0.0294
2005-12-29T04:00:00Z,30.45031,-68.96416,-0.1487,0.0304
2005-12-29T05:00:00Z,30.45171,-68.9666,-0.0356,0.0269
2005-12-29T06:00:00Z,30.45265,-68.96756,-0.0395,0.0275
2005-12-29T07:00:00Z,30.45418,-68.96871,-0.0489,0.0283
2005-12-29T08:00:00Z,30.45475,-68.971,-0.0353,-0.0288
2005-12-29T09:00:00Z,30.45409,-68.97159,-0.0022,-0.0252
2005-12-29T10:00:00Z,30.4528,-68.9725,-0.0032,-0.025
2005-12-29T11:00:00Z,30.45173,-68.97284,-0.0186,-0.0382
2005-12-29T12:00:00Z,30.45267,-68.97072,-0.0937,-0.0669
2005-12-29T13:00:00Z,30.44995,-68.97613,-0.0913,-0.0447
2005-12-29T14:00:00Z,30.44679,-68.98084,-0.0813,-0.0515
2005-12-29T15:00:00Z,30.44325,-68.98436,-0.104,0.0259
2005-12-29T16:00:00Z,30.44617,-68.9872,-0.1058,-0.0117
2005-12-29T17:00:00Z,30.4463,-68.99118,-0.1046,0.0407
2005-12-29T18:00:00Z,30.44879,-68.99468,-0.0825,0.1226
2005-12-29T19:00:00Z,30.45432,-68.99559,-0.0044,0.188
2005-12-29T20:00:00Z,30.46014,-68.99439,-0.0362,0.1336
2005-12-29T21:00:00Z,30.46439,-68.99852,-0.0522,0.1321
2005-12-29T22:00:00Z,30.46819,-68.99876,0.1006,0.0958
2005-12-29T23:00:00Z,30.47104,-68.99468,0.102,0.0948
2005-12-30T00:00:00Z,30.47345,-68.99095,0.1101,0.0726
2005-12-30T01:00:00Z,30.47611,-68.98666,0.1104,0.0742
2005-12-30T02:00:00Z,30.47924,-68.98219,0.1109,0.0771
2005-12-30T03:00:00Z,30.47716,-68.9765,0.1541,-0.0627
2005-12-30T04:00:00Z,30.47416,-68.97362,0.1985,-0.0588
2005-12-30T05:00:00Z,30.47303,-68.96426,0.1786,-0.064
2005-12-30T06:00:00Z,30.47097,-68.95721,0.1787,-0.0704
2005-12-30T07:00:00Z,30.4679,-68.95098,0.1717,-0.1311
2005-12-30T08:00:00Z,30.46223,-68.94598,0.1119,-0.2062
2005-12-30T09:00:00Z,30.45565,-68.94179,0.0727,-0.2153
2005-12-30T10:00:00Z,30.44833,-68.93966,0.0129,-0.1926
2005-12-30T11:00:00Z,30.44229,-68.93718,0.0337,-0.1922
2005-12-30T12:00:00Z,30.43663,-68.93644,-0.0468,-0.1674
2005-12-30T13:00:00Z,30.43112,-68.93945,-0.0408,-0.1674
2005-12-30T14:00:00Z,30.4251,-68.94098,-0.0428,-0.1698
2005-12-30T15:00:00Z,30.42058,-68.94314,-0.0857,-0.048
2005-12-30T16:00:00Z,30.41898,-68.94687,-0.0858,-0.0352
2005-12-30T17:00:00Z,30.42157,-68.94962,-0.0814,0.0586
2005-12-30T18:00:00Z,30.42502,-68.95037,0.0128,0.1439
2005-12-30T19:00:00Z,30.43059,-68.94582,-0.0054,0.1599
2005-12-30T20:00:00Z,30.43473,-68.94727,0.039,0.1608
2005-12-30T21:00:00Z,30.4408,-68.94598,0.0506,0.1596
2005-12-30T22:00:00Z,30.44546,-68.94149,0.1199,0.1609
2005-12-30T23:00:00Z,30.45002,-68.93686,0.1191,0.1237
2005-12-31T00:00:00Z,30.45433,-68.93272,0.1193,0.1249
2005-12-31T01:00:00Z,30.45928,-68.92825,0.1191,0.129
2005-12-31T02:00:00Z,30.4646,-68.92375,0.0915,0.0638
2005-12-31T03:00:00Z,30.46479,-68.92027,0.0895,0.0838
2005-12-31T04:00:00Z,30.46734,-68.91911,0.0025,0.0628
2005-12-31T05:00:00Z,30.46989,-68.9198,0.0033,0.0634
2005-12-31T06:00:00Z,30.47273,-68.9197,-0.0037,0.0934
2005-12-31T07:00:00Z,30.47554,-68.91909,0.0258,0.0989
2005-12-31T08:00:00Z,30.47786,-68.91817,0.0204,0.0666
2005-12-31T09:00:00Z,30.47885,-68.91841,-0.0062,0.0037
2005-12-31T10:00:00Z,30.47928,-68.92061,-0.0239,0.1309
2005-12-31T11:00:00Z,30.48528,-68.92003,-0.0363,0.1131
2005-12-31T12:00:00Z,30.48842,-68.92219,-0.0606,0.1157
2005-12-31T13:00:00Z,30.49193,-68.92418,-0.0614,0.1169
2005-12-31T14:00:00Z,30.49566,-68.92551,-0.063,0.1171
2005-12-31T15:00:00Z,30.50013,-68.93028,-0.0973,0.1264
2005-12-31T16:00:00Z,30.50426,-68.93436,-0.0866,0.1819
2005-12-31T17:00:00Z,30.5112,-68.93681,-0.0757,0.1817
2005-12-31T18:00:00Z,30.51732,-68.93324,0.1235,0.1974
2005-12-31T19:00:00Z,30.52384,-68.92967,0.0415,0.2183
2005-12-31T20:00:00Z,30.53066,-68.93002,-0.0467,0.1993
2005-12-31T21:00:00Z,30.53722,-68.93362,0.0174,0.1763
2005-12-31T22:00:00Z,30.5428,-68.93261,0.0167,0.1763
2005-12-31T23:00:00Z,30.5488,-68.93175,0.05,0.1835
2006-01-01T00:00:00Z,30.55465,-68.9301,0.0496,0.1838
